ISO-10303-21;
HEADER;
FILE_DESCRIPTION (( 'STEP AP214' ),
    '1' );
FILE_NAME ('spur gear_driven.STEP',
    '2025-03-25T13:43:49',
    ( '' ),
    ( '' ),
    'SwSTEP 2.0',
    'SolidWorks 2025',
    '' );
FILE_SCHEMA (( 'AUTOMOTIVE_DESIGN' ));
ENDSEC;

DATA;
#1 = DIRECTION ( 'NONE',  ( -1.000000000000000000, -0.000000000000000000, -0.000000000000000000 ) ) ;
#2 = EDGE_LOOP ( 'NONE', ( #1894, #1083, #1885, #53 ) ) ;
#3 = ORIENTED_EDGE ( 'NONE', *, *, #156, .F. ) ;
#4 = CARTESIAN_POINT ( 'NONE',  ( 11.79999999999999893, -6.728028018200591376, 3.314157356902021512 ) ) ;
#5 = CYLINDRICAL_SURFACE ( 'NONE', #1717, 4.000000000000000000 ) ;
#6 = EDGE_CURVE ( 'NONE', #507, #1579, #1150, .T. ) ;
#7 = CARTESIAN_POINT ( 'NONE',  ( 11.79999999999999893, 0.000000000000000000, 0.000000000000000000 ) ) ;
#8 = DIRECTION ( 'NONE',  ( 0.000000000000000000, -0.8229838658936495799, -0.5680647467311658039 ) ) ;
#9 = EDGE_CURVE ( 'NONE', #1989, #649, #1010, .T. ) ;
#10 = CARTESIAN_POINT ( 'NONE',  ( 11.79999999999999893, -1.336339846557634159, 5.076041451219868605 ) ) ;
#11 = CIRCLE ( 'NONE', #441, 5.248999999999999666 ) ;
#12 = ORIENTED_EDGE ( 'NONE', *, *, #1497, .F. ) ;
#13 = VERTEX_POINT ( 'NONE', #581 ) ;
#14 = AXIS2_PLACEMENT_3D ( 'NONE', #732, #909, #1243 ) ;
#15 = AXIS2_PLACEMENT_3D ( 'NONE', #551, #385, #1712 ) ;
#16 = DIRECTION ( 'NONE',  ( -1.000000000000000000, -0.000000000000000000, -0.000000000000000000 ) ) ;
#17 = DIRECTION ( 'NONE',  ( -1.000000000000000000, -0.000000000000000000, -0.000000000000000000 ) ) ;
#18 = CIRCLE ( 'NONE', #2124, 2.600000000000000533 ) ;
#19 = EDGE_CURVE ( 'NONE', #2102, #649, #426, .T. ) ;
#20 = AXIS2_PLACEMENT_3D ( 'NONE', #1582, #633, #1931 ) ;
#21 = DIRECTION ( 'NONE',  ( -1.000000000000000000, -0.000000000000000000, 0.000000000000000000 ) ) ;
#22 = CIRCLE ( 'NONE', #1689, 5.249000000000001442 ) ;
#23 = DIRECTION ( 'NONE',  ( 0.000000000000000000, 0.000000000000000000, 1.000000000000000000 ) ) ;
#24 = EDGE_CURVE ( 'NONE', #747, #1903, #411, .T. ) ;
#25 = ORIENTED_EDGE ( 'NONE', *, *, #743, .T. ) ;
#26 = VERTEX_POINT ( 'NONE', #1914 ) ;
#27 = FACE_OUTER_BOUND ( 'NONE', #233, .T. ) ;
#28 = DIRECTION ( 'NONE',  ( -1.000000000000000000, 0.000000000000000000, 0.000000000000000000 ) ) ;
#29 = CYLINDRICAL_SURFACE ( 'NONE', #1714, 5.249000000000000554 ) ;
#30 = LINE ( 'NONE', #196, #1557 ) ;
#31 = ORIENTED_EDGE ( 'NONE', *, *, #607, .F. ) ;
#32 = VERTEX_POINT ( 'NONE', #777 ) ;
#33 = EDGE_CURVE ( 'NONE', #1828, #547, #342, .T. ) ;
#34 = DIRECTION ( 'NONE',  ( -1.000000000000000000, -0.000000000000000000, 0.000000000000000000 ) ) ;
#35 = DIRECTION ( 'NONE',  ( -1.000000000000000000, 0.000000000000000000, -0.000000000000000000 ) ) ;
#36 = DIRECTION ( 'NONE',  ( 0.000000000000000000, 0.000000000000000000, 1.000000000000000000 ) ) ;
#37 = CARTESIAN_POINT ( 'NONE',  ( 0.000000000000000000, 1.090149711768812146, -6.009930322196014529 ) ) ;
#38 = AXIS2_PLACEMENT_3D ( 'NONE', #86, #70, #636 ) ;
#39 = DIRECTION ( 'NONE',  ( 0.000000000000000000, 0.000000000000000000, 1.000000000000000000 ) ) ;
#40 = ORIENTED_EDGE ( 'NONE', *, *, #1099, .T. ) ;
#41 = VECTOR ( 'NONE', #2175, 1000.000000000000000 ) ;
#42 = EDGE_CURVE ( 'NONE', #1476, #247, #483, .T. ) ;
#43 = ORIENTED_EDGE ( 'NONE', *, *, #131, .F. ) ;
#44 = EDGE_CURVE ( 'NONE', #2041, #1917, #2066, .T. ) ;
#45 = DIRECTION ( 'NONE',  ( 1.000000000000000000, -0.000000000000000000, -0.000000000000000000 ) ) ;
#46 = DIRECTION ( 'NONE',  ( 0.000000000000000000, 0.6631226582407911962, 0.7485107481711046340 ) ) ;
#47 = DIRECTION ( 'NONE',  ( 0.000000000000000000, -0.2393156642875651496, 0.9709418174260501244 ) ) ;
#48 = LINE ( 'NONE', #2036, #927 ) ;
#49 = CARTESIAN_POINT ( 'NONE',  ( 11.79999999999999893, -1.827674251943160355, -5.828146849600199353 ) ) ;
#50 = CARTESIAN_POINT ( 'NONE',  ( 0.000000000000000000, -4.326800070397400333, -4.311205170544517351 ) ) ;
#51 = CARTESIAN_POINT ( 'NONE',  ( 11.79999999999999893, -1.827674251943241845, 5.828146849600174484 ) ) ;
#52 = AXIS2_PLACEMENT_3D ( 'NONE', #699, #387, #375 ) ;
#53 = ORIENTED_EDGE ( 'NONE', *, *, #661, .T. ) ;
#54 = CARTESIAN_POINT ( 'NONE',  ( 11.79999999999999893, -3.542224254091444813, -3.873583397027396735 ) ) ;
#55 = CARTESIAN_POINT ( 'NONE',  ( 11.79999999999999893, -7.497538669031038161, -0.1921299205857268655 ) ) ;
#56 = EDGE_CURVE ( 'NONE', #705, #1786, #449, .T. ) ;
#57 = DIRECTION ( 'NONE',  ( -1.000000000000000000, 0.000000000000000000, 0.000000000000000000 ) ) ;
#58 = ORIENTED_EDGE ( 'NONE', *, *, #946, .F. ) ;
#59 = DIRECTION ( 'NONE',  ( -1.000000000000000000, 0.000000000000000000, 0.000000000000000000 ) ) ;
#60 = EDGE_CURVE ( 'NONE', #1041, #1418, #1400, .T. ) ;
#61 = FACE_OUTER_BOUND ( 'NONE', #2079, .T. ) ;
#62 = PRODUCT ( 'spur gear_driven', 'spur gear_driven', '', ( #1920 ) ) ;
#63 = ORIENTED_EDGE ( 'NONE', *, *, #599, .F. ) ;
#64 = ORIENTED_EDGE ( 'NONE', *, *, #2141, .F. ) ;
#65 = EDGE_LOOP ( 'NONE', ( #921, #1700 ) ) ;
#66 = CYLINDRICAL_SURFACE ( 'NONE', #1916, 7.499999999999999112 ) ;
#67 = ORIENTED_EDGE ( 'NONE', *, *, #1929, .T. ) ;
#68 = FACE_OUTER_BOUND ( 'NONE', #2, .T. ) ;
#69 = ADVANCED_FACE ( 'NONE', ( #756 ), #251, .T. ) ;
#70 = DIRECTION ( 'NONE',  ( -1.000000000000000000, 0.000000000000000000, -0.000000000000000000 ) ) ;
#71 = EDGE_CURVE ( 'NONE', #1816, #659, #1645, .T. ) ;
#72 = ORIENTED_EDGE ( 'NONE', *, *, #418, .T. ) ;
#73 = AXIS2_PLACEMENT_3D ( 'NONE', #2057, #1368, #559 ) ;
#74 = DIRECTION ( 'NONE',  ( 0.000000000000000000, 0.8229838658936575735, -0.5680647467311540355 ) ) ;
#75 = ORIENTED_EDGE ( 'NONE', *, *, #1693, .F. ) ;
#76 = AXIS2_PLACEMENT_3D ( 'NONE', #2119, #1470, #1303 ) ;
#77 = ORIENTED_EDGE ( 'NONE', *, *, #1574, .T. ) ;
#78 = DIRECTION ( 'NONE',  ( 0.000000000000000000, 0.6631226582407911962, 0.7485107481711046340 ) ) ;
#79 = CARTESIAN_POINT ( 'NONE',  ( 11.79999999999999893, -4.801309747471091960, -3.775594467174644642 ) ) ;
#80 = AXIS2_PLACEMENT_3D ( 'NONE', #330, #1990, #1322 ) ;
#81 = AXIS2_PLACEMENT_3D ( 'NONE', #574, #784, #1955 ) ;
#82 = LINE ( 'NONE', #105, #2080 ) ;
#83 = ORIENTED_EDGE ( 'NONE', *, *, #1988, .T. ) ;
#84 = DIRECTION ( 'NONE',  ( 0.000000000000000000, 0.000000000000000000, 1.000000000000000000 ) ) ;
#85 = AXIS2_PLACEMENT_3D ( 'NONE', #1524, #2005, #2014 ) ;
#86 = CARTESIAN_POINT ( 'NONE',  ( 11.79999999999999893, 0.000000000000000000, 0.000000000000000000 ) ) ;
#87 = VERTEX_POINT ( 'NONE', #231 ) ;
#88 = CIRCLE ( 'NONE', #1325, 7.500000000000000000 ) ;
#89 = EDGE_CURVE ( 'NONE', #2100, #1090, #2159, .T. ) ;
#90 = EDGE_CURVE ( 'NONE', #1041, #351, #554, .T. ) ;
#91 = DIRECTION ( 'NONE',  ( 1.000000000000000000, 0.000000000000000000, 0.000000000000000000 ) ) ;
#92 = ORIENTED_EDGE ( 'NONE', *, *, #637, .F. ) ;
#93 = AXIS2_PLACEMENT_3D ( 'NONE', #316, #828, #1340 ) ;
#94 = VERTEX_POINT ( 'NONE', #163 ) ;
#95 = ORIENTED_EDGE ( 'NONE', *, *, #566, .T. ) ;
#96 = LINE ( 'NONE', #798, #121 ) ;
#97 = LINE ( 'NONE', #788, #1590 ) ;
#98 = DIRECTION ( 'NONE',  ( 0.000000000000000000, 0.9927088740980543058, -0.1205366802553197586 ) ) ;
#99 = CARTESIAN_POINT ( 'NONE',  ( 0.000000000000000000, -2.365773362115714651, 4.685628815762480137 ) ) ;
#100 = EDGE_LOOP ( 'NONE', ( #506, #476, #1868, #2033 ) ) ;
#101 = ADVANCED_FACE ( 'NONE', ( #1667 ), #5, .T. ) ;
#102 = ORIENTED_EDGE ( 'NONE', *, *, #9, .T. ) ;
#103 = EDGE_CURVE ( 'NONE', #1969, #1030, #905, .T. ) ;
#104 = FILL_AREA_STYLE_COLOUR ( '', #697 ) ;
#105 = CARTESIAN_POINT ( 'NONE',  ( 5.899999999999999467, 7.325653521105575550, 1.607731472825441932 ) ) ;
#106 = ORIENTED_EDGE ( 'NONE', *, *, #820, .F. ) ;
#107 = CYLINDRICAL_SURFACE ( 'NONE', #586, 2.600000000000000533 ) ;
#108 = PLANE ( 'NONE',  #1594 ) ;
#109 = DIRECTION ( 'NONE',  ( -1.000000000000000000, -0.000000000000000000, -0.000000000000000000 ) ) ;
#110 = DIRECTION ( 'NONE',  ( -1.000000000000000000, 0.000000000000000000, -0.000000000000000000 ) ) ;
#111 = VERTEX_POINT ( 'NONE', #1015 ) ;
#112 = CIRCLE ( 'NONE', #542, 2.600000000000000089 ) ;
#113 = ADVANCED_FACE ( 'NONE', ( #1513 ), #1284, .T. ) ;
#114 = AXIS2_PLACEMENT_3D ( 'NONE', #1514, #1016, #466 ) ;
#115 = VERTEX_POINT ( 'NONE', #1456 ) ;
#116 = EDGE_CURVE ( 'NONE', #1619, #2041, #18, .T. ) ;
#117 = VECTOR ( 'NONE', #2138, 1000.000000000000000 ) ;
#118 = ORIENTED_EDGE ( 'NONE', *, *, #1693, .T. ) ;
#119 = DIRECTION ( 'NONE',  ( 0.000000000000000000, -0.8229838658936495799, -0.5680647467311658039 ) ) ;
#120 = DIRECTION ( 'NONE',  ( -1.000000000000000000, 0.000000000000000000, 0.000000000000000000 ) ) ;
#121 = VECTOR ( 'NONE', #612, 1000.000000000000000 ) ;
#122 = DIRECTION ( 'NONE',  ( -1.000000000000000000, 0.000000000000000000, 0.000000000000000000 ) ) ;
#123 = ORIENTED_EDGE ( 'NONE', *, *, #1335, .F. ) ;
#124 = VERTEX_POINT ( 'NONE', #2024 ) ;
#125 = DIRECTION ( 'NONE',  ( 1.000000000000000000, 0.000000000000000000, 0.000000000000000000 ) ) ;
#126 = CIRCLE ( 'NONE', #595, 2.599999999999999645 ) ;
#127 = ORIENTED_EDGE ( 'NONE', *, *, #1175, .T. ) ;
#128 = CARTESIAN_POINT ( 'NONE',  ( 0.000000000000000000, 0.000000000000000000, 0.000000000000000000 ) ) ;
#129 = EDGE_CURVE ( 'NONE', #1305, #1030, #1684, .T. ) ;
#130 = CARTESIAN_POINT ( 'NONE',  ( 0.000000000000000000, 2.512284471165352251, 4.608733853884538156 ) ) ;
#131 = EDGE_CURVE ( 'NONE', #949, #2102, #228, .T. ) ;
#132 = CARTESIAN_POINT ( 'NONE',  ( 0.000000000000000000, -2.496742409789537653, 5.574402767192109920 ) ) ;
#133 = VERTEX_POINT ( 'NONE', #1703 ) ;
#134 = ORIENTED_EDGE ( 'NONE', *, *, #445, .F. ) ;
#135 = CARTESIAN_POINT ( 'NONE',  ( 5.899999999999999467, -4.417207229927547552, -6.061211123849406412 ) ) ;
#136 = EDGE_LOOP ( 'NONE', ( #496, #794, #617, #1286 ) ) ;
#137 = DIRECTION ( 'NONE',  ( -1.000000000000000000, 0.000000000000000000, 0.000000000000000000 ) ) ;
#138 = FACE_OUTER_BOUND ( 'NONE', #2049, .T. ) ;
#139 = DIRECTION ( 'NONE',  ( -1.000000000000000000, -0.000000000000000000, -0.000000000000000000 ) ) ;
#140 = DIRECTION ( 'NONE',  ( -1.000000000000000000, -0.000000000000000000, -0.000000000000000000 ) ) ;
#141 = ORIENTED_EDGE ( 'NONE', *, *, #1120, .T. ) ;
#142 = ORIENTED_EDGE ( 'NONE', *, *, #2042, .T. ) ;
#143 = DIRECTION ( 'NONE',  ( 0.000000000000000000, 0.000000000000000000, 1.000000000000000000 ) ) ;
#144 = ORIENTED_EDGE ( 'NONE', *, *, #1331, .T. ) ;
#145 = CARTESIAN_POINT ( 'NONE',  ( 11.79999999999999893, -4.326800070397400333, -4.311205170544517351 ) ) ;
#146 = CYLINDRICAL_SURFACE ( 'NONE', #1535, 4.000000000000000000 ) ;
#147 = CIRCLE ( 'NONE', #1064, 5.249000000000000554 ) ;
#148 = PRODUCT_DEFINITION_SHAPE ( 'NONE', 'NONE',  #350 ) ;
#149 = CYLINDRICAL_SURFACE ( 'NONE', #1559, 7.499999999999999112 ) ;
#150 = CARTESIAN_POINT ( 'NONE',  ( 0.000000000000000000, -4.100967580332667950, -6.279495593203357373 ) ) ;
#151 = VECTOR ( 'NONE', #45, 1000.000000000000000 ) ;
#152 = CARTESIAN_POINT ( 'NONE',  ( 14.90000000000000036, 0.000000000000000000, 0.000000000000000000 ) ) ;
#153 = AXIS2_PLACEMENT_3D ( 'NONE', #420, #1084, #1763 ) ;
#154 = CIRCLE ( 'NONE', #1565, 2.600000000000000089 ) ;
#155 = VERTEX_POINT ( 'NONE', #500 ) ;
#156 = EDGE_CURVE ( 'NONE', #283, #1569, #1072, .T. ) ;
#157 = VECTOR ( 'NONE', #1017, 1000.000000000000000 ) ;
#158 = ORIENTED_EDGE ( 'NONE', *, *, #1519, .F. ) ;
#159 = DIRECTION ( 'NONE',  ( 1.000000000000000000, 0.000000000000000000, -0.000000000000000000 ) ) ;
#160 = EDGE_CURVE ( 'NONE', #32, #852, #802, .T. ) ;
#161 = AXIS2_PLACEMENT_3D ( 'NONE', #2088, #1082, #604 ) ;
#162 = CYLINDRICAL_SURFACE ( 'NONE', #931, 2.600000000000000089 ) ;
#163 = CARTESIAN_POINT ( 'NONE',  ( 0.000000000000000000, -1.336339846557634381, 5.076041451219869494 ) ) ;
#164 = AXIS2_PLACEMENT_3D ( 'NONE', #1495, #327, #2145 ) ;
#165 = DIRECTION ( 'NONE',  ( -1.000000000000000000, -0.000000000000000000, -0.000000000000000000 ) ) ;
#166 = FACE_OUTER_BOUND ( 'NONE', #666, .T. ) ;
#167 = DIRECTION ( 'NONE',  ( -1.000000000000000000, -0.000000000000000000, -0.000000000000000000 ) ) ;
#168 = VERTEX_POINT ( 'NONE', #1323 ) ;
#169 = ADVANCED_FACE ( 'NONE', ( #1843 ), #146, .T. ) ;
#170 = ORIENTED_EDGE ( 'NONE', *, *, #340, .T. ) ;
#171 = EDGE_CURVE ( 'NONE', #608, #977, #2173, .T. ) ;
#172 = CARTESIAN_POINT ( 'NONE',  ( 11.79999999999999893, 5.484582574931884835, -5.115599083074584108 ) ) ;
#173 = CARTESIAN_POINT ( 'NONE',  ( 11.79999999999999893, 5.232810053259659533, -3.150458350498440474 ) ) ;
#174 = DIRECTION ( 'NONE',  ( 0.000000000000000000, 0.8229838658936575735, -0.5680647467311540355 ) ) ;
#175 = CARTESIAN_POINT ( 'NONE',  ( 11.79999999999999893, 0.3797985249671099184, -6.096182572081771056 ) ) ;
#176 = DIRECTION ( 'NONE',  ( 0.000000000000000000, 0.000000000000000000, 1.000000000000000000 ) ) ;
#177 = ORIENTED_EDGE ( 'NONE', *, *, #1449, .F. ) ;
#178 = ORIENTED_EDGE ( 'NONE', *, *, #1586, .F. ) ;
#179 = EDGE_CURVE ( 'NONE', #977, #1569, #1042, .T. ) ;
#180 = DIRECTION ( 'NONE',  ( 0.000000000000000000, 0.9350162426854132791, 0.3546048870425396182 ) ) ;
#181 = DIRECTION ( 'NONE',  ( -1.000000000000000000, 0.000000000000000000, -0.000000000000000000 ) ) ;
#182 = AXIS2_PLACEMENT_3D ( 'NONE', #132, #481, #1566 ) ;
#183 = EDGE_CURVE ( 'NONE', #1828, #247, #1791, .T. ) ;
#184 = DIRECTION ( 'NONE',  ( 0.000000000000000000, 0.9927088740980543058, -0.1205366802553197586 ) ) ;
#185 = CARTESIAN_POINT ( 'NONE',  ( 14.90000000000000036, 0.000000000000000000, 0.000000000000000000 ) ) ;
#186 = CIRCLE ( 'NONE', #2083, 2.600000000000000089 ) ;
#187 = ORIENTED_EDGE ( 'NONE', *, *, #1921, .F. ) ;
#188 = VECTOR ( 'NONE', #1610, 1000.000000000000000 ) ;
#189 = ORIENTED_EDGE ( 'NONE', *, *, #716, .T. ) ;
#190 = DIRECTION ( 'NONE',  ( -1.000000000000000000, -0.000000000000000000, 0.000000000000000000 ) ) ;
#191 = DIRECTION ( 'NONE',  ( -1.000000000000000000, -0.000000000000000000, -0.000000000000000000 ) ) ;
#192 = AXIS2_PLACEMENT_3D ( 'NONE', #391, #768, #1900 ) ;
#193 = PRESENTATION_LAYER_ASSIGNMENT (  '', '', ( #303 ) ) ;
#194 = FACE_OUTER_BOUND ( 'NONE', #786, .T. ) ;
#195 = EDGE_CURVE ( 'NONE', #1692, #1653, #88, .T. ) ;
#196 = CARTESIAN_POINT ( 'NONE',  ( 5.899999999999999467, 7.233694121956620648, 1.980825421376196882 ) ) ;
#197 = ADVANCED_FACE ( 'NONE', ( #685 ), #491, .T. ) ;
#198 = VERTEX_POINT ( 'NONE', #789 ) ;
#199 = VERTEX_POINT ( 'NONE', #319 ) ;
#200 = DIRECTION ( 'NONE',  ( 0.000000000000000000, 0.000000000000000000, 1.000000000000000000 ) ) ;
#201 = CARTESIAN_POINT ( 'NONE',  ( 14.90000000000000036, 0.000000000000000000, 0.000000000000000000 ) ) ;
#202 = CARTESIAN_POINT ( 'NONE',  ( 11.79999999999999893, -5.200109362712490579, -0.7147472391201575848 ) ) ;
#203 = CARTESIAN_POINT ( 'NONE',  ( 11.79999999999999893, -2.496742409789537653, 5.574402767192109920 ) ) ;
#204 = EDGE_CURVE ( 'NONE', #1139, #1596, #1215, .T. ) ;
#205 = CARTESIAN_POINT ( 'NONE',  ( 11.79999999999999893, 6.097514190792873379, -0.3577842433649591203 ) ) ;
#206 = ORIENTED_EDGE ( 'NONE', *, *, #1949, .T. ) ;
#207 = ORIENTED_EDGE ( 'NONE', *, *, #879, .T. ) ;
#208 = DIRECTION ( 'NONE',  ( 0.000000000000000000, 0.000000000000000000, -1.000000000000000000 ) ) ;
#209 = DIRECTION ( 'NONE',  ( -1.000000000000000000, 0.000000000000000000, 0.000000000000000000 ) ) ;
#210 = CARTESIAN_POINT ( 'NONE',  ( -10.00000000000000000, 0.000000000000000000, 0.000000000000000000 ) ) ;
#211 = CARTESIAN_POINT ( 'NONE',  ( 0.000000000000000000, 2.479019256375311286, 7.078450644492789046 ) ) ;
#212 = CIRCLE ( 'NONE', #577, 2.599999999999999201 ) ;
#213 = AXIS2_PLACEMENT_3D ( 'NONE', #1848, #1480, #1827 ) ;
#214 = DIRECTION ( 'NONE',  ( 0.000000000000000000, 0.000000000000000000, 1.000000000000000000 ) ) ;
#215 = DIRECTION ( 'NONE',  ( -1.000000000000000000, -0.000000000000000000, -0.000000000000000000 ) ) ;
#216 = CIRCLE ( 'NONE', #1416, 2.600000000000000089 ) ;
#217 = AXIS2_PLACEMENT_3D ( 'NONE', #1822, #1842, #1647 ) ;
#218 = ORIENTED_EDGE ( 'NONE', *, *, #33, .F. ) ;
#219 = EDGE_CURVE ( 'NONE', #920, #2100, #1181, .T. ) ;
#220 = DIRECTION ( 'NONE',  ( -1.000000000000000000, 0.000000000000000000, -0.000000000000000000 ) ) ;
#221 = DIRECTION ( 'NONE',  ( -1.000000000000000000, 0.000000000000000000, 0.000000000000000000 ) ) ;
#222 = ADVANCED_FACE ( 'NONE', ( #1374 ), #563, .T. ) ;
#223 = CARTESIAN_POINT ( 'NONE',  ( 0.000000000000000000, 0.000000000000000000, 0.000000000000000000 ) ) ;
#224 = CIRCLE ( 'NONE', #1320, 2.600000000000000089 ) ;
#225 = DIRECTION ( 'NONE',  ( -1.000000000000000000, -0.000000000000000000, -0.000000000000000000 ) ) ;
#226 = ORIENTED_EDGE ( 'NONE', *, *, #758, .T. ) ;
#227 = CARTESIAN_POINT ( 'NONE',  ( 0.000000000000000000, 1.175683915181686690, -5.115639581868827612 ) ) ;
#228 = CIRCLE ( 'NONE', #1464, 2.600000000000000533 ) ;
#229 = AXIS2_PLACEMENT_3D ( 'NONE', #79, #1787, #272 ) ;
#230 = CARTESIAN_POINT ( 'NONE',  ( 0.000000000000000000, -4.417207229927632817, 6.061211123849343352 ) ) ;
#231 = CARTESIAN_POINT ( 'NONE',  ( 0.000000000000000000, -6.549453565922410014, 3.654402548683738150 ) ) ;
#232 = AXIS2_PLACEMENT_3D ( 'NONE', #467, #1626, #2122 ) ;
#233 = EDGE_LOOP ( 'NONE', ( #357, #177, #141, #170 ) ) ;
#234 = EDGE_CURVE ( 'NONE', #338, #691, #2070, .T. ) ;
#235 = VERTEX_POINT ( 'NONE', #1063 ) ;
#236 = CARTESIAN_POINT ( 'NONE',  ( 0.000000000000000000, -5.200109362712501238, 0.7147472391200841990 ) ) ;
#237 = CARTESIAN_POINT ( 'NONE',  ( 11.79999999999999893, -4.936627773442866740, -1.783734068316385590 ) ) ;
#238 = ORIENTED_EDGE ( 'NONE', *, *, #1409, .F. ) ;
#239 = DIRECTION ( 'NONE',  ( 1.000000000000000000, -0.000000000000000000, -0.000000000000000000 ) ) ;
#240 = CARTESIAN_POINT ( 'NONE',  ( 11.79999999999999893, -1.094457498396095740, 7.419714467835304639 ) ) ;
#241 = DIRECTION ( 'NONE',  ( 1.000000000000000000, -0.000000000000000000, 0.000000000000000000 ) ) ;
#242 = EDGE_LOOP ( 'NONE', ( #1676, #371, #947, #1237 ) ) ;
#243 = VERTEX_POINT ( 'NONE', #237 ) ;
#244 = APPLICATION_PROTOCOL_DEFINITION ( 'draft international standard', 'automotive_design', 1998, #1457 ) ;
#245 = DIRECTION ( 'NONE',  ( -1.000000000000000000, 0.000000000000000000, 0.000000000000000000 ) ) ;
#246 = EDGE_CURVE ( 'NONE', #1711, #283, #738, .T. ) ;
#247 = VERTEX_POINT ( 'NONE', #573 ) ;
#248 = DIRECTION ( 'NONE',  ( -1.000000000000000000, -0.000000000000000000, 0.000000000000000000 ) ) ;
#249 = EDGE_CURVE ( 'NONE', #133, #198, #730, .T. ) ;
#250 = DIRECTION ( 'NONE',  ( 0.000000000000000000, 0.000000000000000000, 1.000000000000000000 ) ) ;
#251 = CYLINDRICAL_SURFACE ( 'NONE', #1503, 7.499999999999999112 ) ;
#252 = CIRCLE ( 'NONE', #824, 7.499999999999998224 ) ;
#253 = LINE ( 'NONE', #1138, #700 ) ;
#254 = EDGE_LOOP ( 'NONE', ( #564, #1321, #206, #403 ) ) ;
#255 = CIRCLE ( 'NONE', #1380, 7.500000000000000000 ) ;
#256 = ORIENTED_EDGE ( 'NONE', *, *, #1281, .F. ) ;
#257 = CARTESIAN_POINT ( 'NONE',  ( 11.79999999999999893, -3.542224254091498992, 3.873583397027346553 ) ) ;
#258 = CIRCLE ( 'NONE', #1420, 4.000000000000000000 ) ;
#259 = CARTESIAN_POINT ( 'NONE',  ( 0.000000000000000000, -6.728028018200546079, -3.314157356902114770 ) ) ;
#260 = ORIENTED_EDGE ( 'NONE', *, *, #1011, .T. ) ;
#261 = CARTESIAN_POINT ( 'NONE',  ( 11.79999999999999893, -5.834708136317056315, 0.7933816574283709677 ) ) ;
#262 = VECTOR ( 'NONE', #1113, 1000.000000000000000 ) ;
#263 = DIRECTION ( 'NONE',  ( -1.000000000000000000, -0.000000000000000000, -0.000000000000000000 ) ) ;
#264 = EDGE_CURVE ( 'NONE', #712, #94, #1889, .T. ) ;
#265 = ORIENTED_EDGE ( 'NONE', *, *, #1571, .T. ) ;
#266 = AXIS2_PLACEMENT_3D ( 'NONE', #331, #1354, #1334 ) ;
#267 = DIRECTION ( 'NONE',  ( 0.000000000000000000, 0.000000000000000000, -1.000000000000000000 ) ) ;
#268 = ADVANCED_FACE ( 'NONE', ( #1544 ), #1881, .T. ) ;
#269 = ORIENTED_EDGE ( 'NONE', *, *, #473, .T. ) ;
#270 = AXIS2_PLACEMENT_3D ( 'NONE', #474, #1972, #1179 ) ;
#271 = VERTEX_POINT ( 'NONE', #202 ) ;
#272 = DIRECTION ( 'NONE',  ( 0.000000000000000000, -0.9350162426854181641, 0.3546048870425267396 ) ) ;
#273 = CARTESIAN_POINT ( 'NONE',  ( 14.90000000000000036, 0.000000000000000000, 0.000000000000000000 ) ) ;
#274 = ORIENTED_EDGE ( 'NONE', *, *, #195, .T. ) ;
#275 = CYLINDRICAL_SURFACE ( 'NONE', #1746, 5.249000000000000554 ) ;
#276 = DIRECTION ( 'NONE',  ( -1.000000000000000000, 0.000000000000000000, 0.000000000000000000 ) ) ;
#277 = DIRECTION ( 'NONE',  ( 0.000000000000000000, 0.8229838658936574625, -0.5680647467311540355 ) ) ;
#278 = CARTESIAN_POINT ( 'NONE',  ( -10.00000000000000000, 0.000000000000000000, 0.000000000000000000 ) ) ;
#279 = ORIENTED_EDGE ( 'NONE', *, *, #1984, .F. ) ;
#280 = EDGE_CURVE ( 'NONE', #437, #747, #939, .T. ) ;
#281 = LINE ( 'NONE', #463, #1012 ) ;
#282 = DIRECTION ( 'NONE',  ( 0.000000000000000000, 0.000000000000000000, -1.000000000000000000 ) ) ;
#283 = VERTEX_POINT ( 'NONE', #2044 ) ;
#284 = DIRECTION ( 'NONE',  ( -1.000000000000000000, 0.000000000000000000, 0.000000000000000000 ) ) ;
#285 = DIRECTION ( 'NONE',  ( -1.000000000000000000, 0.000000000000000000, 0.000000000000000000 ) ) ;
#286 = CARTESIAN_POINT ( 'NONE',  ( 5.899999999999999467, 2.838308449282338497, -6.942190226919201734 ) ) ;
#287 = VERTEX_POINT ( 'NONE', #1076 ) ;
#288 = AXIS2_PLACEMENT_3D ( 'NONE', #744, #887, #39 ) ;
#289 = AXIS2_PLACEMENT_3D ( 'NONE', #492, #1161, #1835 ) ;
#290 = EDGE_CURVE ( 'NONE', #1903, #1549, #2026, .T. ) ;
#291 = ORIENTED_EDGE ( 'NONE', *, *, #2050, .T. ) ;
#292 = CARTESIAN_POINT ( 'NONE',  ( 11.79999999999999893, 6.097514190792873379, -0.3577842433649591203 ) ) ;
#293 = EDGE_CURVE ( 'NONE', #1874, #1298, #1505, .T. ) ;
#294 = CIRCLE ( 'NONE', #1529, 2.600000000000000089 ) ;
#295 = ORIENTED_EDGE ( 'NONE', *, *, #1075, .T. ) ;
#296 = DIRECTION ( 'NONE',  ( 0.000000000000000000, 0.000000000000000000, 1.000000000000000000 ) ) ;
#297 = DIRECTION ( 'NONE',  ( 0.000000000000000000, 0.000000000000000000, 1.000000000000000000 ) ) ;
#298 = CIRCLE ( 'NONE', #1387, 5.248999999999999666 ) ;
#299 = AXIS2_PLACEMENT_3D ( 'NONE', #1888, #1054, #180 ) ;
#300 = CYLINDRICAL_SURFACE ( 'NONE', #1750, 2.600000000000000089 ) ;
#301 = ORIENTED_EDGE ( 'NONE', *, *, #179, .T. ) ;
#302 = AXIS2_PLACEMENT_3D ( 'NONE', #856, #1521, #668 ) ;
#303 = STYLED_ITEM ( 'NONE', ( #1463 ), #422 ) ;
#304 = ORIENTED_EDGE ( 'NONE', *, *, #1511, .F. ) ;
#305 = FACE_OUTER_BOUND ( 'NONE', #1634, .T. ) ;
#306 = VECTOR ( 'NONE', #1968, 1000.000000000000000 ) ;
#307 = EDGE_CURVE ( 'NONE', #1983, #1460, #1907, .T. ) ;
#308 = ORIENTED_EDGE ( 'NONE', *, *, #1051, .T. ) ;
#309 = DIRECTION ( 'NONE',  ( 0.000000000000000000, 0.000000000000000000, 1.000000000000000000 ) ) ;
#310 = EDGE_CURVE ( 'NONE', #673, #920, #1992, .T. ) ;
#311 = CARTESIAN_POINT ( 'NONE',  ( 0.000000000000000000, 0.3797985249670227659, 6.096182572081777273 ) ) ;
#312 = CARTESIAN_POINT ( 'NONE',  ( 0.000000000000000000, 0.3797985249671099184, -6.096182572081771056 ) ) ;
#313 = DIRECTION ( 'NONE',  ( 0.000000000000000000, 0.000000000000000000, 1.000000000000000000 ) ) ;
#314 = VERTEX_POINT ( 'NONE', #1220 ) ;
#315 = ORIENTED_EDGE ( 'NONE', *, *, #129, .F. ) ;
#316 = CARTESIAN_POINT ( 'NONE',  ( 11.79999999999999893, -4.326800070397459841, 4.311205170544456955 ) ) ;
#317 = ORIENTED_EDGE ( 'NONE', *, *, #2016, .F. ) ;
#318 = DIRECTION ( 'NONE',  ( -1.000000000000000000, 0.000000000000000000, 0.000000000000000000 ) ) ;
#319 = CARTESIAN_POINT ( 'NONE',  ( 11.79999999999999893, -2.365773362115649814, -4.685628815762513888 ) ) ;
#320 = FACE_OUTER_BOUND ( 'NONE', #1129, .T. ) ;
#321 = DIRECTION ( 'NONE',  ( 1.000000000000000000, -0.000000000000000000, -0.000000000000000000 ) ) ;
#322 = ADVANCED_FACE ( 'NONE', ( #1552 ), #2035, .T. ) ;
#323 = CARTESIAN_POINT ( 'NONE',  ( 11.79999999999999893, 1.175683915181614303, 5.115639581868842711 ) ) ;
#324 = EDGE_CURVE ( 'NONE', #1204, #1876, #1573, .T. ) ;
#325 = ORIENTED_EDGE ( 'NONE', *, *, #90, .F. ) ;
#326 = VERTEX_POINT ( 'NONE', #55 ) ;
#327 = DIRECTION ( 'NONE',  ( -1.000000000000000000, -0.000000000000000000, 0.000000000000000000 ) ) ;
#328 = VECTOR ( 'NONE', #986, 1000.000000000000000 ) ;
#329 = ORIENTED_EDGE ( 'NONE', *, *, #19, .F. ) ;
#330 = CARTESIAN_POINT ( 'NONE',  ( 11.79999999999999893, 0.000000000000000000, 0.000000000000000000 ) ) ;
#331 = CARTESIAN_POINT ( 'NONE',  ( 11.79999999999999893, 0.000000000000000000, 0.000000000000000000 ) ) ;
#332 = AXIS2_PLACEMENT_3D ( 'NONE', #7, #1182, #2139 ) ;
#333 = DIRECTION ( 'NONE',  ( 0.000000000000000000, 0.000000000000000000, -1.000000000000000000 ) ) ;
#334 = DIRECTION ( 'NONE',  ( -1.000000000000000000, 0.000000000000000000, 0.000000000000000000 ) ) ;
#335 = ADVANCED_FACE ( 'NONE', ( #1055 ), #1732, .T. ) ;
#336 = CARTESIAN_POINT ( 'NONE',  ( 0.000000000000000000, 0.000000000000000000, 0.000000000000000000 ) ) ;
#337 = AXIS2_PLACEMENT_3D ( 'NONE', #1437, #139, #2140 ) ;
#338 = VERTEX_POINT ( 'NONE', #553 ) ;
#339 = ORIENTED_EDGE ( 'NONE', *, *, #503, .F. ) ;
#340 = EDGE_CURVE ( 'NONE', #13, #1361, #1035, .T. ) ;
#341 = VERTEX_POINT ( 'NONE', #1383 ) ;
#342 = CIRCLE ( 'NONE', #1357, 7.500000000000000000 ) ;
#343 = CARTESIAN_POINT ( 'NONE',  ( 0.000000000000000000, -7.497538669031037273, -0.1921299205857273096 ) ) ;
#344 = DIRECTION ( 'NONE',  ( 0.000000000000000000, 0.000000000000000000, 1.000000000000000000 ) ) ;
#345 = VECTOR ( 'NONE', #1199, 1000.000000000000000 ) ;
#346 = CYLINDRICAL_SURFACE ( 'NONE', #114, 7.499999999999999112 ) ;
#347 = CARTESIAN_POINT ( 'NONE',  ( 11.79999999999999893, 6.097514190792873379, 2.242215756635040691 ) ) ;
#348 = CARTESIAN_POINT ( 'NONE',  ( 0.000000000000000000, 0.000000000000000000, 0.000000000000000000 ) ) ;
#349 = EDGE_LOOP ( 'NONE', ( #304, #919, #1427, #1481 ) ) ;
#350 = PRODUCT_DEFINITION ( 'UNKNOWN', '', #1947, #631 ) ;
#351 = VERTEX_POINT ( 'NONE', #1110 ) ;
#352 = EDGE_CURVE ( 'NONE', #649, #977, #2091, .T. ) ;
#353 = CYLINDRICAL_SURFACE ( 'NONE', #1877, 5.249000000000000554 ) ;
#354 = CARTESIAN_POINT ( 'NONE',  ( 0.000000000000000000, 5.565351310227383053, -2.516853922155805723 ) ) ;
#355 = CARTESIAN_POINT ( 'NONE',  ( 0.000000000000000000, -4.936627773442891609, 1.783734068316316534 ) ) ;
#356 = DIRECTION ( 'NONE',  ( 0.000000000000000000, 0.2393156642875516049, 0.9709418174260535661 ) ) ;
#357 = ORIENTED_EDGE ( 'NONE', *, *, #555, .F. ) ;
#358 = ORIENTED_EDGE ( 'NONE', *, *, #433, .T. ) ;
#359 = ORIENTED_EDGE ( 'NONE', *, *, #785, .F. ) ;
#360 = EDGE_CURVE ( 'NONE', #199, #1983, #1648, .T. ) ;
#361 = DIRECTION ( 'NONE',  ( -1.000000000000000000, -0.000000000000000000, 0.000000000000000000 ) ) ;
#362 = DIRECTION ( 'NONE',  ( -1.000000000000000000, -0.000000000000000000, -0.000000000000000000 ) ) ;
#363 = AXIS2_PLACEMENT_3D ( 'NONE', #1899, #1546, #1536 ) ;
#364 = ADVANCED_FACE ( 'NONE', ( #1798 ), #440, .T. ) ;
#365 = UNCERTAINTY_MEASURE_WITH_UNIT (LENGTH_MEASURE( 1.000000000000000082E-05 ), #903, 'distance_accuracy_value', 'NONE');
#366 = LINE ( 'NONE', #1725, #1852 ) ;
#367 = CIRCLE ( 'NONE', #368, 2.600000000000000089 ) ;
#368 = AXIS2_PLACEMENT_3D ( 'NONE', #936, #1417, #1595 ) ;
#369 = CARTESIAN_POINT ( 'NONE',  ( 0.000000000000000000, 0.000000000000000000, 0.000000000000000000 ) ) ;
#370 = AXIS2_PLACEMENT_3D ( 'NONE', #1862, #16, #523 ) ;
#371 = ORIENTED_EDGE ( 'NONE', *, *, #531, .F. ) ;
#372 = CIRCLE ( 'NONE', #584, 2.600000000000000533 ) ;
#373 = ORIENTED_EDGE ( 'NONE', *, *, #1860, .T. ) ;
#374 = DIRECTION ( 'NONE',  ( 0.000000000000000000, 0.4647231720437696167, -0.8854560256532093554 ) ) ;
#375 = DIRECTION ( 'NONE',  ( 0.000000000000000000, 0.000000000000000000, -1.000000000000000000 ) ) ;
#376 = EDGE_CURVE ( 'NONE', #2067, #124, #454, .T. ) ;
#377 = AXIS2_PLACEMENT_3D ( 'NONE', #1117, #1695, #1025 ) ;
#378 = VECTOR ( 'NONE', #1085, 1000.000000000000000 ) ;
#379 = CARTESIAN_POINT ( 'NONE',  ( 0.000000000000000000, 5.565351310227347525, 2.516853922155884771 ) ) ;
#380 = EDGE_CURVE ( 'NONE', #1298, #1526, #1570, .T. ) ;
#381 = AXIS2_PLACEMENT_3D ( 'NONE', #1308, #1142, #143 ) ;
#382 = CARTESIAN_POINT ( 'NONE',  ( -2.899999999999999911, 0.000000000000000000, 0.000000000000000000 ) ) ;
#383 = ORIENTED_EDGE ( 'NONE', *, *, #1574, .F. ) ;
#384 = ORIENTED_EDGE ( 'NONE', *, *, #1170, .T. ) ;
#385 = DIRECTION ( 'NONE',  ( -1.000000000000000000, 0.000000000000000000, 0.000000000000000000 ) ) ;
#386 = LINE ( 'NONE', #1906, #1813 ) ;
#387 = DIRECTION ( 'NONE',  ( 1.000000000000000000, 0.000000000000000000, 0.000000000000000000 ) ) ;
#388 = DIRECTION ( 'NONE',  ( -1.000000000000000000, -0.000000000000000000, 0.000000000000000000 ) ) ;
#389 = CARTESIAN_POINT ( 'NONE',  ( 0.000000000000000000, 0.000000000000000000, 0.000000000000000000 ) ) ;
#390 = EDGE_CURVE ( 'NONE', #235, #115, #1954, .T. ) ;
#391 = CARTESIAN_POINT ( 'NONE',  ( 0.000000000000000000, -5.834708136317082072, 1.806618342571547631 ) ) ;
#392 = EDGE_CURVE ( 'NONE', #155, #2031, #1077, .T. ) ;
#393 = ORIENTED_EDGE ( 'NONE', *, *, #390, .F. ) ;
#394 = CYLINDRICAL_SURFACE ( 'NONE', #2019, 5.249000000000000554 ) ;
#395 = CARTESIAN_POINT ( 'NONE',  ( 5.899999999999998579, -1.094457498395992490, -7.419714467835319738 ) ) ;
#396 = ORIENTED_EDGE ( 'NONE', *, *, #1999, .T. ) ;
#397 = DIRECTION ( 'NONE',  ( 0.000000000000000000, 0.000000000000000000, 1.000000000000000000 ) ) ;
#398 = CIRCLE ( 'NONE', #288, 7.500000000000000000 ) ;
#399 = AXIS2_PLACEMENT_3D ( 'NONE', #1658, #1344, #2013 ) ;
#400 = CARTESIAN_POINT ( 'NONE',  ( 11.79999999999999893, -6.005954884062090215, 3.711842975573189207 ) ) ;
#401 = DIRECTION ( 'NONE',  ( -1.000000000000000000, -0.000000000000000000, -0.000000000000000000 ) ) ;
#402 = EDGE_CURVE ( 'NONE', #326, #1903, #281, .T. ) ;
#403 = ORIENTED_EDGE ( 'NONE', *, *, #416, .T. ) ;
#404 = ADVANCED_FACE ( 'NONE', ( #948 ), #66, .T. ) ;
#405 = CARTESIAN_POINT ( 'NONE',  ( 11.79999999999999893, -5.834708136317056315, -1.806618342571628899 ) ) ;
#406 = DIRECTION ( 'NONE',  ( -1.000000000000000000, 0.000000000000000000, -0.000000000000000000 ) ) ;
#407 = VECTOR ( 'NONE', #21, 1000.000000000000000 ) ;
#408 = CARTESIAN_POINT ( 'NONE',  ( 11.79999999999999893, 7.233694121956650847, -1.980825421376096740 ) ) ;
#409 = ORIENTED_EDGE ( 'NONE', *, *, #445, .T. ) ;
#410 = LINE ( 'NONE', #886, #480 ) ;
#411 = CIRCLE ( 'NONE', #192, 2.599999999999999645 ) ;
#412 = VECTOR ( 'NONE', #717, 1000.000000000000000 ) ;
#413 = DIRECTION ( 'NONE',  ( 0.000000000000000000, -0.9927088740980526405, -0.1205366802553337752 ) ) ;
#414 = CARTESIAN_POINT ( 'NONE',  ( 0.000000000000000000, -4.326800070397459841, 4.311205170544456955 ) ) ;
#415 = VECTOR ( 'NONE', #497, 1000.000000000000000 ) ;
#416 = EDGE_CURVE ( 'NONE', #705, #314, #1094, .T. ) ;
#417 = ORIENTED_EDGE ( 'NONE', *, *, #60, .F. ) ;
#418 = EDGE_CURVE ( 'NONE', #1795, #1305, #958, .T. ) ;
#419 = VERTEX_POINT ( 'NONE', #2082 ) ;
#420 = CARTESIAN_POINT ( 'NONE',  ( 0.000000000000000000, 0.000000000000000000, 0.000000000000000000 ) ) ;
#421 = CARTESIAN_POINT ( 'NONE',  ( -10.00000000000000000, 0.000000000000000000, 0.000000000000000000 ) ) ;
#422 = MANIFOLD_SOLID_BREP ( 'Boss-Extrude1', #2089 ) ;
#423 = ORIENTED_EDGE ( 'NONE', *, *, #1207, .T. ) ;
#424 = DIRECTION ( 'NONE',  ( -1.000000000000000000, 0.000000000000000000, -0.000000000000000000 ) ) ;
#425 = CARTESIAN_POINT ( 'NONE',  ( -2.899999999999999911, 4.898587196589412829E-16, -4.000000000000000000 ) ) ;
#426 = LINE ( 'NONE', #1247, #627 ) ;
#427 = CARTESIAN_POINT ( 'NONE',  ( 11.80000000000000071, 0.000000000000000000, 4.000000000000000000 ) ) ;
#428 = ORIENTED_EDGE ( 'NONE', *, *, #743, .F. ) ;
#429 = ORIENTED_EDGE ( 'NONE', *, *, #1752, .T. ) ;
#430 = CARTESIAN_POINT ( 'NONE',  ( 11.79999999999999893, 2.512284471165419308, -4.608733853884501741 ) ) ;
#431 = ORIENTED_EDGE ( 'NONE', *, *, #994, .F. ) ;
#432 = DIRECTION ( 'NONE',  ( -1.000000000000000000, 0.000000000000000000, -0.000000000000000000 ) ) ;
#433 = EDGE_CURVE ( 'NONE', #1338, #1979, #773, .T. ) ;
#434 = CARTESIAN_POINT ( 'NONE',  ( 0.000000000000000000, 0.000000000000000000, 0.000000000000000000 ) ) ;
#435 = EDGE_LOOP ( 'NONE', ( #1809, #25, #2060, #680 ) ) ;
#436 = CARTESIAN_POINT ( 'NONE',  ( 0.000000000000000000, 4.898587196589412829E-16, -4.000000000000000000 ) ) ;
#437 = VERTEX_POINT ( 'NONE', #609 ) ;
#438 = CIRCLE ( 'NONE', #2115, 7.500000000000000000 ) ;
#439 = ORIENTED_EDGE ( 'NONE', *, *, #503, .T. ) ;
#440 = CYLINDRICAL_SURFACE ( 'NONE', #1189, 2.600000000000000089 ) ;
#441 = AXIS2_PLACEMENT_3D ( 'NONE', #706, #220, #374 ) ;
#442 = CARTESIAN_POINT ( 'NONE',  ( -2.899999999999999911, 0.000000000000000000, 0.000000000000000000 ) ) ;
#443 = VERTEX_POINT ( 'NONE', #2114 ) ;
#444 = CARTESIAN_POINT ( 'NONE',  ( 0.000000000000000000, 1.090149711768729324, 6.009930322196029628 ) ) ;
#445 = EDGE_CURVE ( 'NONE', #198, #111, #1886, .T. ) ;
#446 = AXIS2_PLACEMENT_3D ( 'NONE', #1452, #2117, #84 ) ;
#447 = CARTESIAN_POINT ( 'NONE',  ( 0.000000000000000000, 7.325653521105574661, -1.607731472825441044 ) ) ;
#448 = CARTESIAN_POINT ( 'NONE',  ( 5.899999999999999467, 7.325653521105575550, -1.607731472825441932 ) ) ;
#449 = CIRCLE ( 'NONE', #841, 2.599999999999999645 ) ;
#450 = CARTESIAN_POINT ( 'NONE',  ( 0.000000000000000000, -6.005954884062090215, 1.111842975573189563 ) ) ;
#451 = ORIENTED_EDGE ( 'NONE', *, *, #1806, .T. ) ;
#452 = AXIS2_PLACEMENT_3D ( 'NONE', #2009, #1819, #816 ) ;
#453 = EDGE_LOOP ( 'NONE', ( #1547, #634, #1268, #1956 ) ) ;
#454 = LINE ( 'NONE', #430, #1467 ) ;
#455 = ORIENTED_EDGE ( 'NONE', *, *, #1970, .T. ) ;
#456 = CARTESIAN_POINT ( 'NONE',  ( 11.79999999999999893, 3.418372660479925607, -3.983306334451744757 ) ) ;
#457 = CARTESIAN_POINT ( 'NONE',  ( 11.79999999999999893, 0.000000000000000000, 0.000000000000000000 ) ) ;
#458 = ADVANCED_FACE ( 'NONE', ( #1664 ), #1654, .T. ) ;
#459 = CARTESIAN_POINT ( 'NONE',  ( 11.79999999999999893, -5.200109362712501238, 0.7147472391200841990 ) ) ;
#460 = ORIENTED_EDGE ( 'NONE', *, *, #1306, .T. ) ;
#461 = ADVANCED_FACE ( 'NONE', ( #1643 ), #641, .T. ) ;
#462 = ORIENTED_EDGE ( 'NONE', *, *, #131, .T. ) ;
#463 = CARTESIAN_POINT ( 'NONE',  ( 5.899999999999999467, -7.497538669031037273, -0.1921299205857273096 ) ) ;
#464 = ORIENTED_EDGE ( 'NONE', *, *, #1497, .T. ) ;
#465 = DIRECTION ( 'NONE',  ( 0.000000000000000000, 0.4647231720437696167, -0.8854560256532093554 ) ) ;
#466 = DIRECTION ( 'NONE',  ( 0.000000000000000000, 0.000000000000000000, 1.000000000000000000 ) ) ;
#467 = CARTESIAN_POINT ( 'NONE',  ( 11.79999999999999893, 0.000000000000000000, 0.000000000000000000 ) ) ;
#468 = ORIENTED_EDGE ( 'NONE', *, *, #1751, .T. ) ;
#469 = ADVANCED_FACE ( 'NONE', ( #1510 ), #2171, .T. ) ;
#470 = CIRCLE ( 'NONE', #863, 2.600000000000000089 ) ;
#471 = CIRCLE ( 'NONE', #289, 7.500000000000000000 ) ;
#472 = ORIENTED_EDGE ( 'NONE', *, *, #1343, .F. ) ;
#473 = EDGE_CURVE ( 'NONE', #2031, #912, #1677, .T. ) ;
#474 = CARTESIAN_POINT ( 'NONE',  ( 11.79999999999999893, 5.232810053259659533, -3.150458350498440474 ) ) ;
#475 = CIRCLE ( 'NONE', #370, 7.499999999999998224 ) ;
#476 = ORIENTED_EDGE ( 'NONE', *, *, #1296, .T. ) ;
#477 = CARTESIAN_POINT ( 'NONE',  ( 0.000000000000000000, 0.08273200746561956698, 5.248347970070269319 ) ) ;
#478 = DIRECTION ( 'NONE',  ( 0.000000000000000000, 0.9927088740980544168, -0.1205366802553199251 ) ) ;
#479 = CARTESIAN_POINT ( 'NONE',  ( 5.899999999999998579, -7.497538669031040826, 0.1921299205856225600 ) ) ;
#480 = VECTOR ( 'NONE', #1553, 1000.000000000000000 ) ;
#481 = DIRECTION ( 'NONE',  ( 1.000000000000000000, 0.000000000000000000, 0.000000000000000000 ) ) ;
#482 = EDGE_LOOP ( 'NONE', ( #485, #207, #703, #570 ) ) ;
#483 = CIRCLE ( 'NONE', #1114, 2.600000000000000533 ) ;
#484 = VECTOR ( 'NONE', #1404, 1000.000000000000000 ) ;
#485 = ORIENTED_EDGE ( 'NONE', *, *, #2118, .T. ) ;
#486 = CARTESIAN_POINT ( 'NONE',  ( 0.000000000000000000, 0.000000000000000000, 0.000000000000000000 ) ) ;
#487 = AXIS2_PLACEMENT_3D ( 'NONE', #1604, #91, #1936 ) ;
#488 = ADVANCED_FACE ( 'NONE', ( #305 ), #1840, .T. ) ;
#489 = ORIENTED_EDGE ( 'NONE', *, *, #1032, .T. ) ;
#490 = DIRECTION ( 'NONE',  ( -1.000000000000000000, 0.000000000000000000, 0.000000000000000000 ) ) ;
#491 = CYLINDRICAL_SURFACE ( 'NONE', #266, 5.249000000000000554 ) ;
#492 = CARTESIAN_POINT ( 'NONE',  ( 11.79999999999999893, 0.000000000000000000, 0.000000000000000000 ) ) ;
#493 = DIRECTION ( 'NONE',  ( 0.000000000000000000, 0.6631226582407911962, 0.7485107481711046340 ) ) ;
#494 = CARTESIAN_POINT ( 'NONE',  ( 0.000000000000000000, -4.272308565095999988, -3.049488567712191678 ) ) ;
#495 = EDGE_LOOP ( 'NONE', ( #1060, #31, #1788, #468 ) ) ;
#496 = ORIENTED_EDGE ( 'NONE', *, *, #982, .T. ) ;
#497 = DIRECTION ( 'NONE',  ( -1.000000000000000000, 0.000000000000000000, 0.000000000000000000 ) ) ;
#498 = ORIENTED_EDGE ( 'NONE', *, *, #264, .F. ) ;
#499 = DIRECTION ( 'NONE',  ( 0.000000000000000000, 0.6631226582407913073, 0.7485107481711046340 ) ) ;
#500 = CARTESIAN_POINT ( 'NONE',  ( 0.000000000000000000, -3.542224254091444813, -3.873583397027396735 ) ) ;
#501 = EDGE_CURVE ( 'NONE', #2154, #1476, #1363, .T. ) ;
#502 = DIRECTION ( 'NONE',  ( 0.000000000000000000, 0.9350162426854132791, 0.3546048870425396182 ) ) ;
#503 = EDGE_CURVE ( 'NONE', #1580, #198, #1394, .T. ) ;
#504 = CARTESIAN_POINT ( 'NONE',  ( 11.79999999999999893, 0.000000000000000000, 0.000000000000000000 ) ) ;
#505 = ORIENTED_EDGE ( 'NONE', *, *, #1583, .T. ) ;
#506 = ORIENTED_EDGE ( 'NONE', *, *, #1921, .T. ) ;
#507 = VERTEX_POINT ( 'NONE', #979 ) ;
#508 = AXIS2_PLACEMENT_3D ( 'NONE', #336, #167, #176 ) ;
#509 = DIRECTION ( 'NONE',  ( -1.000000000000000000, 0.000000000000000000, 0.000000000000000000 ) ) ;
#510 = AXIS2_PLACEMENT_3D ( 'NONE', #1825, #2004, #502 ) ;
#511 = LINE ( 'NONE', #2023, #1567 ) ;
#512 = DIRECTION ( 'NONE',  ( 0.000000000000000000, 0.000000000000000000, 1.000000000000000000 ) ) ;
#513 = AXIS2_PLACEMENT_3D ( 'NONE', #2097, #1802, #754 ) ;
#514 = AXIS2_PLACEMENT_3D ( 'NONE', #1034, #698, #1062 ) ;
#515 = CARTESIAN_POINT ( 'NONE',  ( 11.80000000000000071, 0.000000000000000000, 0.000000000000000000 ) ) ;
#516 = ADVANCED_FACE ( 'NONE', ( #1483 ), #1156, .T. ) ;
#517 = CARTESIAN_POINT ( 'NONE',  ( 0.000000000000000000, -7.497538669031039049, 0.1921299205856238645 ) ) ;
#518 = DIRECTION ( 'NONE',  ( -1.000000000000000000, 0.000000000000000000, -0.000000000000000000 ) ) ;
#519 = EDGE_CURVE ( 'NONE', #1596, #1692, #126, .T. ) ;
#520 = ORIENTED_EDGE ( 'NONE', *, *, #219, .T. ) ;
#521 = AXIS2_PLACEMENT_3D ( 'NONE', #709, #1407, #397 ) ;
#522 = ORIENTED_EDGE ( 'NONE', *, *, #665, .T. ) ;
#523 = DIRECTION ( 'NONE',  ( 0.000000000000000000, 0.000000000000000000, 1.000000000000000000 ) ) ;
#524 = DIRECTION ( 'NONE',  ( 1.000000000000000000, 0.000000000000000000, 0.000000000000000000 ) ) ;
#525 = CIRCLE ( 'NONE', #1611, 2.600000000000000089 ) ;
#526 = CARTESIAN_POINT ( 'NONE',  ( 11.79999999999999893, -4.936627773442866740, -1.783734068316385590 ) ) ;
#527 = ORIENTED_EDGE ( 'NONE', *, *, #418, .F. ) ;
#528 = EDGE_LOOP ( 'NONE', ( #460, #1146, #815, #711 ) ) ;
#529 = ADVANCED_FACE ( 'NONE', ( #650, #1830 ), #970, .F. ) ;
#530 = EDGE_LOOP ( 'NONE', ( #339, #652, #1053, #1818 ) ) ;
#531 = EDGE_CURVE ( 'NONE', #765, #1418, #525, .T. ) ;
#532 = CARTESIAN_POINT ( 'NONE',  ( 11.79999999999999893, -7.497538669031040826, 0.1921299205856221437 ) ) ;
#533 = DIRECTION ( 'NONE',  ( 0.000000000000000000, 0.000000000000000000, 1.000000000000000000 ) ) ;
#534 = LINE ( 'NONE', #2037, #407 ) ;
#535 = CARTESIAN_POINT ( 'NONE',  ( 0.000000000000000000, 0.000000000000000000, 4.000000000000000000 ) ) ;
#536 = ORIENTED_EDGE ( 'NONE', *, *, #1335, .T. ) ;
#537 = ORIENTED_EDGE ( 'NONE', *, *, #1210, .T. ) ;
#538 = EDGE_CURVE ( 'NONE', #1022, #341, #989, .T. ) ;
#539 = DIRECTION ( 'NONE',  ( -1.000000000000000000, 0.000000000000000000, 0.000000000000000000 ) ) ;
#540 = APPLICATION_PROTOCOL_DEFINITION ( 'draft international standard', 'automotive_design', 1998, #2125 ) ;
#541 = CARTESIAN_POINT ( 'NONE',  ( 0.000000000000000000, 0.000000000000000000, 0.000000000000000000 ) ) ;
#542 = AXIS2_PLACEMENT_3D ( 'NONE', #671, #1672, #1490 ) ;
#543 = CARTESIAN_POINT ( 'NONE',  ( 0.000000000000000000, 3.758233514242704132, 4.814911185488644385 ) ) ;
#544 = AXIS2_PLACEMENT_3D ( 'NONE', #1421, #1259, #2086 ) ;
#545 = DIRECTION ( 'NONE',  ( -1.000000000000000000, 0.000000000000000000, 0.000000000000000000 ) ) ;
#546 = VECTOR ( 'NONE', #2147, 1000.000000000000000 ) ;
#547 = VERTEX_POINT ( 'NONE', #2110 ) ;
#548 = AXIS2_PLACEMENT_3D ( 'NONE', #1326, #1659, #1355 ) ;
#549 = ORIENTED_EDGE ( 'NONE', *, *, #1729, .T. ) ;
#550 = CIRCLE ( 'NONE', #1642, 2.599999999999999645 ) ;
#551 = CARTESIAN_POINT ( 'NONE',  ( 11.79999999999999893, 0.000000000000000000, 0.000000000000000000 ) ) ;
#552 = DIRECTION ( 'NONE',  ( 0.000000000000000000, 0.2393156642875516604, 0.9709418174260535661 ) ) ;
#553 = CARTESIAN_POINT ( 'NONE',  ( 11.79999999999999893, -2.365773362115714651, 4.685628815762480137 ) ) ;
#554 = CIRCLE ( 'NONE', #1855, 7.500000000000000000 ) ;
#555 = EDGE_CURVE ( 'NONE', #1166, #1361, #1118, .T. ) ;
#556 = DIRECTION ( 'NONE',  ( -1.000000000000000000, 0.000000000000000000, 0.000000000000000000 ) ) ;
#557 = ADVANCED_FACE ( 'NONE', ( #2099 ), #300, .T. ) ;
#558 = AXIS2_PLACEMENT_3D ( 'NONE', #278, #1285, #1950 ) ;
#559 = DIRECTION ( 'NONE',  ( 0.000000000000000000, 0.000000000000000000, 1.000000000000000000 ) ) ;
#560 = ORIENTED_EDGE ( 'NONE', *, *, #713, .T. ) ;
#561 = ORIENTED_EDGE ( 'NONE', *, *, #781, .T. ) ;
#562 = DIRECTION ( 'NONE',  ( -1.000000000000000000, -0.000000000000000000, -0.000000000000000000 ) ) ;
#563 = CYLINDRICAL_SURFACE ( 'NONE', #2126, 7.499999999999999112 ) ;
#564 = ORIENTED_EDGE ( 'NONE', *, *, #1210, .F. ) ;
#565 = DIRECTION ( 'NONE',  ( 0.000000000000000000, 0.000000000000000000, 1.000000000000000000 ) ) ;
#566 = EDGE_CURVE ( 'NONE', #243, #271, #22, .T. ) ;
#567 = DIRECTION ( 'NONE',  ( -1.000000000000000000, 0.000000000000000000, 0.000000000000000000 ) ) ;
#568 = EDGE_CURVE ( 'NONE', #1797, #507, #1047, .T. ) ;
#569 = DIRECTION ( 'NONE',  ( -1.000000000000000000, -0.000000000000000000, -0.000000000000000000 ) ) ;
#570 = ORIENTED_EDGE ( 'NONE', *, *, #2018, .T. ) ;
#571 = ORIENTED_EDGE ( 'NONE', *, *, #42, .T. ) ;
#572 = DIRECTION ( 'NONE',  ( -1.000000000000000000, 0.000000000000000000, 0.000000000000000000 ) ) ;
#573 = CARTESIAN_POINT ( 'NONE',  ( 0.000000000000000000, -6.728028018200590488, 3.314157356902021512 ) ) ;
#574 = CARTESIAN_POINT ( 'NONE',  ( 11.79999999999999893, 3.169332194722112028, -5.221400416671627021 ) ) ;
#575 = ORIENTED_EDGE ( 'NONE', *, *, #2157, .T. ) ;
#576 = DIRECTION ( 'NONE',  ( -1.000000000000000000, 0.000000000000000000, -0.000000000000000000 ) ) ;
#577 = AXIS2_PLACEMENT_3D ( 'NONE', #1018, #1327, #2006 ) ;
#578 = EDGE_CURVE ( 'NONE', #1360, #111, #1434, .T. ) ;
#579 = AXIS2_PLACEMENT_3D ( 'NONE', #940, #120, #1443 ) ;
#580 = CARTESIAN_POINT ( 'NONE',  ( 11.79999999999999893, 5.220053845774029533, -0.5504896431539497703 ) ) ;
#581 = CARTESIAN_POINT ( 'NONE',  ( 11.79999999999999893, 3.418372660479867875, 3.983306334451794051 ) ) ;
#582 = EDGE_CURVE ( 'NONE', #2039, #87, #805, .T. ) ;
#583 = ORIENTED_EDGE ( 'NONE', *, *, #1103, .T. ) ;
#584 = AXIS2_PLACEMENT_3D ( 'NONE', #749, #1124, #1632 ) ;
#585 = ORIENTED_EDGE ( 'NONE', *, *, #812, .T. ) ;
#586 = AXIS2_PLACEMENT_3D ( 'NONE', #1126, #775, #961 ) ;
#587 = DIRECTION ( 'NONE',  ( -1.000000000000000000, 0.000000000000000000, 0.000000000000000000 ) ) ;
#588 =( NAMED_UNIT ( * ) PLANE_ANGLE_UNIT ( ) SI_UNIT ( $, .RADIAN. ) );
#589 = CIRCLE ( 'NONE', #793, 2.600000000000000089 ) ;
#590 = ORIENTED_EDGE ( 'NONE', *, *, #116, .T. ) ;
#591 = FACE_OUTER_BOUND ( 'NONE', #941, .T. ) ;
#592 = VECTOR ( 'NONE', #1833, 1000.000000000000000 ) ;
#593 = CARTESIAN_POINT ( 'NONE',  ( 0.000000000000000000, 5.739393982264541449, 4.827976461867387492 ) ) ;
#594 = DIRECTION ( 'NONE',  ( 0.000000000000000000, 0.000000000000000000, 1.000000000000000000 ) ) ;
#595 = AXIS2_PLACEMENT_3D ( 'NONE', #292, #674, #2158 ) ;
#596 = CARTESIAN_POINT ( 'NONE',  ( 11.79999999999999893, 0.000000000000000000, 0.000000000000000000 ) ) ;
#597 = ORIENTED_EDGE ( 'NONE', *, *, #1120, .F. ) ;
#598 = ORIENTED_EDGE ( 'NONE', *, *, #1967, .F. ) ;
#599 = EDGE_CURVE ( 'NONE', #1229, #1969, #1814, .T. ) ;
#600 = CARTESIAN_POINT ( 'NONE',  ( 0.000000000000000000, 5.232810053259659533, -3.150458350498440474 ) ) ;
#601 = ORIENTED_EDGE ( 'NONE', *, *, #1207, .F. ) ;
#602 = DIRECTION ( 'NONE',  ( 0.000000000000000000, 0.2393156642875516049, 0.9709418174260535661 ) ) ;
#603 = CARTESIAN_POINT ( 'NONE',  ( 11.79999999999999893, -6.005954884062090215, 3.711842975573189207 ) ) ;
#604 = DIRECTION ( 'NONE',  ( 0.000000000000000000, 0.000000000000000000, 1.000000000000000000 ) ) ;
#605 = DIRECTION ( 'NONE',  ( -1.000000000000000000, 0.000000000000000000, 0.000000000000000000 ) ) ;
#606 = ORIENTED_EDGE ( 'NONE', *, *, #1157, .F. ) ;
#607 = EDGE_CURVE ( 'NONE', #115, #2154, #1959, .T. ) ;
#608 = VERTEX_POINT ( 'NONE', #1803 ) ;
#609 = CARTESIAN_POINT ( 'NONE',  ( 0.000000000000000000, -4.936627773442866740, -1.783734068316385590 ) ) ;
#610 = CARTESIAN_POINT ( 'NONE',  ( 0.000000000000000000, 3.758233514242772078, -4.814911185488591094 ) ) ;
#611 = ORIENTED_EDGE ( 'NONE', *, *, #739, .T. ) ;
#612 = DIRECTION ( 'NONE',  ( -1.000000000000000000, -0.000000000000000000, 0.000000000000000000 ) ) ;
#613 = DIRECTION ( 'NONE',  ( 0.000000000000000000, 0.000000000000000000, -1.000000000000000000 ) ) ;
#614 = CARTESIAN_POINT ( 'NONE',  ( 0.000000000000000000, 3.169332194722040086, 5.221400416671670541 ) ) ;
#615 = VECTOR ( 'NONE', #276, 1000.000000000000000 ) ;
#616 = CYLINDRICAL_SURFACE ( 'NONE', #558, 7.499999999999999112 ) ;
#617 = ORIENTED_EDGE ( 'NONE', *, *, #416, .F. ) ;
#618 = ORIENTED_EDGE ( 'NONE', *, *, #519, .F. ) ;
#619 = CARTESIAN_POINT ( 'NONE',  ( 0.000000000000000000, -2.496742409789459938, -5.574402767192145447 ) ) ;
#620 = CARTESIAN_POINT ( 'NONE',  ( 0.000000000000000000, -6.549453565922358500, -3.654402548683829632 ) ) ;
#621 = ORIENTED_EDGE ( 'NONE', *, *, #568, .T. ) ;
#622 = LINE ( 'NONE', #1623, #1213 ) ;
#623 = EDGE_CURVE ( 'NONE', #1569, #1422, #253, .T. ) ;
#624 = CIRCLE ( 'NONE', #1783, 7.499999999999998224 ) ;
#625 = DIRECTION ( 'NONE',  ( -1.000000000000000000, 0.000000000000000000, 0.000000000000000000 ) ) ;
#626 = EDGE_CURVE ( 'NONE', #881, #956, #876, .T. ) ;
#627 = VECTOR ( 'NONE', #1102, 1000.000000000000000 ) ;
#628 = DIRECTION ( 'NONE',  ( 0.000000000000000000, 0.000000000000000000, -1.000000000000000000 ) ) ;
#629 = VECTOR ( 'NONE', #923, 1000.000000000000000 ) ;
#630 = VERTEX_POINT ( 'NONE', #965 ) ;
#631 = PRODUCT_DEFINITION_CONTEXT ( 'detailed design', #2125, 'design' ) ;
#632 = EDGE_LOOP ( 'NONE', ( #853, #64, #1491, #1859 ) ) ;
#633 = DIRECTION ( 'NONE',  ( -1.000000000000000000, 0.000000000000000000, -0.000000000000000000 ) ) ;
#634 = ORIENTED_EDGE ( 'NONE', *, *, #290, .F. ) ;
#635 = CYLINDRICAL_SURFACE ( 'NONE', #1144, 2.600000000000000089 ) ;
#636 = DIRECTION ( 'NONE',  ( 0.000000000000000000, 0.000000000000000000, 1.000000000000000000 ) ) ;
#637 = EDGE_CURVE ( 'NONE', #1932, #1410, #2090, .T. ) ;
#638 = CARTESIAN_POINT ( 'NONE',  ( 11.79999999999999893, 4.366302838831076727, 2.913314353037735227 ) ) ;
#639 = VERTEX_POINT ( 'NONE', #1639 ) ;
#640 = ORIENTED_EDGE ( 'NONE', *, *, #2040, .F. ) ;
#641 = CYLINDRICAL_SURFACE ( 'NONE', #270, 2.600000000000000089 ) ;
#642 = ORIENTED_EDGE ( 'NONE', *, *, #1492, .T. ) ;
#643 = DIRECTION ( 'NONE',  ( -1.000000000000000000, 0.000000000000000000, 0.000000000000000000 ) ) ;
#644 = DIRECTION ( 'NONE',  ( -1.000000000000000000, 0.000000000000000000, -0.000000000000000000 ) ) ;
#645 = DIRECTION ( 'NONE',  ( -1.000000000000000000, -0.000000000000000000, -0.000000000000000000 ) ) ;
#646 = ORIENTED_EDGE ( 'NONE', *, *, #340, .F. ) ;
#647 = ADVANCED_FACE ( 'NONE', ( #804 ), #1472, .T. ) ;
#648 = VECTOR ( 'NONE', #1696, 1000.000000000000000 ) ;
#649 = VERTEX_POINT ( 'NONE', #944 ) ;
#650 = FACE_BOUND ( 'NONE', #1426, .T. ) ;
#651 = AXIS2_PLACEMENT_3D ( 'NONE', #1477, #137, #1134 ) ;
#652 = ORIENTED_EDGE ( 'NONE', *, *, #1522, .F. ) ;
#653 = LINE ( 'NONE', #1832, #117 ) ;
#654 = DIRECTION ( 'NONE',  ( 0.000000000000000000, 0.000000000000000000, -1.000000000000000000 ) ) ;
#655 = CARTESIAN_POINT ( 'NONE',  ( 11.79999999999999893, 4.877953425118569442, 1.938445609857035068 ) ) ;
#656 = DIRECTION ( 'NONE',  ( -1.000000000000000000, 0.000000000000000000, 0.000000000000000000 ) ) ;
#657 = VECTOR ( 'NONE', #2085, 1000.000000000000000 ) ;
#658 = DIRECTION ( 'NONE',  ( -1.000000000000000000, 0.000000000000000000, 0.000000000000000000 ) ) ;
#659 = VERTEX_POINT ( 'NONE', #427 ) ;
#660 = VECTOR ( 'NONE', #241, 1000.000000000000000 ) ;
#661 = EDGE_CURVE ( 'NONE', #271, #326, #2093, .T. ) ;
#662 = ORIENTED_EDGE ( 'NONE', *, *, #376, .F. ) ;
#663 = CARTESIAN_POINT ( 'NONE',  ( 0.000000000000000000, 0.000000000000000000, 0.000000000000000000 ) ) ;
#664 = AXIS2_PLACEMENT_3D ( 'NONE', #791, #1459, #74 ) ;
#665 = EDGE_CURVE ( 'NONE', #830, #1549, #1429, .T. ) ;
#666 = EDGE_LOOP ( 'NONE', ( #2169, #871, #95, #505 ) ) ;
#667 = CYLINDRICAL_SURFACE ( 'NONE', #514, 7.499999999999999112 ) ;
#668 = DIRECTION ( 'NONE',  ( 0.000000000000000000, 0.000000000000000000, 1.000000000000000000 ) ) ;
#669 = CARTESIAN_POINT ( 'NONE',  ( 5.899999999999999467, -6.728028018200546079, -3.314157356902114326 ) ) ;
#670 = CYLINDRICAL_SURFACE ( 'NONE', #548, 5.249000000000000554 ) ;
#671 = CARTESIAN_POINT ( 'NONE',  ( 11.79999999999999893, -4.801309747471144362, 3.775594467174579361 ) ) ;
#672 = ORIENTED_EDGE ( 'NONE', *, *, #713, .F. ) ;
#673 = VERTEX_POINT ( 'NONE', #436 ) ;
#674 = DIRECTION ( 'NONE',  ( -1.000000000000000000, 0.000000000000000000, -0.000000000000000000 ) ) ;
#675 = DIRECTION ( 'NONE',  ( 1.000000000000000000, 0.000000000000000000, 0.000000000000000000 ) ) ;
#676 = CARTESIAN_POINT ( 'NONE',  ( 11.79999999999999893, 0.000000000000000000, 0.000000000000000000 ) ) ;
#677 = LINE ( 'NONE', #1812, #648 ) ;
#678 = CARTESIAN_POINT ( 'NONE',  ( 11.79999999999999893, -6.005954884062090215, 1.111842975573189563 ) ) ;
#679 = CYLINDRICAL_SURFACE ( 'NONE', #718, 7.499999999999999112 ) ;
#680 = ORIENTED_EDGE ( 'NONE', *, *, #1343, .T. ) ;
#681 = ORIENTED_EDGE ( 'NONE', *, *, #731, .T. ) ;
#682 = CIRCLE ( 'NONE', #182, 2.600000000000000089 ) ;
#683 = CIRCLE ( 'NONE', #1738, 2.600000000000000089 ) ;
#684 = CARTESIAN_POINT ( 'NONE',  ( 11.79999999999999893, -6.005954884062090215, 1.111842975573189563 ) ) ;
#685 = FACE_OUTER_BOUND ( 'NONE', #632, .T. ) ;
#686 = CIRCLE ( 'NONE', #1244, 2.600000000000000089 ) ;
#687 = CARTESIAN_POINT ( 'NONE',  ( 11.79999999999999893, 5.565351310227383053, -2.516853922155805723 ) ) ;
#688 = CARTESIAN_POINT ( 'NONE',  ( 11.79999999999999893, -2.496742409789537653, 5.574402767192109920 ) ) ;
#689 = EDGE_CURVE ( 'NONE', #1709, #630, #942, .T. ) ;
#690 = DIRECTION ( 'NONE',  ( -1.000000000000000000, -0.000000000000000000, 0.000000000000000000 ) ) ;
#691 = VERTEX_POINT ( 'NONE', #99 ) ;
#692 = ADVANCED_FACE ( 'NONE', ( #1445 ), #616, .T. ) ;
#693 = ORIENTED_EDGE ( 'NONE', *, *, #2105, .F. ) ;
#694 = CIRCLE ( 'NONE', #1598, 7.500000000000000000 ) ;
#695 = AXIS2_PLACEMENT_3D ( 'NONE', #1625, #181, #344 ) ;
#696 = ORIENTED_EDGE ( 'NONE', *, *, #9, .F. ) ;
#697 = COLOUR_RGB ( '',0.7921568627450980005, 0.8196078431372548767, 0.9333333333333333481 ) ;
#698 = DIRECTION ( 'NONE',  ( -1.000000000000000000, -0.000000000000000000, -0.000000000000000000 ) ) ;
#699 = CARTESIAN_POINT ( 'NONE',  ( 0.000000000000000000, 0.000000000000000000, 0.000000000000000000 ) ) ;
#700 = VECTOR ( 'NONE', #1272, 1000.000000000000000 ) ;
#701 = CYLINDRICAL_SURFACE ( 'NONE', #1603, 2.600000000000000089 ) ;
#702 = DIRECTION ( 'NONE',  ( -1.000000000000000000, 0.000000000000000000, 0.000000000000000000 ) ) ;
#703 = ORIENTED_EDGE ( 'NONE', *, *, #582, .T. ) ;
#704 = ADVANCED_FACE ( 'NONE', ( #1119 ), #953, .T. ) ;
#705 = VERTEX_POINT ( 'NONE', #813 ) ;
#706 = CARTESIAN_POINT ( 'NONE',  ( 0.000000000000000000, 0.000000000000000000, 0.000000000000000000 ) ) ;
#707 = DIRECTION ( 'NONE',  ( 0.000000000000000000, 0.4647231720437694502, -0.8854560256532094664 ) ) ;
#708 = DIRECTION ( 'NONE',  ( 0.000000000000000000, -0.9927088740980526405, -0.1205366802553337613 ) ) ;
#709 = CARTESIAN_POINT ( 'NONE',  ( -10.00000000000000000, 0.000000000000000000, 0.000000000000000000 ) ) ;
#710 = CYLINDRICAL_SURFACE ( 'NONE', #73, 5.249000000000000554 ) ;
#711 = ORIENTED_EDGE ( 'NONE', *, *, #1891, .F. ) ;
#712 = VERTEX_POINT ( 'NONE', #10 ) ;
#713 = EDGE_CURVE ( 'NONE', #1022, #26, #769, .T. ) ;
#714 = CARTESIAN_POINT ( 'NONE',  ( 11.79999999999999893, 0.000000000000000000, 0.000000000000000000 ) ) ;
#715 = DIRECTION ( 'NONE',  ( 0.000000000000000000, -0.2393156642875653717, 0.9709418174260501244 ) ) ;
#716 = EDGE_CURVE ( 'NONE', #507, #639, #1516, .T. ) ;
#717 = DIRECTION ( 'NONE',  ( -1.000000000000000000, 0.000000000000000000, 0.000000000000000000 ) ) ;
#718 = AXIS2_PLACEMENT_3D ( 'NONE', #1347, #1525, #1358 ) ;
#719 = CARTESIAN_POINT ( 'NONE',  ( 0.000000000000000000, 5.484582574931810228, 5.115599083074662268 ) ) ;
#720 = CARTESIAN_POINT ( 'NONE',  ( 0.000000000000000000, 3.418372660479925607, -3.983306334451744757 ) ) ;
#721 = AXIS2_PLACEMENT_3D ( 'NONE', #767, #1432, #1270 ) ;
#722 = DIRECTION ( 'NONE',  ( 1.000000000000000000, 0.000000000000000000, 0.000000000000000000 ) ) ;
#723 = AXIS2_PLACEMENT_3D ( 'NONE', #1208, #361, #2061 ) ;
#724 = ORIENTED_EDGE ( 'NONE', *, *, #160, .F. ) ;
#725 = ORIENTED_EDGE ( 'NONE', *, *, #42, .F. ) ;
#726 = AXIS2_PLACEMENT_3D ( 'NONE', #175, #859, #8 ) ;
#727 = EDGE_CURVE ( 'NONE', #1460, #2031, #1172, .T. ) ;
#728 = CARTESIAN_POINT ( 'NONE',  ( 11.79999999999999893, 0.000000000000000000, 0.000000000000000000 ) ) ;
#729 =( NAMED_UNIT ( * ) SI_UNIT ( $, .STERADIAN. ) SOLID_ANGLE_UNIT ( ) );
#730 = LINE ( 'NONE', #1724, #1362 ) ;
#731 = EDGE_CURVE ( 'NONE', #1979, #2041, #1313, .T. ) ;
#732 = CARTESIAN_POINT ( 'NONE',  ( 11.79999999999999893, 3.169332194722040086, 5.221400416671670541 ) ) ;
#733 = DIRECTION ( 'NONE',  ( -1.000000000000000000, -0.000000000000000000, -0.000000000000000000 ) ) ;
#734 = DIRECTION ( 'NONE',  ( -1.000000000000000000, 0.000000000000000000, 0.000000000000000000 ) ) ;
#735 = ORIENTED_EDGE ( 'NONE', *, *, #1836, .T. ) ;
#736 = DIRECTION ( 'NONE',  ( 0.000000000000000000, 0.000000000000000000, 1.000000000000000000 ) ) ;
#737 = DIRECTION ( 'NONE',  ( -1.000000000000000000, 0.000000000000000000, 0.000000000000000000 ) ) ;
#738 = LINE ( 'NONE', #1531, #907 ) ;
#739 = EDGE_CURVE ( 'NONE', #243, #437, #860, .T. ) ;
#740 = CARTESIAN_POINT ( 'NONE',  ( 5.899999999999999467, 5.739393982264541449, 4.827976461867389268 ) ) ;
#741 = ORIENTED_EDGE ( 'NONE', *, *, #33, .T. ) ;
#742 = DIRECTION ( 'NONE',  ( 0.000000000000000000, 0.000000000000000000, 1.000000000000000000 ) ) ;
#743 = EDGE_CURVE ( 'NONE', #1849, #338, #112, .T. ) ;
#744 = CARTESIAN_POINT ( 'NONE',  ( 11.79999999999999893, 0.000000000000000000, 0.000000000000000000 ) ) ;
#745 = CARTESIAN_POINT ( 'NONE',  ( 11.79999999999999893, 3.758233514242704132, 4.814911185488644385 ) ) ;
#746 = ORIENTED_EDGE ( 'NONE', *, *, #1586, .T. ) ;
#747 = VERTEX_POINT ( 'NONE', #1007 ) ;
#748 = DIRECTION ( 'NONE',  ( -1.000000000000000000, -0.000000000000000000, 0.000000000000000000 ) ) ;
#749 = CARTESIAN_POINT ( 'NONE',  ( 11.79999999999999893, 3.169332194722112028, -5.221400416671627021 ) ) ;
#750 = ORIENTED_EDGE ( 'NONE', *, *, #2054, .F. ) ;
#751 = CARTESIAN_POINT ( 'NONE',  ( 11.79999999999999893, -4.417207229927632817, 6.061211123849346016 ) ) ;
#752 = AXIS2_PLACEMENT_3D ( 'NONE', #1837, #837, #356 ) ;
#753 = CIRCLE ( 'NONE', #998, 7.499999999999998224 ) ;
#754 = DIRECTION ( 'NONE',  ( 0.000000000000000000, 0.000000000000000000, 1.000000000000000000 ) ) ;
#755 = ADVANCED_FACE ( 'NONE', ( #1687 ), #1661, .T. ) ;
#756 = FACE_OUTER_BOUND ( 'NONE', #1528, .T. ) ;
#757 = DIRECTION ( 'NONE',  ( 0.000000000000000000, 0.000000000000000000, 1.000000000000000000 ) ) ;
#758 = EDGE_CURVE ( 'NONE', #247, #87, #1669, .T. ) ;
#759 = CIRCLE ( 'NONE', #1105, 2.600000000000000533 ) ;
#760 = ORIENTED_EDGE ( 'NONE', *, *, #1519, .T. ) ;
#761 = ORIENTED_EDGE ( 'NONE', *, *, #1234, .F. ) ;
#762 = AXIS2_PLACEMENT_3D ( 'NONE', #37, #1230, #2045 ) ;
#763 = DIRECTION ( 'NONE',  ( 1.000000000000000000, 0.000000000000000000, 0.000000000000000000 ) ) ;
#764 = CARTESIAN_POINT ( 'NONE',  ( 11.79999999999999893, -0.7129993441056835524, -7.466031873445547085 ) ) ;
#765 = VERTEX_POINT ( 'NONE', #494 ) ;
#766 = CYLINDRICAL_SURFACE ( 'NONE', #1679, 2.600000000000000089 ) ;
#767 = CARTESIAN_POINT ( 'NONE',  ( 0.000000000000000000, 3.169332194722112028, -5.221400416671627021 ) ) ;
#768 = DIRECTION ( 'NONE',  ( -1.000000000000000000, 0.000000000000000000, 0.000000000000000000 ) ) ;
#769 = CIRCLE ( 'NONE', #2059, 7.500000000000000000 ) ;
#770 = CARTESIAN_POINT ( 'NONE',  ( 11.79999999999999893, 6.097514190792873379, -0.3577842433649591203 ) ) ;
#771 = ORIENTED_EDGE ( 'NONE', *, *, #623, .F. ) ;
#772 = ORIENTED_EDGE ( 'NONE', *, *, #1248, .T. ) ;
#773 = LINE ( 'NONE', #2103, #378 ) ;
#774 = ORIENTED_EDGE ( 'NONE', *, *, #891, .T. ) ;
#775 = DIRECTION ( 'NONE',  ( -1.000000000000000000, 0.000000000000000000, 0.000000000000000000 ) ) ;
#776 = FACE_OUTER_BOUND ( 'NONE', #1125, .T. ) ;
#777 = CARTESIAN_POINT ( 'NONE',  ( 11.79999999999999893, 2.838308449282239465, 6.942190226919241702 ) ) ;
#778 = CARTESIAN_POINT ( 'NONE',  ( 14.90000000000000036, 0.000000000000000000, 0.000000000000000000 ) ) ;
#779 = ORIENTED_EDGE ( 'NONE', *, *, #204, .F. ) ;
#780 = ADVANCED_FACE ( 'NONE', ( #1858 ), #2152, .T. ) ;
#781 = EDGE_CURVE ( 'NONE', #13, #1795, #212, .T. ) ;
#782 = ORIENTED_EDGE ( 'NONE', *, *, #785, .T. ) ;
#783 = SURFACE_STYLE_USAGE ( .BOTH. , #1593 ) ;
#784 = DIRECTION ( 'NONE',  ( -1.000000000000000000, 0.000000000000000000, -0.000000000000000000 ) ) ;
#785 = EDGE_CURVE ( 'NONE', #133, #1360, #1773, .T. ) ;
#786 = EDGE_LOOP ( 'NONE', ( #1627, #274, #123, #1962 ) ) ;
#787 = CARTESIAN_POINT ( 'NONE',  ( 0.000000000000000000, 0.000000000000000000, 0.000000000000000000 ) ) ;
#788 = CARTESIAN_POINT ( 'NONE',  ( 5.899999999999999467, -4.417207229927633705, 6.061211123849344240 ) ) ;
#789 = CARTESIAN_POINT ( 'NONE',  ( 0.000000000000000000, 0.08273200746569350783, -5.248347970070267543 ) ) ;
#790 = CIRCLE ( 'NONE', #513, 7.499999999999998224 ) ;
#791 = CARTESIAN_POINT ( 'NONE',  ( 0.000000000000000000, 0.000000000000000000, 0.000000000000000000 ) ) ;
#792 = ORIENTED_EDGE ( 'NONE', *, *, #1370, .T. ) ;
#793 = AXIS2_PLACEMENT_3D ( 'NONE', #874, #1731, #208 ) ;
#794 = ORIENTED_EDGE ( 'NONE', *, *, #1538, .F. ) ;
#795 = SURFACE_STYLE_FILL_AREA ( #1940 ) ;
#796 = EDGE_CURVE ( 'NONE', #155, #765, #1872, .T. ) ;
#797 = ORIENTED_EDGE ( 'NONE', *, *, #1023, .T. ) ;
#798 = CARTESIAN_POINT ( 'NONE',  ( 11.79999999999999893, -2.365773362115649814, -4.685628815762513888 ) ) ;
#799 = AXIS2_PLACEMENT_3D ( 'NONE', #2096, #284, #602 ) ;
#800 = EDGE_CURVE ( 'NONE', #168, #1828, #1973, .T. ) ;
#801 = LINE ( 'NONE', #1946, #615 ) ;
#802 = CIRCLE ( 'NONE', #2025, 2.600000000000000089 ) ;
#803 = AXIS2_PLACEMENT_3D ( 'NONE', #1963, #245, #1266 ) ;
#804 = FACE_OUTER_BOUND ( 'NONE', #1096, .T. ) ;
#805 = CIRCLE ( 'NONE', #1256, 2.600000000000000089 ) ;
#806 = ORIENTED_EDGE ( 'NONE', *, *, #1727, .F. ) ;
#807 = ORIENTED_EDGE ( 'NONE', *, *, #390, .T. ) ;
#808 = CARTESIAN_POINT ( 'NONE',  ( 0.000000000000000000, -6.005954884062074228, -1.111842975573273273 ) ) ;
#809 = EDGE_LOOP ( 'NONE', ( #1364, #1112, #429, #590 ) ) ;
#810 = CYLINDRICAL_SURFACE ( 'NONE', #651, 5.249000000000000554 ) ;
#811 = CARTESIAN_POINT ( 'NONE',  ( 11.79999999999999893, 4.366302838831076727, 2.913314353037735227 ) ) ;
#812 = EDGE_CURVE ( 'NONE', #608, #1422, #1448, .T. ) ;
#813 = CARTESIAN_POINT ( 'NONE',  ( 11.79999999999999893, -3.542224254091498992, 3.873583397027346553 ) ) ;
#814 = EDGE_LOOP ( 'NONE', ( #462, #1164, #696, #601 ) ) ;
#815 = ORIENTED_EDGE ( 'NONE', *, *, #1232, .F. ) ;
#816 = DIRECTION ( 'NONE',  ( 0.000000000000000000, 0.000000000000000000, 1.000000000000000000 ) ) ;
#817 = EDGE_LOOP ( 'NONE', ( #358, #872, #966, #1690 ) ) ;
#818 = CARTESIAN_POINT ( 'NONE',  ( 0.000000000000000000, 2.479019256375410762, -7.078450644492753518 ) ) ;
#819 = DIRECTION ( 'NONE',  ( -1.000000000000000000, 0.000000000000000000, 0.000000000000000000 ) ) ;
#820 = EDGE_CURVE ( 'NONE', #1591, #890, #1379, .T. ) ;
#821 = DIRECTION ( 'NONE',  ( 0.000000000000000000, 0.000000000000000000, 1.000000000000000000 ) ) ;
#822 = ORIENTED_EDGE ( 'NONE', *, *, #6, .F. ) ;
#823 = ORIENTED_EDGE ( 'NONE', *, *, #727, .F. ) ;
#824 = AXIS2_PLACEMENT_3D ( 'NONE', #369, #1039, #1884 ) ;
#825 = ADVANCED_FACE ( 'NONE', ( #851 ), #679, .T. ) ;
#826 = AXIS2_PLACEMENT_3D ( 'NONE', #515, #858, #297 ) ;
#827 = ORIENTED_EDGE ( 'NONE', *, *, #665, .F. ) ;
#828 = DIRECTION ( 'NONE',  ( -1.000000000000000000, 0.000000000000000000, 0.000000000000000000 ) ) ;
#829 = AXIS2_PLACEMENT_3D ( 'NONE', #728, #1560, #2051 ) ;
#830 = VERTEX_POINT ( 'NONE', #1315 ) ;
#831 = DIRECTION ( 'NONE',  ( -1.000000000000000000, 0.000000000000000000, 0.000000000000000000 ) ) ;
#832 = DIRECTION ( 'NONE',  ( -1.000000000000000000, 0.000000000000000000, 0.000000000000000000 ) ) ;
#833 = AXIS2_PLACEMENT_3D ( 'NONE', #312, #1705, #1183 ) ;
#834 = CARTESIAN_POINT ( 'NONE',  ( -10.00000000000000000, 0.000000000000000000, 0.000000000000000000 ) ) ;
#835 = LINE ( 'NONE', #347, #1385 ) ;
#836 = AXIS2_PLACEMENT_3D ( 'NONE', #1933, #1269, #1585 ) ;
#837 = DIRECTION ( 'NONE',  ( -1.000000000000000000, 0.000000000000000000, 0.000000000000000000 ) ) ;
#838 = EDGE_LOOP ( 'NONE', ( #1701, #1029, #1805, #583 ) ) ;
#839 = ORIENTED_EDGE ( 'NONE', *, *, #1736, .F. ) ;
#840 = EDGE_CURVE ( 'NONE', #1937, #419, #682, .T. ) ;
#841 = AXIS2_PLACEMENT_3D ( 'NONE', #51, #734, #1260 ) ;
#842 = AXIS2_PLACEMENT_3D ( 'NONE', #1393, #1228, #533 ) ;
#843 = VERTEX_POINT ( 'NONE', #1202 ) ;
#844 = ADVANCED_FACE ( 'NONE', ( #1212 ), #1577, .T. ) ;
#845 = DIRECTION ( 'NONE',  ( -1.000000000000000000, -0.000000000000000000, 0.000000000000000000 ) ) ;
#846 = AXIS2_PLACEMENT_3D ( 'NONE', #152, #1698, #2030 ) ;
#847 = CARTESIAN_POINT ( 'NONE',  ( 11.79999999999999893, -4.801309747471144362, 3.775594467174579361 ) ) ;
#848 = DIRECTION ( 'NONE',  ( 0.000000000000000000, 0.000000000000000000, -1.000000000000000000 ) ) ;
#849 = DIRECTION ( 'NONE',  ( 0.000000000000000000, -0.8229838658936494689, -0.5680647467311659149 ) ) ;
#850 = FACE_OUTER_BOUND ( 'NONE', #482, .T. ) ;
#851 = FACE_OUTER_BOUND ( 'NONE', #1622, .T. ) ;
#852 = VERTEX_POINT ( 'NONE', #1399 ) ;
#853 = ORIENTED_EDGE ( 'NONE', *, *, #891, .F. ) ;
#854 = EDGE_CURVE ( 'NONE', #326, #2032, #1412, .T. ) ;
#855 = CYLINDRICAL_SURFACE ( 'NONE', #1980, 2.600000000000000089 ) ;
#856 = CARTESIAN_POINT ( 'NONE',  ( 0.000000000000000000, 0.000000000000000000, 0.000000000000000000 ) ) ;
#857 = EDGE_CURVE ( 'NONE', #1410, #1839, #252, .T. ) ;
#858 = DIRECTION ( 'NONE',  ( -1.000000000000000000, -0.000000000000000000, -0.000000000000000000 ) ) ;
#859 = DIRECTION ( 'NONE',  ( -1.000000000000000000, -0.000000000000000000, 0.000000000000000000 ) ) ;
#860 = LINE ( 'NONE', #526, #328 ) ;
#861 = VERTEX_POINT ( 'NONE', #2046 ) ;
#862 = VERTEX_POINT ( 'NONE', #230 ) ;
#863 = AXIS2_PLACEMENT_3D ( 'NONE', #50, #722, #2074 ) ;
#864 = LINE ( 'NONE', #1869, #1534 ) ;
#865 = DIRECTION ( 'NONE',  ( -1.000000000000000000, 0.000000000000000000, 0.000000000000000000 ) ) ;
#866 = EDGE_CURVE ( 'NONE', #843, #1041, #1280, .T. ) ;
#867 = AXIS2_PLACEMENT_3D ( 'NONE', #1219, #737, #2069 ) ;
#868 = CARTESIAN_POINT ( 'NONE',  ( 11.79999999999999893, 2.479019256375311286, 7.078450644492789046 ) ) ;
#869 = DIRECTION ( 'NONE',  ( -1.000000000000000000, 0.000000000000000000, 0.000000000000000000 ) ) ;
#870 = AXIS2_PLACEMENT_3D ( 'NONE', #379, #1890, #1744 ) ;
#871 = ORIENTED_EDGE ( 'NONE', *, *, #739, .F. ) ;
#872 = ORIENTED_EDGE ( 'NONE', *, *, #1099, .F. ) ;
#873 = VECTOR ( 'NONE', #935, 1000.000000000000000 ) ;
#874 = CARTESIAN_POINT ( 'NONE',  ( 11.79999999999999893, 5.232810053259659533, 3.150458350498440474 ) ) ;
#875 = CARTESIAN_POINT ( 'NONE',  ( 11.79999999999999893, -2.365773362115714651, 4.685628815762480137 ) ) ;
#876 = CIRCLE ( 'NONE', #1993, 4.000000000000000000 ) ;
#877 = DIRECTION ( 'NONE',  ( -1.000000000000000000, -0.000000000000000000, -0.000000000000000000 ) ) ;
#878 = DIRECTION ( 'NONE',  ( -1.000000000000000000, 0.000000000000000000, 0.000000000000000000 ) ) ;
#879 = EDGE_CURVE ( 'NONE', #1069, #2039, #1726, .T. ) ;
#880 = ORIENTED_EDGE ( 'NONE', *, *, #812, .F. ) ;
#881 = VERTEX_POINT ( 'NONE', #1067 ) ;
#882 = CARTESIAN_POINT ( 'NONE',  ( 11.79999999999999893, -4.100967580332669726, -6.279495593203357373 ) ) ;
#883 = CARTESIAN_POINT ( 'NONE',  ( 11.79999999999999893, 1.175683915181686690, -5.115639581868827612 ) ) ;
#884 = DIRECTION ( 'NONE',  ( -1.000000000000000000, 0.000000000000000000, -0.000000000000000000 ) ) ;
#885 = CARTESIAN_POINT ( 'NONE',  ( 0.000000000000000000, 6.097514190792873379, 2.242215756635040691 ) ) ;
#886 = CARTESIAN_POINT ( 'NONE',  ( 14.90000000000000036, 4.898587196589412829E-16, -4.000000000000000000 ) ) ;
#887 = DIRECTION ( 'NONE',  ( -1.000000000000000000, -0.000000000000000000, -0.000000000000000000 ) ) ;
#888 = ORIENTED_EDGE ( 'NONE', *, *, #1011, .F. ) ;
#889 = ADVANCED_BREP_SHAPE_REPRESENTATION ( 'spur gear_driven', ( #422, #153 ), #1246 ) ;
#890 = VERTEX_POINT ( 'NONE', #1057 ) ;
#891 = EDGE_CURVE ( 'NONE', #2156, #1474, #1098, .T. ) ;
#892 = DIRECTION ( 'NONE',  ( 0.000000000000000000, -0.4647231720437573488, -0.8854560256532157947 ) ) ;
#893 = CARTESIAN_POINT ( 'NONE',  ( -10.00000000000000000, 0.000000000000000000, 0.000000000000000000 ) ) ;
#894 = VECTOR ( 'NONE', #1506, 1000.000000000000000 ) ;
#895 = DIRECTION ( 'NONE',  ( 0.000000000000000000, 0.000000000000000000, 1.000000000000000000 ) ) ;
#896 = AXIS2_PLACEMENT_3D ( 'NONE', #2071, #914, #959 ) ;
#897 = CARTESIAN_POINT ( 'NONE',  ( 11.79999999999999893, 0.000000000000000000, 0.000000000000000000 ) ) ;
#898 = ORIENTED_EDGE ( 'NONE', *, *, #1967, .T. ) ;
#899 = ORIENTED_EDGE ( 'NONE', *, *, #796, .F. ) ;
#900 = CIRCLE ( 'NONE', #762, 2.600000000000000089 ) ;
#901 = EDGE_CURVE ( 'NONE', #1692, #1526, #30, .T. ) ;
#902 = DIRECTION ( 'NONE',  ( -1.000000000000000000, -0.000000000000000000, -0.000000000000000000 ) ) ;
#903 =( LENGTH_UNIT ( ) NAMED_UNIT ( * ) SI_UNIT ( .MILLI., .METRE. ) );
#904 = CARTESIAN_POINT ( 'NONE',  ( 5.899999999999998579, -4.100967580332669726, -6.279495593203357373 ) ) ;
#905 = CIRCLE ( 'NONE', #1915, 2.600000000000000089 ) ;
#906 = DIRECTION ( 'NONE',  ( 0.000000000000000000, 0.000000000000000000, 1.000000000000000000 ) ) ;
#907 = VECTOR ( 'NONE', #406, 1000.000000000000000 ) ;
#908 = EDGE_LOOP ( 'NONE', ( #1106, #575, #972, #1058 ) ) ;
#909 = DIRECTION ( 'NONE',  ( -1.000000000000000000, 0.000000000000000000, 0.000000000000000000 ) ) ;
#910 = DIRECTION ( 'NONE',  ( 0.000000000000000000, 0.000000000000000000, 1.000000000000000000 ) ) ;
#911 = DIRECTION ( 'NONE',  ( 0.000000000000000000, 0.000000000000000000, 1.000000000000000000 ) ) ;
#912 = VERTEX_POINT ( 'NONE', #1050 ) ;
#913 = EDGE_LOOP ( 'NONE', ( #771, #1430, #997, #585 ) ) ;
#914 = DIRECTION ( 'NONE',  ( -1.000000000000000000, -0.000000000000000000, 0.000000000000000000 ) ) ;
#915 = ORIENTED_EDGE ( 'NONE', *, *, #727, .T. ) ;
#916 = DIRECTION ( 'NONE',  ( 0.000000000000000000, 0.000000000000000000, 1.000000000000000000 ) ) ;
#917 = ADVANCED_FACE ( 'NONE', ( #61 ), #1231, .T. ) ;
#918 = FACE_OUTER_BOUND ( 'NONE', #1141, .T. ) ;
#919 = ORIENTED_EDGE ( 'NONE', *, *, #519, .T. ) ;
#920 = VERTEX_POINT ( 'NONE', #535 ) ;
#921 = ORIENTED_EDGE ( 'NONE', *, *, #89, .T. ) ;
#922 = SHAPE_DEFINITION_REPRESENTATION ( #148, #889 ) ;
#923 = DIRECTION ( 'NONE',  ( -1.000000000000000000, 0.000000000000000000, 0.000000000000000000 ) ) ;
#924 = ORIENTED_EDGE ( 'NONE', *, *, #1891, .T. ) ;
#925 = DIRECTION ( 'NONE',  ( 0.000000000000000000, 0.000000000000000000, 1.000000000000000000 ) ) ;
#926 = EDGE_CURVE ( 'NONE', #1338, #1917, #398, .T. ) ;
#927 = VECTOR ( 'NONE', #57, 1000.000000000000000 ) ;
#928 = CARTESIAN_POINT ( 'NONE',  ( 0.000000000000000000, -4.100967580332754103, 6.279495593203302306 ) ) ;
#929 = CARTESIAN_POINT ( 'NONE',  ( 0.000000000000000000, 5.232810053259659533, -3.150458350498440474 ) ) ;
#930 = DIRECTION ( 'NONE',  ( 0.000000000000000000, -0.2393156642875653994, 0.9709418174260501244 ) ) ;
#931 = AXIS2_PLACEMENT_3D ( 'NONE', #847, #831, #2001 ) ;
#932 = ORIENTED_EDGE ( 'NONE', *, *, #1071, .T. ) ;
#933 = ORIENTED_EDGE ( 'NONE', *, *, #264, .T. ) ;
#934 = AXIS2_PLACEMENT_3D ( 'NONE', #203, #59, #565 ) ;
#935 = DIRECTION ( 'NONE',  ( -1.000000000000000000, 0.000000000000000000, 0.000000000000000000 ) ) ;
#936 = CARTESIAN_POINT ( 'NONE',  ( 0.000000000000000000, -4.801309747471144362, 3.775594467174579361 ) ) ;
#937 = ORIENTED_EDGE ( 'NONE', *, *, #982, .F. ) ;
#938 = CARTESIAN_POINT ( 'NONE',  ( 11.79999999999999893, -4.936627773442891609, 1.783734068316316090 ) ) ;
#939 = CIRCLE ( 'NONE', #2163, 5.249000000000001442 ) ;
#940 = CARTESIAN_POINT ( 'NONE',  ( 11.79999999999999893, 0.000000000000000000, 0.000000000000000000 ) ) ;
#941 = EDGE_LOOP ( 'NONE', ( #536, #1348, #127, #1446 ) ) ;
#942 = CIRCLE ( 'NONE', #1721, 2.600000000000000089 ) ;
#943 = EDGE_CURVE ( 'NONE', #437, #1396, #470, .T. ) ;
#944 = CARTESIAN_POINT ( 'NONE',  ( 0.000000000000000000, 5.232810053259659533, -0.5504583504984408293 ) ) ;
#945 = EDGE_LOOP ( 'NONE', ( #937, #396, #1274, #1438 ) ) ;
#946 = EDGE_CURVE ( 'NONE', #1474, #1460, #1706, .T. ) ;
#947 = ORIENTED_EDGE ( 'NONE', *, *, #2050, .F. ) ;
#948 = FACE_OUTER_BOUND ( 'NONE', #913, .T. ) ;
#949 = VERTEX_POINT ( 'NONE', #580 ) ;
#950 = CARTESIAN_POINT ( 'NONE',  ( 11.79999999999999893, 0.000000000000000000, 0.000000000000000000 ) ) ;
#951 = DIRECTION ( 'NONE',  ( 0.000000000000000000, 0.000000000000000000, -1.000000000000000000 ) ) ;
#952 = CARTESIAN_POINT ( 'NONE',  ( 14.90000000000000036, 0.000000000000000000, 0.000000000000000000 ) ) ;
#953 = CYLINDRICAL_SURFACE ( 'NONE', #846, 4.000000000000000000 ) ;
#954 = ORIENTED_EDGE ( 'NONE', *, *, #1023, .F. ) ;
#955 = ADVANCED_FACE ( 'NONE', ( #1386 ), #710, .T. ) ;
#956 = VERTEX_POINT ( 'NONE', #1245 ) ;
#957 = ADVANCED_FACE ( 'NONE', ( #1224 ), #1734, .T. ) ;
#958 = LINE ( 'NONE', #1620, #629 ) ;
#959 = DIRECTION ( 'NONE',  ( 0.000000000000000000, -0.4647231720437573488, -0.8854560256532157947 ) ) ;
#960 = ORIENTED_EDGE ( 'NONE', *, *, #234, .F. ) ;
#961 = DIRECTION ( 'NONE',  ( 0.000000000000000000, 0.000000000000000000, 1.000000000000000000 ) ) ;
#962 = DIRECTION ( 'NONE',  ( -1.000000000000000000, -0.000000000000000000, -0.000000000000000000 ) ) ;
#963 = AXIS2_PLACEMENT_3D ( 'NONE', #389, #567, #1554 ) ;
#964 = CIRCLE ( 'NONE', #332, 5.249000000000000554 ) ;
#965 = CARTESIAN_POINT ( 'NONE',  ( 0.000000000000000000, 7.325653521105574661, 1.607731472825441044 ) ) ;
#966 = ORIENTED_EDGE ( 'NONE', *, *, #1806, .F. ) ;
#967 = CIRCLE ( 'NONE', #1675, 7.500000000000000000 ) ;
#968 = ADVANCED_FACE ( 'NONE', ( #1912 ), #1707, .F. ) ;
#969 = ORIENTED_EDGE ( 'NONE', *, *, #1130, .F. ) ;
#970 = PLANE ( 'NONE',  #1469 ) ;
#971 = ADVANCED_FACE ( 'NONE', ( #2038 ), #1101, .T. ) ;
#972 = ORIENTED_EDGE ( 'NONE', *, *, #599, .T. ) ;
#973 = FACE_OUTER_BOUND ( 'NONE', #838, .T. ) ;
#974 = CARTESIAN_POINT ( 'NONE',  ( 0.000000000000000000, 0.000000000000000000, 0.000000000000000000 ) ) ;
#975 = AXIS2_PLACEMENT_3D ( 'NONE', #1747, #401, #911 ) ;
#976 = DIRECTION ( 'NONE',  ( 0.000000000000000000, 0.000000000000000000, 1.000000000000000000 ) ) ;
#977 = VERTEX_POINT ( 'NONE', #447 ) ;
#978 = ORIENTED_EDGE ( 'NONE', *, *, #568, .F. ) ;
#979 = CARTESIAN_POINT ( 'NONE',  ( 11.79999999999999893, 1.175683915181614303, 5.115639581868842711 ) ) ;
#980 = ORIENTED_EDGE ( 'NONE', *, *, #2018, .F. ) ;
#981 = CARTESIAN_POINT ( 'NONE',  ( 11.79999999999999893, 5.232810053259659533, -3.150458350498440474 ) ) ;
#982 = EDGE_CURVE ( 'NONE', #1786, #862, #97, .T. ) ;
#983 = CARTESIAN_POINT ( 'NONE',  ( 0.000000000000000000, -1.094457498395993822, -7.419714467835318850 ) ) ;
#984 = LINE ( 'NONE', #479, #1879 ) ;
#985 = EDGE_CURVE ( 'NONE', #287, #1092, #801, .T. ) ;
#986 = DIRECTION ( 'NONE',  ( -1.000000000000000000, -0.000000000000000000, 0.000000000000000000 ) ) ;
#987 = ORIENTED_EDGE ( 'NONE', *, *, #1492, .F. ) ;
#988 = ORIENTED_EDGE ( 'NONE', *, *, #360, .T. ) ;
#989 = LINE ( 'NONE', #1998, #415 ) ;
#990 = ORIENTED_EDGE ( 'NONE', *, *, #820, .T. ) ;
#991 = DIRECTION ( 'NONE',  ( 0.000000000000000000, 0.9350162426854132791, 0.3546048870425395627 ) ) ;
#992 = DIRECTION ( 'NONE',  ( 0.000000000000000000, 0.000000000000000000, -1.000000000000000000 ) ) ;
#993 = CARTESIAN_POINT ( 'NONE',  ( 11.79999999999999893, 5.739393982264541449, 4.827976461867389268 ) ) ;
#994 = EDGE_CURVE ( 'NONE', #2116, #2067, #1846, .T. ) ;
#995 = LINE ( 'NONE', #1479, #1287 ) ;
#996 = CARTESIAN_POINT ( 'NONE',  ( 0.000000000000000000, 0.000000000000000000, 0.000000000000000000 ) ) ;
#997 = ORIENTED_EDGE ( 'NONE', *, *, #171, .F. ) ;
#998 = AXIS2_PLACEMENT_3D ( 'NONE', #1856, #165, #1977 ) ;
#999 = ORIENTED_EDGE ( 'NONE', *, *, #1436, .T. ) ;
#1000 = DIRECTION ( 'NONE',  ( 0.000000000000000000, -0.9927088740980526405, -0.1205366802553337613 ) ) ;
#1001 = VERTEX_POINT ( 'NONE', #1769 ) ;
#1002 = CARTESIAN_POINT ( 'NONE',  ( 11.80000000000000071, 4.898587196589412829E-16, -4.000000000000000000 ) ) ;
#1003 = DIRECTION ( 'NONE',  ( -1.000000000000000000, 0.000000000000000000, -0.000000000000000000 ) ) ;
#1004 = DIRECTION ( 'NONE',  ( -1.000000000000000000, 0.000000000000000000, 0.000000000000000000 ) ) ;
#1005 = CARTESIAN_POINT ( 'NONE',  ( 0.000000000000000000, 7.233694121956620648, 1.980825421376196882 ) ) ;
#1006 = CIRCLE ( 'NONE', #870, 2.599999999999999201 ) ;
#1007 = CARTESIAN_POINT ( 'NONE',  ( 0.000000000000000000, -5.200109362712491468, -0.7147472391201576958 ) ) ;
#1008 = ORIENTED_EDGE ( 'NONE', *, *, #2141, .T. ) ;
#1009 = ORIENTED_EDGE ( 'NONE', *, *, #2078, .F. ) ;
#1010 = CIRCLE ( 'NONE', #1253, 2.600000000000000533 ) ;
#1011 = EDGE_CURVE ( 'NONE', #1139, #1874, #1759, .T. ) ;
#1012 = VECTOR ( 'NONE', #748, 1000.000000000000000 ) ;
#1013 = ORIENTED_EDGE ( 'NONE', *, *, #1768, .F. ) ;
#1014 = CARTESIAN_POINT ( 'NONE',  ( 11.79999999999999893, 0.08273200746561956698, 5.248347970070269319 ) ) ;
#1015 = CARTESIAN_POINT ( 'NONE',  ( 0.000000000000000000, -0.7129993441056826642, -7.466031873445546196 ) ) ;
#1016 = DIRECTION ( 'NONE',  ( -1.000000000000000000, -0.000000000000000000, -0.000000000000000000 ) ) ;
#1017 = DIRECTION ( 'NONE',  ( -1.000000000000000000, 0.000000000000000000, -0.000000000000000000 ) ) ;
#1018 = CARTESIAN_POINT ( 'NONE',  ( 11.79999999999999893, 5.565351310227347525, 2.516853922155884771 ) ) ;
#1019 = ORIENTED_EDGE ( 'NONE', *, *, #1562, .F. ) ;
#1020 = ORIENTED_EDGE ( 'NONE', *, *, #1882, .T. ) ;
#1021 = EDGE_CURVE ( 'NONE', #2137, #133, #1454, .T. ) ;
#1022 = VERTEX_POINT ( 'NONE', #240 ) ;
#1023 = EDGE_CURVE ( 'NONE', #2154, #830, #1206, .T. ) ;
#1024 = LINE ( 'NONE', #1218, #151 ) ;
#1025 = DIRECTION ( 'NONE',  ( 0.000000000000000000, 0.000000000000000000, 1.000000000000000000 ) ) ;
#1026 = CARTESIAN_POINT ( 'NONE',  ( 11.79999999999999893, 1.090149711768729324, 6.009930322196029628 ) ) ;
#1027 = DIRECTION ( 'NONE',  ( 0.000000000000000000, -0.6631226582408016323, 0.7485107481710954191 ) ) ;
#1028 = ORIENTED_EDGE ( 'NONE', *, *, #1999, .F. ) ;
#1029 = ORIENTED_EDGE ( 'NONE', *, *, #2174, .T. ) ;
#1030 = VERTEX_POINT ( 'NONE', #593 ) ;
#1031 = AXIS2_PLACEMENT_3D ( 'NONE', #185, #869, #23 ) ;
#1032 = EDGE_CURVE ( 'NONE', #1983, #912, #255, .T. ) ;
#1033 = CIRCLE ( 'NONE', #1527, 2.600000000000000533 ) ;
#1034 = CARTESIAN_POINT ( 'NONE',  ( -10.00000000000000000, 0.000000000000000000, 0.000000000000000000 ) ) ;
#1035 = LINE ( 'NONE', #1896, #412 ) ;
#1036 = ADVANCED_FACE ( 'NONE', ( #1780, #918 ), #108, .F. ) ;
#1037 = CIRCLE ( 'NONE', #217, 2.600000000000000089 ) ;
#1038 = CARTESIAN_POINT ( 'NONE',  ( 11.79999999999999893, 5.565351310227383053, -2.516853922155805723 ) ) ;
#1039 = DIRECTION ( 'NONE',  ( -1.000000000000000000, -0.000000000000000000, -0.000000000000000000 ) ) ;
#1040 = CIRCLE ( 'NONE', #85, 7.500000000000000000 ) ;
#1041 = VERTEX_POINT ( 'NONE', #1587 ) ;
#1042 = CIRCLE ( 'NONE', #302, 7.499999999999998224 ) ;
#1043 = EDGE_LOOP ( 'NONE', ( #1985, #725, #1961, #1584 ) ) ;
#1044 =( GEOMETRIC_REPRESENTATION_CONTEXT ( 3 ) GLOBAL_UNCERTAINTY_ASSIGNED_CONTEXT ( ( #2165 ) ) GLOBAL_UNIT_ASSIGNED_CONTEXT ( ( #1807, #588, #1764 ) ) REPRESENTATION_CONTEXT ( 'NONE', 'WORKASPACE' ) );
#1045 = DIRECTION ( 'NONE',  ( 1.000000000000000000, -0.000000000000000000, -0.000000000000000000 ) ) ;
#1046 = DIRECTION ( 'NONE',  ( 0.000000000000000000, 0.000000000000000000, 1.000000000000000000 ) ) ;
#1047 = CIRCLE ( 'NONE', #232, 5.249000000000000554 ) ;
#1048 = CYLINDRICAL_SURFACE ( 'NONE', #2121, 2.600000000000000089 ) ;
#1049 = EDGE_CURVE ( 'NONE', #1418, #1396, #1811, .T. ) ;
#1050 = CARTESIAN_POINT ( 'NONE',  ( 11.79999999999999893, -4.417207229927547552, -6.061211123849406412 ) ) ;
#1051 = EDGE_CURVE ( 'NONE', #1932, #1001, #438, .T. ) ;
#1052 = ORIENTED_EDGE ( 'NONE', *, *, #324, .T. ) ;
#1053 = ORIENTED_EDGE ( 'NONE', *, *, #1021, .T. ) ;
#1054 = DIRECTION ( 'NONE',  ( -1.000000000000000000, 0.000000000000000000, 0.000000000000000000 ) ) ;
#1055 = FACE_OUTER_BOUND ( 'NONE', #1757, .T. ) ;
#1056 = DIRECTION ( 'NONE',  ( 0.000000000000000000, 0.000000000000000000, 1.000000000000000000 ) ) ;
#1057 = CARTESIAN_POINT ( 'NONE',  ( 0.000000000000000000, 2.838308449282240353, 6.942190226919239038 ) ) ;
#1058 = ORIENTED_EDGE ( 'NONE', *, *, #103, .T. ) ;
#1059 = ADVANCED_FACE ( 'NONE', ( #776 ), #1127, .T. ) ;
#1060 = ORIENTED_EDGE ( 'NONE', *, *, #501, .F. ) ;
#1061 = VECTOR ( 'NONE', #702, 1000.000000000000000 ) ;
#1062 = DIRECTION ( 'NONE',  ( 0.000000000000000000, 0.000000000000000000, 1.000000000000000000 ) ) ;
#1063 = CARTESIAN_POINT ( 'NONE',  ( 11.79999999999999893, -5.834708136317056315, 0.7933816574283709677 ) ) ;
#1064 = AXIS2_PLACEMENT_3D ( 'NONE', #1283, #644, #174 ) ;
#1065 = ORIENTED_EDGE ( 'NONE', *, *, #1398, .F. ) ;
#1066 = CARTESIAN_POINT ( 'NONE',  ( 5.899999999999999467, -4.100967580332754991, 6.279495593203302306 ) ) ;
#1067 = CARTESIAN_POINT ( 'NONE',  ( 14.90000000000000036, 4.898587196589412829E-16, -4.000000000000000000 ) ) ;
#1068 = AXIS2_PLACEMENT_3D ( 'NONE', #1741, #221, #78 ) ;
#1069 = VERTEX_POINT ( 'NONE', #603 ) ;
#1070 = ORIENTED_EDGE ( 'NONE', *, *, #352, .F. ) ;
#1071 = EDGE_CURVE ( 'NONE', #341, #419, #790, .T. ) ;
#1072 = CIRCLE ( 'NONE', #1748, 2.600000000000000089 ) ;
#1073 = ORIENTED_EDGE ( 'NONE', *, *, #1792, .F. ) ;
#1074 = FACE_OUTER_BOUND ( 'NONE', #136, .T. ) ;
#1075 = EDGE_CURVE ( 'NONE', #1876, #861, #1489, .T. ) ;
#1076 = CARTESIAN_POINT ( 'NONE',  ( 11.79999999999999893, -4.272308565096042621, 3.049488567712131726 ) ) ;
#1077 = CIRCLE ( 'NONE', #1540, 2.600000000000000533 ) ;
#1078 = VECTOR ( 'NONE', #1297, 1000.000000000000000 ) ;
#1079 = VERTEX_POINT ( 'NONE', #928 ) ;
#1080 = CARTESIAN_POINT ( 'NONE',  ( 0.000000000000000000, 7.233694121956649070, -1.980825421376096962 ) ) ;
#1081 = DIRECTION ( 'NONE',  ( -1.000000000000000000, 0.000000000000000000, -0.000000000000000000 ) ) ;
#1082 = DIRECTION ( 'NONE',  ( -1.000000000000000000, 0.000000000000000000, 0.000000000000000000 ) ) ;
#1083 = ORIENTED_EDGE ( 'NONE', *, *, #24, .F. ) ;
#1084 = DIRECTION ( 'NONE',  ( 0.000000000000000000, 0.000000000000000000, 1.000000000000000000 ) ) ;
#1085 = DIRECTION ( 'NONE',  ( -1.000000000000000000, 0.000000000000000000, -0.000000000000000000 ) ) ;
#1086 = CARTESIAN_POINT ( 'NONE',  ( 0.000000000000000000, 0.000000000000000000, 0.000000000000000000 ) ) ;
#1087 = ORIENTED_EDGE ( 'NONE', *, *, #2118, .F. ) ;
#1088 = CARTESIAN_POINT ( 'NONE',  ( 11.79999999999999893, -5.834708136317082072, 1.806618342571547631 ) ) ;
#1089 = CARTESIAN_POINT ( 'NONE',  ( 11.79999999999999893, 0.000000000000000000, 0.000000000000000000 ) ) ;
#1090 = VERTEX_POINT ( 'NONE', #425 ) ;
#1091 = CARTESIAN_POINT ( 'NONE',  ( 11.79999999999999893, -5.834708136317082072, 1.806618342571547631 ) ) ;
#1092 = VERTEX_POINT ( 'NONE', #1599 ) ;
#1093 = ORIENTED_EDGE ( 'NONE', *, *, #56, .F. ) ;
#1094 = LINE ( 'NONE', #257, #873 ) ;
#1095 = CARTESIAN_POINT ( 'NONE',  ( 0.000000000000000000, 3.418372660479867875, 3.983306334451794051 ) ) ;
#1096 = EDGE_LOOP ( 'NONE', ( #1776, #987, #662, #2123 ) ) ;
#1097 = DIRECTION ( 'NONE',  ( 0.000000000000000000, 0.000000000000000000, 1.000000000000000000 ) ) ;
#1098 = CIRCLE ( 'NONE', #963, 5.248999999999999666 ) ;
#1099 = EDGE_CURVE ( 'NONE', #1640, #1979, #1670, .T. ) ;
#1100 = VECTOR ( 'NONE', #625, 1000.000000000000000 ) ;
#1101 = CYLINDRICAL_SURFACE ( 'NONE', #38, 5.249000000000000554 ) ;
#1102 = DIRECTION ( 'NONE',  ( -1.000000000000000000, 0.000000000000000000, 0.000000000000000000 ) ) ;
#1103 = EDGE_CURVE ( 'NONE', #1092, #2039, #216, .T. ) ;
#1104 = CARTESIAN_POINT ( 'NONE',  ( 0.000000000000000000, 5.232810053259659533, 3.150458350498440474 ) ) ;
#1105 = AXIS2_PLACEMENT_3D ( 'NONE', #981, #1341, #1666 ) ;
#1106 = ORIENTED_EDGE ( 'NONE', *, *, #1372, .T. ) ;
#1107 = CIRCLE ( 'NONE', #1782, 2.600000000000000089 ) ;
#1108 = ORIENTED_EDGE ( 'NONE', *, *, #716, .F. ) ;
#1109 = VECTOR ( 'NONE', #424, 1000.000000000000000 ) ;
#1110 = CARTESIAN_POINT ( 'NONE',  ( 11.79999999999999893, -6.728028018200546079, -3.314157356902115215 ) ) ;
#1111 = CARTESIAN_POINT ( 'NONE',  ( 0.000000000000000000, 2.838308449282338941, -6.942190226919199958 ) ) ;
#1112 = ORIENTED_EDGE ( 'NONE', *, *, #1130, .T. ) ;
#1113 = DIRECTION ( 'NONE',  ( -1.000000000000000000, 0.000000000000000000, 0.000000000000000000 ) ) ;
#1114 = AXIS2_PLACEMENT_3D ( 'NONE', #414, #1735, #1444 ) ;
#1115 = VECTOR ( 'NONE', #1563, 1000.000000000000000 ) ;
#1116 = CARTESIAN_POINT ( 'NONE',  ( 11.79999999999999893, 4.877953425118569442, 1.938445609857035068 ) ) ;
#1117 = CARTESIAN_POINT ( 'NONE',  ( 0.000000000000000000, 0.000000000000000000, 0.000000000000000000 ) ) ;
#1118 = CIRCLE ( 'NONE', #664, 5.249000000000000554 ) ;
#1119 = FACE_OUTER_BOUND ( 'NONE', #1629, .T. ) ;
#1120 = EDGE_CURVE ( 'NONE', #852, #13, #147, .T. ) ;
#1121 = ORIENTED_EDGE ( 'NONE', *, *, #290, .T. ) ;
#1122 = ORIENTED_EDGE ( 'NONE', *, *, #1538, .T. ) ;
#1123 = DIRECTION ( 'NONE',  ( -1.000000000000000000, 0.000000000000000000, -0.000000000000000000 ) ) ;
#1124 = DIRECTION ( 'NONE',  ( -1.000000000000000000, -0.000000000000000000, 0.000000000000000000 ) ) ;
#1125 = EDGE_LOOP ( 'NONE', ( #606, #960, #142, #933 ) ) ;
#1126 = CARTESIAN_POINT ( 'NONE',  ( 11.79999999999999893, 5.232810053259659533, 3.150458350498440474 ) ) ;
#1127 = CYLINDRICAL_SURFACE ( 'NONE', #579, 5.249000000000000554 ) ;
#1128 = DIRECTION ( 'NONE',  ( -1.000000000000000000, 0.000000000000000000, 0.000000000000000000 ) ) ;
#1129 = EDGE_LOOP ( 'NONE', ( #1401, #1866, #1887, #2047 ) ) ;
#1130 = EDGE_CURVE ( 'NONE', #1917, #2116, #1137, .T. ) ;
#1131 = ORIENTED_EDGE ( 'NONE', *, *, #1175, .F. ) ;
#1132 = DIRECTION ( 'NONE',  ( -1.000000000000000000, -0.000000000000000000, -0.000000000000000000 ) ) ;
#1133 = ORIENTED_EDGE ( 'NONE', *, *, #1145, .T. ) ;
#1134 = DIRECTION ( 'NONE',  ( 0.000000000000000000, 0.000000000000000000, 1.000000000000000000 ) ) ;
#1135 = LINE ( 'NONE', #1169, #41 ) ;
#1136 = AXIS2_PLACEMENT_3D ( 'NONE', #1651, #518, #821 ) ;
#1137 = CIRCLE ( 'NONE', #1941, 2.600000000000000089 ) ;
#1138 = CARTESIAN_POINT ( 'NONE',  ( 5.899999999999998579, 7.233694121956649958, -1.980825421376096740 ) ) ;
#1139 = VERTEX_POINT ( 'NONE', #655 ) ;
#1140 = CIRCLE ( 'NONE', #1352, 2.599999999999999645 ) ;
#1141 = EDGE_LOOP ( 'NONE', ( #1517, #597, #724, #1838, #822, #978, #1951, #672, #1265, #1804, #428, #1028, #1093, #1800, #1163, #1087, #218, #1257, #806, #393, #693, #1339, #1905, #1556, #1867, #325, #2160, #1821, #12, #1461, #1996, #640, #1897, #598, #359, #1688, #1930, #1299, #1203, #431, #969, #1509, #1292, #1158, #1494, #880, #1216, #43, #317, #750, #2113, #618, #779, #1964, #1411, #158 ) ) ;
#1142 = DIRECTION ( 'NONE',  ( -1.000000000000000000, 0.000000000000000000, 0.000000000000000000 ) ) ;
#1143 = AXIS2_PLACEMENT_3D ( 'NONE', #1086, #1775, #282 ) ;
#1144 = AXIS2_PLACEMENT_3D ( 'NONE', #1088, #1431, #1442 ) ;
#1145 = EDGE_CURVE ( 'NONE', #1396, #351, #1311, .T. ) ;
#1146 = ORIENTED_EDGE ( 'NONE', *, *, #1281, .T. ) ;
#1147 = CYLINDRICAL_SURFACE ( 'NONE', #80, 5.249000000000000554 ) ;
#1148 = CIRCLE ( 'NONE', #1908, 5.248999999999999666 ) ;
#1149 = DIRECTION ( 'NONE',  ( -1.000000000000000000, -0.000000000000000000, 0.000000000000000000 ) ) ;
#1150 = CIRCLE ( 'NONE', #2056, 2.600000000000000089 ) ;
#1151 = DIRECTION ( 'NONE',  ( 0.000000000000000000, 0.9927088740980543058, -0.1205366802553197586 ) ) ;
#1152 = DIRECTION ( 'NONE',  ( 0.000000000000000000, 0.000000000000000000, 1.000000000000000000 ) ) ;
#1153 = AXIS2_PLACEMENT_3D ( 'NONE', #1091, #1771, #930 ) ;
#1154 = ORIENTED_EDGE ( 'NONE', *, *, #857, .T. ) ;
#1155 = ORIENTED_EDGE ( 'NONE', *, *, #160, .T. ) ;
#1156 = CYLINDRICAL_SURFACE ( 'NONE', #1221, 5.249000000000000554 ) ;
#1157 = EDGE_CURVE ( 'NONE', #691, #94, #1636, .T. ) ;
#1158 = ORIENTED_EDGE ( 'NONE', *, *, #1331, .F. ) ;
#1159 = CARTESIAN_POINT ( 'NONE',  ( 11.79999999999999893, 0.000000000000000000, 0.000000000000000000 ) ) ;
#1160 = CARTESIAN_POINT ( 'NONE',  ( 0.000000000000000000, 6.097514190792869826, 0.3577842433650432752 ) ) ;
#1161 = DIRECTION ( 'NONE',  ( -1.000000000000000000, -0.000000000000000000, -0.000000000000000000 ) ) ;
#1162 = DIRECTION ( 'NONE',  ( -1.000000000000000000, 0.000000000000000000, 0.000000000000000000 ) ) ;
#1163 = ORIENTED_EDGE ( 'NONE', *, *, #2174, .F. ) ;
#1164 = ORIENTED_EDGE ( 'NONE', *, *, #19, .T. ) ;
#1165 = CARTESIAN_POINT ( 'NONE',  ( 11.79999999999999893, 0.000000000000000000, 0.000000000000000000 ) ) ;
#1166 = VERTEX_POINT ( 'NONE', #130 ) ;
#1167 = DIRECTION ( 'NONE',  ( -1.000000000000000000, 0.000000000000000000, -0.000000000000000000 ) ) ;
#1168 = DIRECTION ( 'NONE',  ( -1.000000000000000000, 0.000000000000000000, 0.000000000000000000 ) ) ;
#1169 = CARTESIAN_POINT ( 'NONE',  ( 11.79999999999999893, 5.220053845774029533, 0.5504896431539503254 ) ) ;
#1170 = EDGE_CURVE ( 'NONE', #1526, #630, #753, .T. ) ;
#1171 = ADVANCED_FACE ( 'NONE', ( #1966 ), #346, .T. ) ;
#1172 = CIRCLE ( 'NONE', #1236, 7.499999999999998224 ) ;
#1173 = DIRECTION ( 'NONE',  ( 0.000000000000000000, 0.000000000000000000, 1.000000000000000000 ) ) ;
#1174 = ORIENTED_EDGE ( 'NONE', *, *, #307, .T. ) ;
#1175 = EDGE_CURVE ( 'NONE', #1665, #1709, #1135, .T. ) ;
#1176 = ORIENTED_EDGE ( 'NONE', *, *, #293, .F. ) ;
#1177 = AXIS2_PLACEMENT_3D ( 'NONE', #2131, #1790, #951 ) ;
#1178 = EDGE_LOOP ( 'NONE', ( #1575, #1250 ) ) ;
#1179 = DIRECTION ( 'NONE',  ( 0.000000000000000000, 0.000000000000000000, 1.000000000000000000 ) ) ;
#1180 = DIRECTION ( 'NONE',  ( -1.000000000000000000, -0.000000000000000000, 0.000000000000000000 ) ) ;
#1181 = LINE ( 'NONE', #1854, #484 ) ;
#1182 = DIRECTION ( 'NONE',  ( -1.000000000000000000, 0.000000000000000000, 0.000000000000000000 ) ) ;
#1183 = DIRECTION ( 'NONE',  ( 0.000000000000000000, -0.8229838658936495799, -0.5680647467311658039 ) ) ;
#1184 = AXIS2_PLACEMENT_3D ( 'NONE', #2107, #248, #916 ) ;
#1185 = VECTOR ( 'NONE', #1926, 1000.000000000000000 ) ;
#1186 = DIRECTION ( 'NONE',  ( 0.000000000000000000, 0.000000000000000000, 1.000000000000000000 ) ) ;
#1187 = ORIENTED_EDGE ( 'NONE', *, *, #758, .F. ) ;
#1188 = AXIS2_PLACEMENT_3D ( 'NONE', #600, #1415, #1608 ) ;
#1189 = AXIS2_PLACEMENT_3D ( 'NONE', #1275, #1774, #1300 ) ;
#1190 = ORIENTED_EDGE ( 'NONE', *, *, #689, .F. ) ;
#1191 = CARTESIAN_POINT ( 'NONE',  ( 11.79999999999999893, 0.000000000000000000, 0.000000000000000000 ) ) ;
#1192 = DIRECTION ( 'NONE',  ( 0.000000000000000000, 0.000000000000000000, -1.000000000000000000 ) ) ;
#1193 = CYLINDRICAL_SURFACE ( 'NONE', #1851, 2.599999999999999201 ) ;
#1194 = DIRECTION ( 'NONE',  ( 0.000000000000000000, -0.9927088740980526405, -0.1205366802553337613 ) ) ;
#1195 = ORIENTED_EDGE ( 'NONE', *, *, #1511, .T. ) ;
#1196 = ORIENTED_EDGE ( 'NONE', *, *, #1468, .T. ) ;
#1197 = EDGE_CURVE ( 'NONE', #1166, #890, #683, .T. ) ;
#1198 = DIRECTION ( 'NONE',  ( -1.000000000000000000, 0.000000000000000000, -0.000000000000000000 ) ) ;
#1199 = DIRECTION ( 'NONE',  ( -1.000000000000000000, 0.000000000000000000, 0.000000000000000000 ) ) ;
#1200 = DIRECTION ( 'NONE',  ( -1.000000000000000000, -0.000000000000000000, 0.000000000000000000 ) ) ;
#1201 = FACE_OUTER_BOUND ( 'NONE', #1537, .T. ) ;
#1202 = CARTESIAN_POINT ( 'NONE',  ( 11.79999999999999893, -4.272308565095999988, -3.049488567712191678 ) ) ;
#1203 = ORIENTED_EDGE ( 'NONE', *, *, #1558, .F. ) ;
#1204 = VERTEX_POINT ( 'NONE', #983 ) ;
#1205 = AXIS2_PLACEMENT_3D ( 'NONE', #2142, #1162, #1865 ) ;
#1206 = CIRCLE ( 'NONE', #1177, 2.599999999999999645 ) ;
#1207 = EDGE_CURVE ( 'NONE', #949, #1989, #677, .T. ) ;
#1208 = CARTESIAN_POINT ( 'NONE',  ( 11.79999999999999893, 6.097514190792869826, 0.3577842433650432752 ) ) ;
#1209 = CARTESIAN_POINT ( 'NONE',  ( 0.000000000000000000, 6.097514190792873379, -0.3577842433649591203 ) ) ;
#1210 = EDGE_CURVE ( 'NONE', #1092, #314, #1282, .T. ) ;
#1211 = CARTESIAN_POINT ( 'NONE',  ( 11.79999999999999893, 7.325653521105575550, 1.607731472825441932 ) ) ;
#1212 = FACE_OUTER_BOUND ( 'NONE', #65, .T. ) ;
#1213 = VECTOR ( 'NONE', #239, 1000.000000000000000 ) ;
#1214 = ORIENTED_EDGE ( 'NONE', *, *, #129, .T. ) ;
#1215 = CIRCLE ( 'NONE', #1294, 2.599999999999999645 ) ;
#1216 = ORIENTED_EDGE ( 'NONE', *, *, #1882, .F. ) ;
#1217 = AXIS2_PLACEMENT_3D ( 'NONE', #619, #1630, #1000 ) ;
#1218 = CARTESIAN_POINT ( 'NONE',  ( 5.899999999999999467, -6.549453565922410014, 3.654402548683738150 ) ) ;
#1219 = CARTESIAN_POINT ( 'NONE',  ( 11.79999999999999893, -1.827674251943241845, 5.828146849600174484 ) ) ;
#1220 = CARTESIAN_POINT ( 'NONE',  ( 0.000000000000000000, -3.542224254091498992, 3.873583397027346553 ) ) ;
#1221 = AXIS2_PLACEMENT_3D ( 'NONE', #1165, #845, #1319 ) ;
#1222 = ADVANCED_FACE ( 'NONE', ( #320 ), #1478, .T. ) ;
#1223 = CYLINDRICAL_SURFACE ( 'NONE', #521, 7.499999999999999112 ) ;
#1224 = FACE_OUTER_BOUND ( 'NONE', #1939, .T. ) ;
#1225 = DIRECTION ( 'NONE',  ( -1.000000000000000000, 0.000000000000000000, -0.000000000000000000 ) ) ;
#1226 = ORIENTED_EDGE ( 'NONE', *, *, #2105, .T. ) ;
#1227 = CARTESIAN_POINT ( 'NONE',  ( 5.899999999999998579, 2.838308449282239909, 6.942190226919240814 ) ) ;
#1228 = DIRECTION ( 'NONE',  ( -1.000000000000000000, 0.000000000000000000, 0.000000000000000000 ) ) ;
#1229 = VERTEX_POINT ( 'NONE', #811 ) ;
#1230 = DIRECTION ( 'NONE',  ( 1.000000000000000000, 0.000000000000000000, 0.000000000000000000 ) ) ;
#1231 = CYLINDRICAL_SURFACE ( 'NONE', #2012, 2.600000000000000089 ) ;
#1232 = EDGE_CURVE ( 'NONE', #659, #1816, #1904, .T. ) ;
#1233 = DIRECTION ( 'NONE',  ( 0.000000000000000000, 0.000000000000000000, 1.000000000000000000 ) ) ;
#1234 = EDGE_CURVE ( 'NONE', #1937, #639, #2048, .T. ) ;
#1235 = ORIENTED_EDGE ( 'NONE', *, *, #1071, .F. ) ;
#1236 = AXIS2_PLACEMENT_3D ( 'NONE', #996, #2017, #1152 ) ;
#1237 = ORIENTED_EDGE ( 'NONE', *, *, #866, .T. ) ;
#1238 = CARTESIAN_POINT ( 'NONE',  ( 11.79999999999999893, 3.169332194722040086, 5.221400416671670541 ) ) ;
#1239 = CARTESIAN_POINT ( 'NONE',  ( 11.79999999999999893, -1.336339846557634159, 5.076041451219868605 ) ) ;
#1240 = VECTOR ( 'NONE', #1994, 1000.000000000000000 ) ;
#1241 = DIRECTION ( 'NONE',  ( 1.000000000000000000, 0.000000000000000000, 0.000000000000000000 ) ) ;
#1242 = ORIENTED_EDGE ( 'NONE', *, *, #1836, .F. ) ;
#1243 = DIRECTION ( 'NONE',  ( 0.000000000000000000, 0.000000000000000000, 1.000000000000000000 ) ) ;
#1244 = AXIS2_PLACEMENT_3D ( 'NONE', #405, #209, #552 ) ;
#1245 = CARTESIAN_POINT ( 'NONE',  ( 14.90000000000000036, 0.000000000000000000, 4.000000000000000000 ) ) ;
#1246 =( GEOMETRIC_REPRESENTATION_CONTEXT ( 3 ) GLOBAL_UNCERTAINTY_ASSIGNED_CONTEXT ( ( #365 ) ) GLOBAL_UNIT_ASSIGNED_CONTEXT ( ( #903, #2081, #729 ) ) REPRESENTATION_CONTEXT ( 'NONE', 'WORKASPACE' ) );
#1247 = CARTESIAN_POINT ( 'NONE',  ( 11.79999999999999893, 5.232810053259659533, -0.5504583504984408293 ) ) ;
#1248 = EDGE_CURVE ( 'NONE', #2008, #843, #964, .T. ) ;
#1249 = CIRCLE ( 'NONE', #799, 5.249000000000000554 ) ;
#1250 = ORIENTED_EDGE ( 'NONE', *, *, #626, .F. ) ;
#1251 = CIRCLE ( 'NONE', #299, 5.249000000000000554 ) ;
#1252 = ADVANCED_FACE ( 'NONE', ( #138 ), #1523, .T. ) ;
#1253 = AXIS2_PLACEMENT_3D ( 'NONE', #929, #569, #1893 ) ;
#1254 = CYLINDRICAL_SURFACE ( 'NONE', #337, 7.499999999999999112 ) ;
#1255 = ORIENTED_EDGE ( 'NONE', *, *, #246, .T. ) ;
#1256 = AXIS2_PLACEMENT_3D ( 'NONE', #450, #1927, #628 ) ;
#1257 = ORIENTED_EDGE ( 'NONE', *, *, #800, .F. ) ;
#1258 = LINE ( 'NONE', #456, #1109 ) ;
#1259 = DIRECTION ( 'NONE',  ( -1.000000000000000000, 0.000000000000000000, 0.000000000000000000 ) ) ;
#1260 = DIRECTION ( 'NONE',  ( 0.000000000000000000, 0.6631226582407911962, 0.7485107481711046340 ) ) ;
#1261 = DIRECTION ( 'NONE',  ( -1.000000000000000000, 0.000000000000000000, -0.000000000000000000 ) ) ;
#1262 = EDGE_CURVE ( 'NONE', #1579, #1591, #2149, .T. ) ;
#1263 = EDGE_LOOP ( 'NONE', ( #1655, #1131, #1473, #423 ) ) ;
#1264 = EDGE_CURVE ( 'NONE', #1579, #32, #471, .T. ) ;
#1265 = ORIENTED_EDGE ( 'NONE', *, *, #1929, .F. ) ;
#1266 = DIRECTION ( 'NONE',  ( 0.000000000000000000, 0.2393156642875516604, 0.9709418174260535661 ) ) ;
#1267 = DIRECTION ( 'NONE',  ( 0.000000000000000000, 0.000000000000000000, 1.000000000000000000 ) ) ;
#1268 = ORIENTED_EDGE ( 'NONE', *, *, #402, .F. ) ;
#1269 = DIRECTION ( 'NONE',  ( -1.000000000000000000, 0.000000000000000000, 0.000000000000000000 ) ) ;
#1270 = DIRECTION ( 'NONE',  ( 0.000000000000000000, -0.4647231720437572933, -0.8854560256532157947 ) ) ;
#1271 = CARTESIAN_POINT ( 'NONE',  ( 11.79999999999999893, 0.000000000000000000, 0.000000000000000000 ) ) ;
#1272 = DIRECTION ( 'NONE',  ( 1.000000000000000000, -0.000000000000000000, 0.000000000000000000 ) ) ;
#1273 = VERTEX_POINT ( 'NONE', #993 ) ;
#1274 = ORIENTED_EDGE ( 'NONE', *, *, #1628, .F. ) ;
#1275 = CARTESIAN_POINT ( 'NONE',  ( 11.79999999999999893, 5.232810053259659533, -3.150458350498440474 ) ) ;
#1276 = ADVANCED_FACE ( 'NONE', ( #1668 ), #149, .T. ) ;
#1277 = DIRECTION ( 'NONE',  ( 0.000000000000000000, 0.000000000000000000, -1.000000000000000000 ) ) ;
#1278 = ORIENTED_EDGE ( 'NONE', *, *, #392, .F. ) ;
#1279 = CARTESIAN_POINT ( 'NONE',  ( 11.79999999999999893, 5.484582574931812005, 5.115599083074662268 ) ) ;
#1280 = CIRCLE ( 'NONE', #1808, 2.600000000000000089 ) ;
#1281 = EDGE_CURVE ( 'NONE', #881, #1816, #48, .T. ) ;
#1282 = CIRCLE ( 'NONE', #1349, 5.248999999999999666 ) ;
#1283 = CARTESIAN_POINT ( 'NONE',  ( 11.79999999999999893, 0.000000000000000000, 0.000000000000000000 ) ) ;
#1284 = CYLINDRICAL_SURFACE ( 'NONE', #695, 2.600000000000000089 ) ;
#1285 = DIRECTION ( 'NONE',  ( -1.000000000000000000, -0.000000000000000000, -0.000000000000000000 ) ) ;
#1286 = ORIENTED_EDGE ( 'NONE', *, *, #56, .T. ) ;
#1287 = VECTOR ( 'NONE', #1312, 1000.000000000000000 ) ;
#1288 = EDGE_LOOP ( 'NONE', ( #1766, #63, #549, #260 ) ) ;
#1289 = CIRCLE ( 'NONE', #1356, 2.600000000000000089 ) ;
#1290 = CARTESIAN_POINT ( 'NONE',  ( 0.000000000000000000, -1.827674251943160355, -5.828146849600199353 ) ) ;
#1291 = DIRECTION ( 'NONE',  ( 1.000000000000000000, -0.000000000000000000, -0.000000000000000000 ) ) ;
#1292 = ORIENTED_EDGE ( 'NONE', *, *, #1359, .F. ) ;
#1293 = FACE_OUTER_BOUND ( 'NONE', #1578, .T. ) ;
#1294 = AXIS2_PLACEMENT_3D ( 'NONE', #2002, #1003, #1682 ) ;
#1295 = DIRECTION ( 'NONE',  ( -1.000000000000000000, -0.000000000000000000, -0.000000000000000000 ) ) ;
#1296 = EDGE_CURVE ( 'NONE', #1001, #2137, #1033, .T. ) ;
#1297 = DIRECTION ( 'NONE',  ( -1.000000000000000000, 0.000000000000000000, 0.000000000000000000 ) ) ;
#1298 = VERTEX_POINT ( 'NONE', #885 ) ;
#1299 = ORIENTED_EDGE ( 'NONE', *, *, #1051, .F. ) ;
#1300 = DIRECTION ( 'NONE',  ( 0.000000000000000000, 0.000000000000000000, 1.000000000000000000 ) ) ;
#1301 = ORIENTED_EDGE ( 'NONE', *, *, #310, .F. ) ;
#1302 = CYLINDRICAL_SURFACE ( 'NONE', #446, 2.600000000000000089 ) ;
#1303 = DIRECTION ( 'NONE',  ( 0.000000000000000000, -0.8229838658936495799, -0.5680647467311658039 ) ) ;
#1304 = DIRECTION ( 'NONE',  ( -1.000000000000000000, 0.000000000000000000, 0.000000000000000000 ) ) ;
#1305 = VERTEX_POINT ( 'NONE', #719 ) ;
#1306 = EDGE_CURVE ( 'NONE', #956, #881, #1314, .T. ) ;
#1307 = ORIENTED_EDGE ( 'NONE', *, *, #90, .T. ) ;
#1308 = CARTESIAN_POINT ( 'NONE',  ( 11.79999999999999893, -5.834708136317056315, -1.806618342571628899 ) ) ;
#1309 = EDGE_LOOP ( 'NONE', ( #1389, #1662, #498, #67 ) ) ;
#1310 = CARTESIAN_POINT ( 'NONE',  ( 11.79999999999999893, 2.838308449282338497, -6.942190226919200846 ) ) ;
#1311 = LINE ( 'NONE', #669, #1453 ) ;
#1312 = DIRECTION ( 'NONE',  ( -1.000000000000000000, 0.000000000000000000, 0.000000000000000000 ) ) ;
#1313 = CIRCLE ( 'NONE', #213, 7.499999999999998224 ) ;
#1314 = CIRCLE ( 'NONE', #1847, 4.000000000000000000 ) ;
#1315 = CARTESIAN_POINT ( 'NONE',  ( 0.000000000000000000, -5.834708136317056315, 0.7933816574283709677 ) ) ;
#1316 = ORIENTED_EDGE ( 'NONE', *, *, #310, .T. ) ;
#1317 = CIRCLE ( 'NONE', #1493, 5.248999999999999666 ) ;
#1318 = EDGE_LOOP ( 'NONE', ( #1019, #2020, #520, #238 ) ) ;
#1319 = DIRECTION ( 'NONE',  ( 0.000000000000000000, 0.000000000000000000, 1.000000000000000000 ) ) ;
#1320 = AXIS2_PLACEMENT_3D ( 'NONE', #543, #1397, #184 ) ;
#1321 = ORIENTED_EDGE ( 'NONE', *, *, #985, .F. ) ;
#1322 = DIRECTION ( 'NONE',  ( 0.000000000000000000, 0.000000000000000000, 1.000000000000000000 ) ) ;
#1323 = CARTESIAN_POINT ( 'NONE',  ( 11.79999999999999893, -4.936627773442891609, 1.783734068316316090 ) ) ;
#1324 = CARTESIAN_POINT ( 'NONE',  ( 5.899999999999998579, 2.479019256375309066, 7.078450644492787269 ) ) ;
#1325 = AXIS2_PLACEMENT_3D ( 'NONE', #676, #109, #512 ) ;
#1326 = CARTESIAN_POINT ( 'NONE',  ( 11.79999999999999893, 0.000000000000000000, 0.000000000000000000 ) ) ;
#1327 = DIRECTION ( 'NONE',  ( -1.000000000000000000, 0.000000000000000000, -0.000000000000000000 ) ) ;
#1328 = ORIENTED_EDGE ( 'NONE', *, *, #1049, .T. ) ;
#1329 = ORIENTED_EDGE ( 'NONE', *, *, #1768, .T. ) ;
#1330 = DIRECTION ( 'NONE',  ( 0.000000000000000000, 0.2393156642875516049, 0.9709418174260535661 ) ) ;
#1331 = EDGE_CURVE ( 'NONE', #1711, #443, #2148, .T. ) ;
#1332 = EDGE_LOOP ( 'NONE', ( #1174, #58, #1073, #988 ) ) ;
#1333 = DIRECTION ( 'NONE',  ( -1.000000000000000000, 0.000000000000000000, 0.000000000000000000 ) ) ;
#1334 = DIRECTION ( 'NONE',  ( 0.000000000000000000, 0.000000000000000000, 1.000000000000000000 ) ) ;
#1335 = EDGE_CURVE ( 'NONE', #630, #1653, #82, .T. ) ;
#1336 = DIRECTION ( 'NONE',  ( 1.000000000000000000, 0.000000000000000000, -0.000000000000000000 ) ) ;
#1337 = DIRECTION ( 'NONE',  ( 0.000000000000000000, 0.000000000000000000, 1.000000000000000000 ) ) ;
#1338 = VERTEX_POINT ( 'NONE', #1922 ) ;
#1339 = ORIENTED_EDGE ( 'NONE', *, *, #854, .F. ) ;
#1340 = DIRECTION ( 'NONE',  ( 0.000000000000000000, 0.000000000000000000, 1.000000000000000000 ) ) ;
#1341 = DIRECTION ( 'NONE',  ( -1.000000000000000000, -0.000000000000000000, -0.000000000000000000 ) ) ;
#1342 = DIRECTION ( 'NONE',  ( -1.000000000000000000, -0.000000000000000000, -0.000000000000000000 ) ) ;
#1343 = EDGE_CURVE ( 'NONE', #691, #1079, #367, .T. ) ;
#1344 = DIRECTION ( 'NONE',  ( -1.000000000000000000, -0.000000000000000000, -0.000000000000000000 ) ) ;
#1345 = DIRECTION ( 'NONE',  ( 0.000000000000000000, 0.000000000000000000, 1.000000000000000000 ) ) ;
#1346 = AXIS2_PLACEMENT_3D ( 'NONE', #897, #1376, #910 ) ;
#1347 = CARTESIAN_POINT ( 'NONE',  ( -10.00000000000000000, 0.000000000000000000, 0.000000000000000000 ) ) ;
#1348 = ORIENTED_EDGE ( 'NONE', *, *, #2054, .T. ) ;
#1349 = AXIS2_PLACEMENT_3D ( 'NONE', #1502, #1004, #1683 ) ;
#1350 = ORIENTED_EDGE ( 'NONE', *, *, #352, .T. ) ;
#1351 = VECTOR ( 'NONE', #1045, 1000.000000000000000 ) ;
#1352 = AXIS2_PLACEMENT_3D ( 'NONE', #1238, #35, #1581 ) ;
#1353 = CARTESIAN_POINT ( 'NONE',  ( 11.79999999999999893, -1.094457498395992490, -7.419714467835319738 ) ) ;
#1354 = DIRECTION ( 'NONE',  ( -1.000000000000000000, -0.000000000000000000, 0.000000000000000000 ) ) ;
#1355 = DIRECTION ( 'NONE',  ( 0.000000000000000000, 0.000000000000000000, 1.000000000000000000 ) ) ;
#1356 = AXIS2_PLACEMENT_3D ( 'NONE', #444, #1333, #991 ) ;
#1357 = AXIS2_PLACEMENT_3D ( 'NONE', #1588, #215, #594 ) ;
#1358 = DIRECTION ( 'NONE',  ( 0.000000000000000000, 0.000000000000000000, 1.000000000000000000 ) ) ;
#1359 = EDGE_CURVE ( 'NONE', #443, #1338, #372, .T. ) ;
#1360 = VERTEX_POINT ( 'NONE', #764 ) ;
#1361 = VERTEX_POINT ( 'NONE', #1095 ) ;
#1362 = VECTOR ( 'NONE', #1742, 1000.000000000000000 ) ;
#1363 = CIRCLE ( 'NONE', #1824, 5.249000000000000554 ) ;
#1364 = ORIENTED_EDGE ( 'NONE', *, *, #44, .T. ) ;
#1365 = CARTESIAN_POINT ( 'NONE',  ( 11.79999999999999893, 0.000000000000000000, 0.000000000000000000 ) ) ;
#1366 = DIRECTION ( 'NONE',  ( -1.000000000000000000, 0.000000000000000000, -0.000000000000000000 ) ) ;
#1367 = CARTESIAN_POINT ( 'NONE',  ( 0.000000000000000000, 4.366302838831117583, -2.913314353037674831 ) ) ;
#1368 = DIRECTION ( 'NONE',  ( -1.000000000000000000, 0.000000000000000000, 0.000000000000000000 ) ) ;
#1369 = ORIENTED_EDGE ( 'NONE', *, *, #473, .F. ) ;
#1370 = EDGE_CURVE ( 'NONE', #1709, #1989, #1815, .T. ) ;
#1371 = ORIENTED_EDGE ( 'NONE', *, *, #1197, .F. ) ;
#1372 = EDGE_CURVE ( 'NONE', #1030, #1273, #1799, .T. ) ;
#1373 = DIRECTION ( 'NONE',  ( 0.000000000000000000, 0.000000000000000000, 1.000000000000000000 ) ) ;
#1374 = FACE_OUTER_BOUND ( 'NONE', #1499, .T. ) ;
#1375 = CYLINDRICAL_SURFACE ( 'NONE', #934, 2.599999999999999201 ) ;
#1376 = DIRECTION ( 'NONE',  ( -1.000000000000000000, -0.000000000000000000, -0.000000000000000000 ) ) ;
#1377 = ORIENTED_EDGE ( 'NONE', *, *, #1262, .F. ) ;
#1378 = EDGE_LOOP ( 'NONE', ( #2129, #2000 ) ) ;
#1379 = CIRCLE ( 'NONE', #508, 7.499999999999998224 ) ;
#1380 = AXIS2_PLACEMENT_3D ( 'NONE', #1624, #1295, #1614 ) ;
#1381 = CARTESIAN_POINT ( 'NONE',  ( -2.899999999999999911, 0.000000000000000000, 4.000000000000000000 ) ) ;
#1382 = CARTESIAN_POINT ( 'NONE',  ( 11.79999999999999893, 5.232810053259659533, -0.5504583504984408293 ) ) ;
#1383 = CARTESIAN_POINT ( 'NONE',  ( 0.000000000000000000, -1.094457498396095740, 7.419714467835304639 ) ) ;
#1384 = CARTESIAN_POINT ( 'NONE',  ( 11.79999999999999893, 6.097514190792873379, 2.242215756635040691 ) ) ;
#1385 = VECTOR ( 'NONE', #334, 1000.000000000000000 ) ;
#1386 = FACE_OUTER_BOUND ( 'NONE', #1288, .T. ) ;
#1387 = AXIS2_PLACEMENT_3D ( 'NONE', #1789, #432, #465 ) ;
#1388 = ORIENTED_EDGE ( 'NONE', *, *, #116, .F. ) ;
#1389 = ORIENTED_EDGE ( 'NONE', *, *, #538, .T. ) ;
#1390 = VECTOR ( 'NONE', #1870, 1000.000000000000000 ) ;
#1391 = CARTESIAN_POINT ( 'NONE',  ( 11.79999999999999893, 2.512284471165419308, -4.608733853884501741 ) ) ;
#1392 = DIRECTION ( 'NONE',  ( -1.000000000000000000, 0.000000000000000000, 0.000000000000000000 ) ) ;
#1393 = CARTESIAN_POINT ( 'NONE',  ( 11.79999999999999893, 5.565351310227347525, 2.516853922155884771 ) ) ;
#1394 = CIRCLE ( 'NONE', #164, 5.249000000000001442 ) ;
#1395 = ADVANCED_FACE ( 'NONE', ( #2104 ), #1942, .T. ) ;
#1396 = VERTEX_POINT ( 'NONE', #259 ) ;
#1397 = DIRECTION ( 'NONE',  ( -1.000000000000000000, 0.000000000000000000, -0.000000000000000000 ) ) ;
#1398 = EDGE_CURVE ( 'NONE', #1580, #1839, #1496, .T. ) ;
#1399 = CARTESIAN_POINT ( 'NONE',  ( 11.79999999999999893, 2.512284471165352251, 4.608733853884538156 ) ) ;
#1400 = LINE ( 'NONE', #1770, #1185 ) ;
#1401 = ORIENTED_EDGE ( 'NONE', *, *, #433, .F. ) ;
#1402 = CARTESIAN_POINT ( 'NONE',  ( 0.000000000000000000, 5.739393982264608063, -4.827976461867309332 ) ) ;
#1403 = CARTESIAN_POINT ( 'NONE',  ( 11.79999999999999893, 3.418372660479925607, -3.983306334451744757 ) ) ;
#1404 = DIRECTION ( 'NONE',  ( -1.000000000000000000, 0.000000000000000000, 0.000000000000000000 ) ) ;
#1405 = DIRECTION ( 'NONE',  ( 0.000000000000000000, 0.000000000000000000, 1.000000000000000000 ) ) ;
#1406 = ORIENTED_EDGE ( 'NONE', *, *, #392, .T. ) ;
#1407 = DIRECTION ( 'NONE',  ( -1.000000000000000000, -0.000000000000000000, -0.000000000000000000 ) ) ;
#1408 = DIRECTION ( 'NONE',  ( 0.000000000000000000, 0.000000000000000000, 1.000000000000000000 ) ) ;
#1409 = EDGE_CURVE ( 'NONE', #1090, #2100, #1982, .T. ) ;
#1410 = VERTEX_POINT ( 'NONE', #1111 ) ;
#1411 = ORIENTED_EDGE ( 'NONE', *, *, #2157, .F. ) ;
#1412 = CIRCLE ( 'NONE', #1346, 7.500000000000000000 ) ;
#1413 = ORIENTED_EDGE ( 'NONE', *, *, #1796, .T. ) ;
#1414 = CYLINDRICAL_SURFACE ( 'NONE', #1638, 4.000000000000000000 ) ;
#1415 = DIRECTION ( 'NONE',  ( -1.000000000000000000, -0.000000000000000000, -0.000000000000000000 ) ) ;
#1416 = AXIS2_PLACEMENT_3D ( 'NONE', #1934, #2108, #613 ) ;
#1417 = DIRECTION ( 'NONE',  ( 1.000000000000000000, 0.000000000000000000, 0.000000000000000000 ) ) ;
#1418 = VERTEX_POINT ( 'NONE', #620 ) ;
#1419 = FACE_OUTER_BOUND ( 'NONE', #2127, .T. ) ;
#1420 = AXIS2_PLACEMENT_3D ( 'NONE', #128, #675, #1520 ) ;
#1421 = CARTESIAN_POINT ( 'NONE',  ( 11.79999999999999893, 1.090149711768812146, -6.009930322196014529 ) ) ;
#1422 = VERTEX_POINT ( 'NONE', #408 ) ;
#1423 = ADVANCED_FACE ( 'NONE', ( #1756 ), #1254, .T. ) ;
#1424 = AXIS2_PLACEMENT_3D ( 'NONE', #678, #1697, #1345 ) ;
#1425 = CARTESIAN_POINT ( 'NONE',  ( 11.79999999999999893, 0.3797985249671099184, -6.096182572081771056 ) ) ;
#1426 = EDGE_LOOP ( 'NONE', ( #373, #1316 ) ) ;
#1427 = ORIENTED_EDGE ( 'NONE', *, *, #901, .T. ) ;
#1428 = MECHANICAL_DESIGN_GEOMETRIC_PRESENTATION_REPRESENTATION (  '', ( #303 ), #1044 ) ;
#1429 = CIRCLE ( 'NONE', #487, 2.599999999999999645 ) ;
#1430 = ORIENTED_EDGE ( 'NONE', *, *, #179, .F. ) ;
#1431 = DIRECTION ( 'NONE',  ( -1.000000000000000000, -0.000000000000000000, 0.000000000000000000 ) ) ;
#1432 = DIRECTION ( 'NONE',  ( -1.000000000000000000, -0.000000000000000000, 0.000000000000000000 ) ) ;
#1433 = CARTESIAN_POINT ( 'NONE',  ( -10.00000000000000000, 0.000000000000000000, 0.000000000000000000 ) ) ;
#1434 = LINE ( 'NONE', #1617, #1507 ) ;
#1435 = ORIENTED_EDGE ( 'NONE', *, *, #2029, .T. ) ;
#1436 = EDGE_CURVE ( 'NONE', #1549, #2032, #984, .T. ) ;
#1437 = CARTESIAN_POINT ( 'NONE',  ( -10.00000000000000000, 0.000000000000000000, 0.000000000000000000 ) ) ;
#1438 = ORIENTED_EDGE ( 'NONE', *, *, #1571, .F. ) ;
#1439 = ADVANCED_FACE ( 'NONE', ( #166 ), #670, .T. ) ;
#1440 = DIRECTION ( 'NONE',  ( 0.000000000000000000, 0.000000000000000000, -1.000000000000000000 ) ) ;
#1441 = EDGE_LOOP ( 'NONE', ( #1369, #823, #1971, #489 ) ) ;
#1442 = DIRECTION ( 'NONE',  ( 0.000000000000000000, 0.000000000000000000, 1.000000000000000000 ) ) ;
#1443 = DIRECTION ( 'NONE',  ( 0.000000000000000000, 0.000000000000000000, 1.000000000000000000 ) ) ;
#1444 = DIRECTION ( 'NONE',  ( 0.000000000000000000, 0.2393156642875516049, 0.9709418174260535661 ) ) ;
#1445 = FACE_OUTER_BOUND ( 'NONE', #1743, .T. ) ;
#1446 = ORIENTED_EDGE ( 'NONE', *, *, #689, .T. ) ;
#1447 = ORIENTED_EDGE ( 'NONE', *, *, #71, .F. ) ;
#1448 = CIRCLE ( 'NONE', #1631, 7.500000000000000000 ) ;
#1449 = EDGE_CURVE ( 'NONE', #852, #1166, #995, .T. ) ;
#1450 = DIRECTION ( 'NONE',  ( -1.000000000000000000, 0.000000000000000000, 0.000000000000000000 ) ) ;
#1451 = ORIENTED_EDGE ( 'NONE', *, *, #1660, .T. ) ;
#1452 = CARTESIAN_POINT ( 'NONE',  ( 11.79999999999999893, -4.801309747471091960, -3.775594467174644642 ) ) ;
#1453 = VECTOR ( 'NONE', #1336, 1000.000000000000000 ) ;
#1454 = CIRCLE ( 'NONE', #2015, 5.249000000000001442 ) ;
#1455 = DIRECTION ( 'NONE',  ( -0.000000000000000000, 0.000000000000000000, 1.000000000000000000 ) ) ;
#1456 = CARTESIAN_POINT ( 'NONE',  ( 11.79999999999999893, -5.200109362712501238, 0.7147472391200841990 ) ) ;
#1457 = APPLICATION_CONTEXT ( 'automotive_design' ) ;
#1458 = AXIS2_PLACEMENT_3D ( 'NONE', #145, #1180, #296 ) ;
#1459 = DIRECTION ( 'NONE',  ( -1.000000000000000000, 0.000000000000000000, -0.000000000000000000 ) ) ;
#1460 = VERTEX_POINT ( 'NONE', #150 ) ;
#1461 = ORIENTED_EDGE ( 'NONE', *, *, #1032, .F. ) ;
#1462 = CIRCLE ( 'NONE', #1817, 5.248999999999999666 ) ;
#1463 = PRESENTATION_STYLE_ASSIGNMENT (( #783 ) ) ;
#1464 = AXIS2_PLACEMENT_3D ( 'NONE', #173, #1342, #654 ) ;
#1465 = ORIENTED_EDGE ( 'NONE', *, *, #1600, .F. ) ;
#1466 = DIRECTION ( 'NONE',  ( -1.000000000000000000, -0.000000000000000000, 0.000000000000000000 ) ) ;
#1467 = VECTOR ( 'NONE', #1123, 1000.000000000000000 ) ;
#1468 = EDGE_CURVE ( 'NONE', #26, #1797, #1107, .T. ) ;
#1469 = AXIS2_PLACEMENT_3D ( 'NONE', #663, #125, #1986 ) ;
#1470 = DIRECTION ( 'NONE',  ( -1.000000000000000000, -0.000000000000000000, 0.000000000000000000 ) ) ;
#1471 = ADVANCED_FACE ( 'NONE', ( #1857 ), #1193, .T. ) ;
#1472 = CYLINDRICAL_SURFACE ( 'NONE', #1541, 2.600000000000000089 ) ;
#1473 = ORIENTED_EDGE ( 'NONE', *, *, #2016, .T. ) ;
#1474 = VERTEX_POINT ( 'NONE', #1864 ) ;
#1475 = DIRECTION ( 'NONE',  ( -1.000000000000000000, 0.000000000000000000, 0.000000000000000000 ) ) ;
#1476 = VERTEX_POINT ( 'NONE', #355 ) ;
#1477 = CARTESIAN_POINT ( 'NONE',  ( 11.79999999999999893, 0.000000000000000000, 0.000000000000000000 ) ) ;
#1478 = CYLINDRICAL_SURFACE ( 'NONE', #399, 7.499999999999999112 ) ;
#1479 = CARTESIAN_POINT ( 'NONE',  ( 11.79999999999999893, 2.512284471165352251, 4.608733853884538156 ) ) ;
#1480 = DIRECTION ( 'NONE',  ( -1.000000000000000000, -0.000000000000000000, -0.000000000000000000 ) ) ;
#1481 = ORIENTED_EDGE ( 'NONE', *, *, #380, .F. ) ;
#1482 = ORIENTED_EDGE ( 'NONE', *, *, #171, .T. ) ;
#1483 = FACE_OUTER_BOUND ( 'NONE', #2095, .T. ) ;
#1484 = ORIENTED_EDGE ( 'NONE', *, *, #1049, .F. ) ;
#1485 = CARTESIAN_POINT ( 'NONE',  ( 11.79999999999999893, 0.08273200746561956698, 5.248347970070269319 ) ) ;
#1486 = DIRECTION ( 'NONE',  ( 0.000000000000000000, 0.000000000000000000, 1.000000000000000000 ) ) ;
#1487 = LINE ( 'NONE', #2150, #157 ) ;
#1488 = AXIS2_PLACEMENT_3D ( 'NONE', #348, #645, #1186 ) ;
#1489 = CIRCLE ( 'NONE', #544, 2.600000000000000089 ) ;
#1490 = DIRECTION ( 'NONE',  ( 0.000000000000000000, 0.9350162426854132791, 0.3546048870425395627 ) ) ;
#1491 = ORIENTED_EDGE ( 'NONE', *, *, #2040, .T. ) ;
#1492 = EDGE_CURVE ( 'NONE', #124, #1410, #2153, .T. ) ;
#1493 = AXIS2_PLACEMENT_3D ( 'NONE', #1159, #318, #499 ) ;
#1494 = ORIENTED_EDGE ( 'NONE', *, *, #1970, .F. ) ;
#1495 = CARTESIAN_POINT ( 'NONE',  ( 0.000000000000000000, 0.000000000000000000, 0.000000000000000000 ) ) ;
#1496 = CIRCLE ( 'NONE', #1678, 2.600000000000000089 ) ;
#1497 = EDGE_CURVE ( 'NONE', #912, #2008, #154, .T. ) ;
#1498 = VECTOR ( 'NONE', #1715, 1000.000000000000000 ) ;
#1499 = EDGE_LOOP ( 'NONE', ( #1928, #106, #1377, #1652 ) ) ;
#1500 = FACE_OUTER_BOUND ( 'NONE', #1263, .T. ) ;
#1501 = DIRECTION ( 'NONE',  ( 0.000000000000000000, 0.000000000000000000, 1.000000000000000000 ) ) ;
#1502 = CARTESIAN_POINT ( 'NONE',  ( 0.000000000000000000, 0.000000000000000000, 0.000000000000000000 ) ) ;
#1503 = AXIS2_PLACEMENT_3D ( 'NONE', #1433, #2098, #1233 ) ;
#1504 = DIRECTION ( 'NONE',  ( 0.000000000000000000, 0.000000000000000000, 1.000000000000000000 ) ) ;
#1505 = CIRCLE ( 'NONE', #2128, 2.599999999999999645 ) ;
#1506 = DIRECTION ( 'NONE',  ( -1.000000000000000000, 0.000000000000000000, 0.000000000000000000 ) ) ;
#1507 = VECTOR ( 'NONE', #110, 1000.000000000000000 ) ;
#1508 = ORIENTED_EDGE ( 'NONE', *, *, #857, .F. ) ;
#1509 = ORIENTED_EDGE ( 'NONE', *, *, #926, .F. ) ;
#1510 = FACE_OUTER_BOUND ( 'NONE', #2168, .T. ) ;
#1511 = EDGE_CURVE ( 'NONE', #1596, #1298, #835, .T. ) ;
#1512 = LINE ( 'NONE', #1975, #2087 ) ;
#1513 = FACE_OUTER_BOUND ( 'NONE', #100, .T. ) ;
#1514 = CARTESIAN_POINT ( 'NONE',  ( -10.00000000000000000, 0.000000000000000000, 0.000000000000000000 ) ) ;
#1515 = CYLINDRICAL_SURFACE ( 'NONE', #1424, 2.600000000000000089 ) ;
#1516 = LINE ( 'NONE', #323, #894 ) ;
#1517 = ORIENTED_EDGE ( 'NONE', *, *, #781, .F. ) ;
#1518 = ORIENTED_EDGE ( 'NONE', *, *, #183, .F. ) ;
#1519 = EDGE_CURVE ( 'NONE', #1795, #1273, #1040, .T. ) ;
#1520 = DIRECTION ( 'NONE',  ( 0.000000000000000000, 0.000000000000000000, -1.000000000000000000 ) ) ;
#1521 = DIRECTION ( 'NONE',  ( -1.000000000000000000, -0.000000000000000000, -0.000000000000000000 ) ) ;
#1522 = EDGE_CURVE ( 'NONE', #2137, #1580, #1487, .T. ) ;
#1523 = CYLINDRICAL_SURFACE ( 'NONE', #1710, 2.600000000000000089 ) ;
#1524 = CARTESIAN_POINT ( 'NONE',  ( 11.79999999999999893, 0.000000000000000000, 0.000000000000000000 ) ) ;
#1525 = DIRECTION ( 'NONE',  ( -1.000000000000000000, -0.000000000000000000, -0.000000000000000000 ) ) ;
#1526 = VERTEX_POINT ( 'NONE', #1005 ) ;
#1527 = AXIS2_PLACEMENT_3D ( 'NONE', #1532, #1200, #708 ) ;
#1528 = EDGE_LOOP ( 'NONE', ( #417, #1307, #1542, #1484 ) ) ;
#1529 = AXIS2_PLACEMENT_3D ( 'NONE', #2052, #1392, #46 ) ;
#1530 = DIRECTION ( 'NONE',  ( 0.000000000000000000, 0.000000000000000000, 1.000000000000000000 ) ) ;
#1531 = CARTESIAN_POINT ( 'NONE',  ( 11.79999999999999893, 4.877953425118596975, -1.938445609856967788 ) ) ;
#1532 = CARTESIAN_POINT ( 'NONE',  ( 11.79999999999999893, 3.758233514242772078, -4.814911185488591094 ) ) ;
#1533 = DIRECTION ( 'NONE',  ( 0.000000000000000000, 0.000000000000000000, 1.000000000000000000 ) ) ;
#1534 = VECTOR ( 'NONE', #190, 1000.000000000000000 ) ;
#1535 = AXIS2_PLACEMENT_3D ( 'NONE', #2109, #865, #2120 ) ;
#1536 = DIRECTION ( 'NONE',  ( 0.000000000000000000, -0.9350162426854181641, 0.3546048870425267396 ) ) ;
#1537 = EDGE_LOOP ( 'NONE', ( #269, #464, #2143, #1406 ) ) ;
#1538 = EDGE_CURVE ( 'NONE', #314, #862, #550, .T. ) ;
#1539 = ORIENTED_EDGE ( 'NONE', *, *, #249, .F. ) ;
#1540 = AXIS2_PLACEMENT_3D ( 'NONE', #1290, #763, #1440 ) ;
#1541 = AXIS2_PLACEMENT_3D ( 'NONE', #1425, #1261, #2133 ) ;
#1542 = ORIENTED_EDGE ( 'NONE', *, *, #1145, .F. ) ;
#1543 = LINE ( 'NONE', #1227, #1351 ) ;
#1544 = FACE_OUTER_BOUND ( 'NONE', #1663, .T. ) ;
#1545 = FACE_OUTER_BOUND ( 'NONE', #2094, .T. ) ;
#1546 = DIRECTION ( 'NONE',  ( -1.000000000000000000, 0.000000000000000000, 0.000000000000000000 ) ) ;
#1547 = ORIENTED_EDGE ( 'NONE', *, *, #1436, .F. ) ;
#1548 = ADVANCED_FACE ( 'NONE', ( #850 ), #1515, .T. ) ;
#1549 = VERTEX_POINT ( 'NONE', #517 ) ;
#1550 = CARTESIAN_POINT ( 'NONE',  ( 0.000000000000000000, 0.000000000000000000, 0.000000000000000000 ) ) ;
#1551 = CYLINDRICAL_SURFACE ( 'NONE', #867, 2.600000000000000089 ) ;
#1552 = FACE_OUTER_BOUND ( 'NONE', #1952, .T. ) ;
#1553 = DIRECTION ( 'NONE',  ( -1.000000000000000000, 0.000000000000000000, 0.000000000000000000 ) ) ;
#1554 = DIRECTION ( 'NONE',  ( 0.000000000000000000, -0.9350162426854181641, 0.3546048870425267951 ) ) ;
#1555 = EDGE_LOOP ( 'NONE', ( #1133, #1719, #611, #2144 ) ) ;
#1556 = ORIENTED_EDGE ( 'NONE', *, *, #566, .F. ) ;
#1557 = VECTOR ( 'NONE', #545, 1000.000000000000000 ) ;
#1558 = EDGE_CURVE ( 'NONE', #2067, #1932, #1911, .T. ) ;
#1559 = AXIS2_PLACEMENT_3D ( 'NONE', #834, #225, #906 ) ;
#1560 = DIRECTION ( 'NONE',  ( -1.000000000000000000, -0.000000000000000000, -0.000000000000000000 ) ) ;
#1561 = CARTESIAN_POINT ( 'NONE',  ( 0.000000000000000000, -1.336339846557563993, -5.076041451219889034 ) ) ;
#1562 = EDGE_CURVE ( 'NONE', #673, #1090, #410, .T. ) ;
#1563 = DIRECTION ( 'NONE',  ( -1.000000000000000000, 0.000000000000000000, 0.000000000000000000 ) ) ;
#1564 = CARTESIAN_POINT ( 'NONE',  ( 0.000000000000000000, 0.000000000000000000, 0.000000000000000000 ) ) ;
#1565 = AXIS2_PLACEMENT_3D ( 'NONE', #1978, #1826, #2166 ) ;
#1566 = DIRECTION ( 'NONE',  ( 0.000000000000000000, 0.000000000000000000, -1.000000000000000000 ) ) ;
#1567 = VECTOR ( 'NONE', #1167, 1000.000000000000000 ) ;
#1568 = CARTESIAN_POINT ( 'NONE',  ( 5.899999999999999467, 5.484582574931883947, -5.115599083074584108 ) ) ;
#1569 = VERTEX_POINT ( 'NONE', #1080 ) ;
#1570 = CIRCLE ( 'NONE', #20, 2.599999999999999645 ) ;
#1571 = EDGE_CURVE ( 'NONE', #862, #1079, #624, .T. ) ;
#1572 = CARTESIAN_POINT ( 'NONE',  ( 0.000000000000000000, -4.417207229927547552, -6.061211123849404636 ) ) ;
#1573 = LINE ( 'NONE', #395, #1390 ) ;
#1574 = EDGE_CURVE ( 'NONE', #639, #1591, #224, .T. ) ;
#1575 = ORIENTED_EDGE ( 'NONE', *, *, #1306, .F. ) ;
#1576 = CARTESIAN_POINT ( 'NONE',  ( 11.79999999999999893, 5.220053845774029533, 0.5504896431539503254 ) ) ;
#1577 = PLANE ( 'NONE',  #1901 ) ;
#1578 = EDGE_LOOP ( 'NONE', ( #1226, #118, #522, #999 ) ) ;
#1579 = VERTEX_POINT ( 'NONE', #868 ) ;
#1580 = VERTEX_POINT ( 'NONE', #227 ) ;
#1581 = DIRECTION ( 'NONE',  ( 0.000000000000000000, 0.4647231720437694502, -0.8854560256532094664 ) ) ;
#1582 = CARTESIAN_POINT ( 'NONE',  ( 0.000000000000000000, 6.097514190792873379, -0.3577842433649591203 ) ) ;
#1583 = EDGE_CURVE ( 'NONE', #271, #747, #366, .T. ) ;
#1584 = ORIENTED_EDGE ( 'NONE', *, *, #800, .T. ) ;
#1585 = DIRECTION ( 'NONE',  ( 0.000000000000000000, 0.000000000000000000, 1.000000000000000000 ) ) ;
#1586 = EDGE_CURVE ( 'NONE', #2156, #1204, #900, .T. ) ;
#1587 = CARTESIAN_POINT ( 'NONE',  ( 11.79999999999999893, -6.549453565922359388, -3.654402548683829188 ) ) ;
#1588 = CARTESIAN_POINT ( 'NONE',  ( 11.79999999999999893, 0.000000000000000000, 0.000000000000000000 ) ) ;
#1589 = ORIENTED_EDGE ( 'NONE', *, *, #626, .T. ) ;
#1590 = VECTOR ( 'NONE', #285, 1000.000000000000000 ) ;
#1591 = VERTEX_POINT ( 'NONE', #211 ) ;
#1592 = DIRECTION ( 'NONE',  ( -1.000000000000000000, -0.000000000000000000, 0.000000000000000000 ) ) ;
#1593 = SURFACE_SIDE_STYLE ('',( #795 ) ) ;
#1594 = AXIS2_PLACEMENT_3D ( 'NONE', #1925, #1081, #1455 ) ;
#1595 = DIRECTION ( 'NONE',  ( 0.000000000000000000, 0.000000000000000000, -1.000000000000000000 ) ) ;
#1596 = VERTEX_POINT ( 'NONE', #1384 ) ;
#1597 = LINE ( 'NONE', #261, #657 ) ;
#1598 = AXIS2_PLACEMENT_3D ( 'NONE', #1191, #562, #1530 ) ;
#1599 = CARTESIAN_POINT ( 'NONE',  ( 0.000000000000000000, -4.272308565096042621, 3.049488567712131726 ) ) ;
#1600 = EDGE_CURVE ( 'NONE', #2008, #155, #534, .T. ) ;
#1601 = ORIENTED_EDGE ( 'NONE', *, *, #1984, .T. ) ;
#1602 = AXIS2_PLACEMENT_3D ( 'NONE', #442, #1450, #1405 ) ;
#1603 = AXIS2_PLACEMENT_3D ( 'NONE', #1038, #576, #742 ) ;
#1604 = CARTESIAN_POINT ( 'NONE',  ( 0.000000000000000000, -5.834708136317056315, -1.806618342571628899 ) ) ;
#1605 = ADVANCED_FACE ( 'NONE', ( #1545 ), #29, .T. ) ;
#1606 = ORIENTED_EDGE ( 'NONE', *, *, #943, .F. ) ;
#1607 = ORIENTED_EDGE ( 'NONE', *, *, #1372, .F. ) ;
#1608 = DIRECTION ( 'NONE',  ( 0.000000000000000000, 0.000000000000000000, -1.000000000000000000 ) ) ;
#1609 = AXIS2_PLACEMENT_3D ( 'NONE', #541, #17, #2062 ) ;
#1610 = DIRECTION ( 'NONE',  ( 1.000000000000000000, -0.000000000000000000, -0.000000000000000000 ) ) ;
#1611 = AXIS2_PLACEMENT_3D ( 'NONE', #808, #1475, #2136 ) ;
#1612 = EDGE_LOOP ( 'NONE', ( #1923, #1196, #735, #2063 ) ) ;
#1613 = CARTESIAN_POINT ( 'NONE',  ( 11.79999999999999893, 1.090149711768812146, -6.009930322196014529 ) ) ;
#1614 = DIRECTION ( 'NONE',  ( 0.000000000000000000, 0.000000000000000000, 1.000000000000000000 ) ) ;
#1615 = ORIENTED_EDGE ( 'NONE', *, *, #380, .T. ) ;
#1616 = ADVANCED_FACE ( 'NONE', ( #2064 ), #701, .T. ) ;
#1617 = CARTESIAN_POINT ( 'NONE',  ( 5.899999999999998579, -0.7129993441056831083, -7.466031873445546196 ) ) ;
#1618 = ORIENTED_EDGE ( 'NONE', *, *, #994, .T. ) ;
#1619 = VERTEX_POINT ( 'NONE', #720 ) ;
#1620 = CARTESIAN_POINT ( 'NONE',  ( 5.899999999999999467, 5.484582574931812005, 5.115599083074662268 ) ) ;
#1621 = DIRECTION ( 'NONE',  ( -1.000000000000000000, 0.000000000000000000, 0.000000000000000000 ) ) ;
#1622 = EDGE_LOOP ( 'NONE', ( #980, #1187, #1518, #741 ) ) ;
#1623 = CARTESIAN_POINT ( 'NONE',  ( 5.899999999999998579, -0.7129993441057881354, 7.466031873445537315 ) ) ;
#1624 = CARTESIAN_POINT ( 'NONE',  ( 11.79999999999999893, 0.000000000000000000, 0.000000000000000000 ) ) ;
#1625 = CARTESIAN_POINT ( 'NONE',  ( 11.79999999999999893, 3.758233514242772078, -4.814911185488591094 ) ) ;
#1626 = DIRECTION ( 'NONE',  ( -1.000000000000000000, 0.000000000000000000, -0.000000000000000000 ) ) ;
#1627 = ORIENTED_EDGE ( 'NONE', *, *, #901, .F. ) ;
#1628 = EDGE_CURVE ( 'NONE', #1079, #1849, #1871, .T. ) ;
#1629 = EDGE_LOOP ( 'NONE', ( #256, #1589, #924, #1447 ) ) ;
#1630 = DIRECTION ( 'NONE',  ( -1.000000000000000000, -0.000000000000000000, 0.000000000000000000 ) ) ;
#1631 = AXIS2_PLACEMENT_3D ( 'NONE', #504, #1, #1173 ) ;
#1632 = DIRECTION ( 'NONE',  ( 0.000000000000000000, -0.4647231720437572933, -0.8854560256532157947 ) ) ;
#1633 = ADVANCED_FACE ( 'NONE', ( #1898 ), #1375, .T. ) ;
#1634 = EDGE_LOOP ( 'NONE', ( #2135, #134, #1539, #782 ) ) ;
#1635 = CYLINDRICAL_SURFACE ( 'NONE', #1184, 2.600000000000000089 ) ;
#1636 = CIRCLE ( 'NONE', #510, 5.249000000000000554 ) ;
#1637 = DIRECTION ( 'NONE',  ( -1.000000000000000000, -0.000000000000000000, 0.000000000000000000 ) ) ;
#1638 = AXIS2_PLACEMENT_3D ( 'NONE', #201, #587, #1880 ) ;
#1639 = CARTESIAN_POINT ( 'NONE',  ( 0.000000000000000000, 1.175683915181614303, 5.115639581868842711 ) ) ;
#1640 = VERTEX_POINT ( 'NONE', #1367 ) ;
#1641 = ORIENTED_EDGE ( 'NONE', *, *, #578, .F. ) ;
#1642 = AXIS2_PLACEMENT_3D ( 'NONE', #1685, #656, #493 ) ;
#1643 = FACE_OUTER_BOUND ( 'NONE', #814, .T. ) ;
#1644 = ADVANCED_FACE ( 'NONE', ( #194 ), #1223, .T. ) ;
#1645 = CIRCLE ( 'NONE', #975, 4.000000000000000000 ) ;
#1646 = ORIENTED_EDGE ( 'NONE', *, *, #1562, .T. ) ;
#1647 = DIRECTION ( 'NONE',  ( 0.000000000000000000, 0.9350162426854132791, 0.3546048870425395627 ) ) ;
#1648 = CIRCLE ( 'NONE', #229, 2.600000000000000089 ) ;
#1649 = VECTOR ( 'NONE', #1128, 1000.000000000000000 ) ;
#1650 = CARTESIAN_POINT ( 'NONE',  ( 11.79999999999999893, 3.758233514242704132, 4.814911185488644385 ) ) ;
#1651 = CARTESIAN_POINT ( 'NONE',  ( 11.79999999999999893, 0.000000000000000000, 0.000000000000000000 ) ) ;
#1652 = ORIENTED_EDGE ( 'NONE', *, *, #1264, .T. ) ;
#1653 = VERTEX_POINT ( 'NONE', #1211 ) ;
#1654 = CYLINDRICAL_SURFACE ( 'NONE', #93, 2.600000000000000089 ) ;
#1655 = ORIENTED_EDGE ( 'NONE', *, *, #1370, .F. ) ;
#1656 = CARTESIAN_POINT ( 'NONE',  ( 0.000000000000000000, 4.877953425118569442, 1.938445609857035068 ) ) ;
#1657 = PRODUCT_RELATED_PRODUCT_CATEGORY ( 'part', '', ( #62 ) ) ;
#1658 = CARTESIAN_POINT ( 'NONE',  ( -10.00000000000000000, 0.000000000000000000, 0.000000000000000000 ) ) ;
#1659 = DIRECTION ( 'NONE',  ( -1.000000000000000000, -0.000000000000000000, 0.000000000000000000 ) ) ;
#1660 = EDGE_CURVE ( 'NONE', #1361, #1305, #1006, .T. ) ;
#1661 = CYLINDRICAL_SURFACE ( 'NONE', #1136, 5.249000000000000554 ) ;
#1662 = ORIENTED_EDGE ( 'NONE', *, *, #1796, .F. ) ;
#1663 = EDGE_LOOP ( 'NONE', ( #1919, #455, #1255, #2022 ) ) ;
#1664 = FACE_OUTER_BOUND ( 'NONE', #1043, .T. ) ;
#1665 = VERTEX_POINT ( 'NONE', #1576 ) ;
#1666 = DIRECTION ( 'NONE',  ( 0.000000000000000000, 0.000000000000000000, -1.000000000000000000 ) ) ;
#1667 = FACE_OUTER_BOUND ( 'NONE', #528, .T. ) ;
#1668 = FACE_OUTER_BOUND ( 'NONE', #945, .T. ) ;
#1669 = CIRCLE ( 'NONE', #1488, 7.499999999999998224 ) ;
#1670 = CIRCLE ( 'NONE', #721, 2.600000000000000533 ) ;
#1671 = ADVANCED_FACE ( 'NONE', ( #1201 ), #1048, .T. ) ;
#1672 = DIRECTION ( 'NONE',  ( -1.000000000000000000, 0.000000000000000000, 0.000000000000000000 ) ) ;
#1673 = ORIENTED_EDGE ( 'NONE', *, *, #293, .T. ) ;
#1674 = ADVANCED_FACE ( 'NONE', ( #2073 ), #1733, .T. ) ;
#1675 = AXIS2_PLACEMENT_3D ( 'NONE', #1365, #902, #736 ) ;
#1676 = ORIENTED_EDGE ( 'NONE', *, *, #60, .T. ) ;
#1677 = LINE ( 'NONE', #135, #2028 ) ;
#1678 = AXIS2_PLACEMENT_3D ( 'NONE', #610, #1241, #1277 ) ;
#1679 = AXIS2_PLACEMENT_3D ( 'NONE', #1613, #1466, #925 ) ;
#1680 = ORIENTED_EDGE ( 'NONE', *, *, #582, .F. ) ;
#1681 = FACE_OUTER_BOUND ( 'NONE', #254, .T. ) ;
#1682 = DIRECTION ( 'NONE',  ( 0.000000000000000000, 0.4647231720437694502, -0.8854560256532094664 ) ) ;
#1683 = DIRECTION ( 'NONE',  ( 0.000000000000000000, 0.6631226582407913073, 0.7485107481711046340 ) ) ;
#1684 = CIRCLE ( 'NONE', #377, 7.499999999999998224 ) ;
#1685 = CARTESIAN_POINT ( 'NONE',  ( 0.000000000000000000, -1.827674251943241845, 5.828146849600174484 ) ) ;
#1686 = AXIS2_PLACEMENT_3D ( 'NONE', #210, #362, #36 ) ;
#1687 = FACE_OUTER_BOUND ( 'NONE', #1861, .T. ) ;
#1688 = ORIENTED_EDGE ( 'NONE', *, *, #1021, .F. ) ;
#1689 = AXIS2_PLACEMENT_3D ( 'NONE', #596, #605, #1794 ) ;
#1690 = ORIENTED_EDGE ( 'NONE', *, *, #1359, .T. ) ;
#1691 = ADVANCED_FACE ( 'NONE', ( #1910 ), #275, .T. ) ;
#1692 = VERTEX_POINT ( 'NONE', #1801 ) ;
#1693 = EDGE_CURVE ( 'NONE', #235, #830, #1597, .T. ) ;
#1694 = LINE ( 'NONE', #1485, #546 ) ;
#1695 = DIRECTION ( 'NONE',  ( -1.000000000000000000, -0.000000000000000000, -0.000000000000000000 ) ) ;
#1696 = DIRECTION ( 'NONE',  ( -1.000000000000000000, 0.000000000000000000, 0.000000000000000000 ) ) ;
#1697 = DIRECTION ( 'NONE',  ( -1.000000000000000000, 0.000000000000000000, 0.000000000000000000 ) ) ;
#1698 = DIRECTION ( 'NONE',  ( -1.000000000000000000, 0.000000000000000000, 0.000000000000000000 ) ) ;
#1699 = ORIENTED_EDGE ( 'NONE', *, *, #1262, .T. ) ;
#1700 = ORIENTED_EDGE ( 'NONE', *, *, #1409, .T. ) ;
#1701 = ORIENTED_EDGE ( 'NONE', *, *, #879, .F. ) ;
#1702 = CARTESIAN_POINT ( 'NONE',  ( 0.000000000000000000, -6.005954884062090215, 3.711842975573189207 ) ) ;
#1703 = CARTESIAN_POINT ( 'NONE',  ( 11.79999999999999893, 0.08273200746569350783, -5.248347970070267543 ) ) ;
#1704 = ADVANCED_FACE ( 'NONE', ( #68 ), #635, .T. ) ;
#1705 = DIRECTION ( 'NONE',  ( -1.000000000000000000, -0.000000000000000000, 0.000000000000000000 ) ) ;
#1706 = CIRCLE ( 'NONE', #363, 2.600000000000000089 ) ;
#1707 = PLANE ( 'NONE',  #1031 ) ;
#1708 = ORIENTED_EDGE ( 'NONE', *, *, #376, .T. ) ;
#1709 = VERTEX_POINT ( 'NONE', #1965 ) ;
#1710 = AXIS2_PLACEMENT_3D ( 'NONE', #1650, #819, #1486 ) ;
#1711 = VERTEX_POINT ( 'NONE', #1767 ) ;
#1712 = DIRECTION ( 'NONE',  ( 0.000000000000000000, -0.9350162426854181641, 0.3546048870425267951 ) ) ;
#1713 = DIRECTION ( 'NONE',  ( 0.000000000000000000, 0.000000000000000000, 1.000000000000000000 ) ) ;
#1714 = AXIS2_PLACEMENT_3D ( 'NONE', #2055, #556, #1533 ) ;
#1715 = DIRECTION ( 'NONE',  ( 1.000000000000000000, -0.000000000000000000, -0.000000000000000000 ) ) ;
#1716 = ADVANCED_FACE ( 'NONE', ( #1777 ), #1635, .T. ) ;
#1717 = AXIS2_PLACEMENT_3D ( 'NONE', #952, #1168, #1501 ) ;
#1718 = DIRECTION ( 'NONE',  ( -1.000000000000000000, 0.000000000000000000, 0.000000000000000000 ) ) ;
#1719 = ORIENTED_EDGE ( 'NONE', *, *, #2155, .T. ) ;
#1720 = VECTOR ( 'NONE', #1755, 1000.000000000000000 ) ;
#1721 = AXIS2_PLACEMENT_3D ( 'NONE', #1104, #1784, #267 ) ;
#1722 = ORIENTED_EDGE ( 'NONE', *, *, #6, .T. ) ;
#1723 = CARTESIAN_POINT ( 'NONE',  ( 11.79999999999999893, 0.000000000000000000, 0.000000000000000000 ) ) ;
#1724 = CARTESIAN_POINT ( 'NONE',  ( 11.79999999999999893, 0.08273200746569350783, -5.248347970070267543 ) ) ;
#1725 = CARTESIAN_POINT ( 'NONE',  ( 11.79999999999999893, -5.200109362712490579, -0.7147472391201575848 ) ) ;
#1726 = LINE ( 'NONE', #400, #1061 ) ;
#1727 = EDGE_CURVE ( 'NONE', #115, #168, #1249, .T. ) ;
#1728 = ORIENTED_EDGE ( 'NONE', *, *, #280, .T. ) ;
#1729 = EDGE_CURVE ( 'NONE', #1229, #1139, #298, .T. ) ;
#1730 = ORIENTED_EDGE ( 'NONE', *, *, #1449, .T. ) ;
#1731 = DIRECTION ( 'NONE',  ( -1.000000000000000000, -0.000000000000000000, -0.000000000000000000 ) ) ;
#1732 = CYLINDRICAL_SURFACE ( 'NONE', #1686, 7.499999999999999112 ) ;
#1733 = CYLINDRICAL_SURFACE ( 'NONE', #14, 2.600000000000000089 ) ;
#1734 = CYLINDRICAL_SURFACE ( 'NONE', #1938, 7.499999999999999112 ) ;
#1735 = DIRECTION ( 'NONE',  ( -1.000000000000000000, 0.000000000000000000, 0.000000000000000000 ) ) ;
#1736 = EDGE_CURVE ( 'NONE', #419, #26, #622, .T. ) ;
#1737 = ORIENTED_EDGE ( 'NONE', *, *, #24, .T. ) ;
#1738 = AXIS2_PLACEMENT_3D ( 'NONE', #311, #1844, #333 ) ;
#1739 = ADVANCED_FACE ( 'NONE', ( #1293 ), #1924, .T. ) ;
#1740 = FACE_OUTER_BOUND ( 'NONE', #530, .T. ) ;
#1741 = CARTESIAN_POINT ( 'NONE',  ( 11.79999999999999893, -6.005954884062090215, 1.111842975573189563 ) ) ;
#1742 = DIRECTION ( 'NONE',  ( -1.000000000000000000, 0.000000000000000000, -0.000000000000000000 ) ) ;
#1743 = EDGE_LOOP ( 'NONE', ( #2170, #279, #1641, #898 ) ) ;
#1744 = DIRECTION ( 'NONE',  ( 0.000000000000000000, 0.8229838658936575735, -0.5680647467311541465 ) ) ;
#1745 = DIRECTION ( 'NONE',  ( 0.000000000000000000, 0.000000000000000000, 1.000000000000000000 ) ) ;
#1746 = AXIS2_PLACEMENT_3D ( 'NONE', #950, #1758, #1097 ) ;
#1747 = CARTESIAN_POINT ( 'NONE',  ( 11.80000000000000071, 0.000000000000000000, 0.000000000000000000 ) ) ;
#1748 = AXIS2_PLACEMENT_3D ( 'NONE', #1160, #2162, #1192 ) ;
#1749 = ORIENTED_EDGE ( 'NONE', *, *, #607, .T. ) ;
#1750 = AXIS2_PLACEMENT_3D ( 'NONE', #770, #1304, #976 ) ;
#1751 = EDGE_CURVE ( 'NONE', #168, #1476, #1944, .T. ) ;
#1752 = EDGE_CURVE ( 'NONE', #2116, #1619, #1258, .T. ) ;
#1753 = ORIENTED_EDGE ( 'NONE', *, *, #501, .T. ) ;
#1754 = CARTESIAN_POINT ( 'NONE',  ( 11.79999999999999893, -4.326800070397400333, -4.311205170544517351 ) ) ;
#1755 = DIRECTION ( 'NONE',  ( -1.000000000000000000, -0.000000000000000000, 0.000000000000000000 ) ) ;
#1756 = FACE_OUTER_BOUND ( 'NONE', #2007, .T. ) ;
#1757 = EDGE_LOOP ( 'NONE', ( #527, #760, #1607, #315 ) ) ;
#1758 = DIRECTION ( 'NONE',  ( -1.000000000000000000, 0.000000000000000000, 0.000000000000000000 ) ) ;
#1759 = LINE ( 'NONE', #1116, #1100 ) ;
#1760 = DIRECTION ( 'NONE',  ( -1.000000000000000000, -0.000000000000000000, -0.000000000000000000 ) ) ;
#1761 = ORIENTED_EDGE ( 'NONE', *, *, #89, .F. ) ;
#1762 = ORIENTED_EDGE ( 'NONE', *, *, #246, .F. ) ;
#1763 = DIRECTION ( 'NONE',  ( 1.000000000000000000, 0.000000000000000000, 0.000000000000000000 ) ) ;
#1764 =( NAMED_UNIT ( * ) SI_UNIT ( $, .STERADIAN. ) SOLID_ANGLE_UNIT ( ) );
#1765 = ADVANCED_FACE ( 'NONE', ( #591 ), #107, .T. ) ;
#1766 = ORIENTED_EDGE ( 'NONE', *, *, #2029, .F. ) ;
#1767 = CARTESIAN_POINT ( 'NONE',  ( 11.79999999999999893, 4.877953425118596975, -1.938445609856967788 ) ) ;
#1768 = EDGE_CURVE ( 'NONE', #1619, #124, #1462, .T. ) ;
#1769 = CARTESIAN_POINT ( 'NONE',  ( 11.79999999999999893, 2.479019256375411207, -7.078450644492754407 ) ) ;
#1770 = CARTESIAN_POINT ( 'NONE',  ( 5.899999999999999467, -6.549453565922359388, -3.654402548683829188 ) ) ;
#1771 = DIRECTION ( 'NONE',  ( -1.000000000000000000, 0.000000000000000000, 0.000000000000000000 ) ) ;
#1772 = EDGE_LOOP ( 'NONE', ( #1013, #1829, #1618, #1708 ) ) ;
#1773 = CIRCLE ( 'NONE', #2077, 2.600000000000000533 ) ;
#1774 = DIRECTION ( 'NONE',  ( -1.000000000000000000, 0.000000000000000000, 0.000000000000000000 ) ) ;
#1775 = DIRECTION ( 'NONE',  ( -1.000000000000000000, -0.000000000000000000, -0.000000000000000000 ) ) ;
#1776 = ORIENTED_EDGE ( 'NONE', *, *, #637, .T. ) ;
#1777 = FACE_OUTER_BOUND ( 'NONE', #242, .T. ) ;
#1778 = ADVANCED_FACE ( 'NONE', ( #2130 ), #1302, .T. ) ;
#1779 = CIRCLE ( 'NONE', #829, 5.249000000000000554 ) ;
#1780 = FACE_BOUND ( 'NONE', #1378, .T. ) ;
#1781 = DIRECTION ( 'NONE',  ( 0.000000000000000000, 0.000000000000000000, 1.000000000000000000 ) ) ;
#1782 = AXIS2_PLACEMENT_3D ( 'NONE', #688, #1845, #1151 ) ;
#1783 = AXIS2_PLACEMENT_3D ( 'NONE', #1564, #877, #895 ) ;
#1784 = DIRECTION ( 'NONE',  ( 1.000000000000000000, 0.000000000000000000, 0.000000000000000000 ) ) ;
#1785 = EDGE_LOOP ( 'NONE', ( #1451, #1214, #1850, #1435, #1673, #1615, #384, #1190, #792, #102, #1350, #301, #3, #1909, #40, #681, #1388, #1329, #642, #1154, #1065, #439, #409, #1601, #178, #774, #2106, #915, #1278, #2146, #1943, #1328, #1606, #1728, #1737, #1121, #827, #954, #1753, #571, #226, #1680, #2092, #537, #1122, #265, #472, #1974, #1413, #932, #2058, #1935, #77, #990, #1371, #2076 ) ) ;
#1786 = VERTEX_POINT ( 'NONE', #751 ) ;
#1787 = DIRECTION ( 'NONE',  ( -1.000000000000000000, 0.000000000000000000, 0.000000000000000000 ) ) ;
#1788 = ORIENTED_EDGE ( 'NONE', *, *, #1727, .T. ) ;
#1789 = CARTESIAN_POINT ( 'NONE',  ( 11.79999999999999893, 0.000000000000000000, 0.000000000000000000 ) ) ;
#1790 = DIRECTION ( 'NONE',  ( 1.000000000000000000, 0.000000000000000000, 0.000000000000000000 ) ) ;
#1791 = LINE ( 'NONE', #1991, #592 ) ;
#1792 = EDGE_CURVE ( 'NONE', #199, #1474, #96, .T. ) ;
#1793 = ADVANCED_FACE ( 'NONE', ( #1419 ), #766, .T. ) ;
#1794 = DIRECTION ( 'NONE',  ( 0.000000000000000000, -0.2393156642875651496, 0.9709418174260501244 ) ) ;
#1795 = VERTEX_POINT ( 'NONE', #1279 ) ;
#1796 = EDGE_CURVE ( 'NONE', #94, #341, #1289, .T. ) ;
#1797 = VERTEX_POINT ( 'NONE', #1014 ) ;
#1798 = FACE_OUTER_BOUND ( 'NONE', #2068, .T. ) ;
#1799 = LINE ( 'NONE', #740, #188 ) ;
#1800 = ORIENTED_EDGE ( 'NONE', *, *, #1949, .F. ) ;
#1801 = CARTESIAN_POINT ( 'NONE',  ( 11.79999999999999893, 7.233694121956623313, 1.980825421376195994 ) ) ;
#1802 = DIRECTION ( 'NONE',  ( -1.000000000000000000, -0.000000000000000000, -0.000000000000000000 ) ) ;
#1803 = CARTESIAN_POINT ( 'NONE',  ( 11.79999999999999893, 7.325653521105575550, -1.607731472825441932 ) ) ;
#1804 = ORIENTED_EDGE ( 'NONE', *, *, #2042, .F. ) ;
#1805 = ORIENTED_EDGE ( 'NONE', *, *, #985, .T. ) ;
#1806 = EDGE_CURVE ( 'NONE', #443, #1640, #511, .T. ) ;
#1807 =( LENGTH_UNIT ( ) NAMED_UNIT ( * ) SI_UNIT ( .MILLI., .METRE. ) );
#1808 = AXIS2_PLACEMENT_3D ( 'NONE', #2065, #1718, #1027 ) ;
#1809 = ORIENTED_EDGE ( 'NONE', *, *, #1628, .T. ) ;
#1810 = FACE_OUTER_BOUND ( 'NONE', #1555, .T. ) ;
#1811 = CIRCLE ( 'NONE', #1976, 7.499999999999998224 ) ;
#1812 = CARTESIAN_POINT ( 'NONE',  ( 11.79999999999999893, 5.220053845774029533, -0.5504896431539497703 ) ) ;
#1813 = VECTOR ( 'NONE', #1592, 1000.000000000000000 ) ;
#1814 = LINE ( 'NONE', #638, #1078 ) ;
#1815 = CIRCLE ( 'NONE', #1143, 5.249000000000000554 ) ;
#1816 = VERTEX_POINT ( 'NONE', #1002 ) ;
#1817 = AXIS2_PLACEMENT_3D ( 'NONE', #787, #1957, #119 ) ;
#1818 = ORIENTED_EDGE ( 'NONE', *, *, #249, .T. ) ;
#1819 = DIRECTION ( 'NONE',  ( -1.000000000000000000, 0.000000000000000000, -0.000000000000000000 ) ) ;
#1820 = ADVANCED_FACE ( 'NONE', ( #1853 ), #162, .T. ) ;
#1821 = ORIENTED_EDGE ( 'NONE', *, *, #1248, .F. ) ;
#1822 = CARTESIAN_POINT ( 'NONE',  ( 11.79999999999999893, 1.090149711768729324, 6.009930322196029628 ) ) ;
#1823 = AXIS2_PLACEMENT_3D ( 'NONE', #2053, #1366, #1046 ) ;
#1824 = AXIS2_PLACEMENT_3D ( 'NONE', #486, #509, #1330 ) ;
#1825 = CARTESIAN_POINT ( 'NONE',  ( 0.000000000000000000, 0.000000000000000000, 0.000000000000000000 ) ) ;
#1826 = DIRECTION ( 'NONE',  ( -1.000000000000000000, 0.000000000000000000, 0.000000000000000000 ) ) ;
#1827 = DIRECTION ( 'NONE',  ( 0.000000000000000000, 0.000000000000000000, 1.000000000000000000 ) ) ;
#1828 = VERTEX_POINT ( 'NONE', #4 ) ;
#1829 = ORIENTED_EDGE ( 'NONE', *, *, #1752, .F. ) ;
#1830 = FACE_OUTER_BOUND ( 'NONE', #1785, .T. ) ;
#1831 = ORIENTED_EDGE ( 'NONE', *, *, #204, .T. ) ;
#1832 = CARTESIAN_POINT ( 'NONE',  ( 5.899999999999998579, 2.479019256375409430, -7.078450644492752630 ) ) ;
#1833 = DIRECTION ( 'NONE',  ( -1.000000000000000000, 0.000000000000000000, 0.000000000000000000 ) ) ;
#1834 = ADVANCED_FACE ( 'NONE', ( #1681 ), #810, .T. ) ;
#1835 = DIRECTION ( 'NONE',  ( 0.000000000000000000, 0.000000000000000000, 1.000000000000000000 ) ) ;
#1836 = EDGE_CURVE ( 'NONE', #1797, #1937, #1694, .T. ) ;
#1837 = CARTESIAN_POINT ( 'NONE',  ( 11.79999999999999893, -4.326800070397459841, 4.311205170544456955 ) ) ;
#1838 = ORIENTED_EDGE ( 'NONE', *, *, #1264, .F. ) ;
#1839 = VERTEX_POINT ( 'NONE', #818 ) ;
#1840 = CYLINDRICAL_SURFACE ( 'NONE', #452, 2.600000000000000089 ) ;
#1841 = ORIENTED_EDGE ( 'NONE', *, *, #1660, .F. ) ;
#1842 = DIRECTION ( 'NONE',  ( -1.000000000000000000, 0.000000000000000000, 0.000000000000000000 ) ) ;
#1843 = FACE_OUTER_BOUND ( 'NONE', #2084, .T. ) ;
#1844 = DIRECTION ( 'NONE',  ( 1.000000000000000000, 0.000000000000000000, 0.000000000000000000 ) ) ;
#1845 = DIRECTION ( 'NONE',  ( -1.000000000000000000, 0.000000000000000000, -0.000000000000000000 ) ) ;
#1846 = CIRCLE ( 'NONE', #76, 5.248999999999999666 ) ;
#1847 = AXIS2_PLACEMENT_3D ( 'NONE', #273, #1621, #1267 ) ;
#1848 = CARTESIAN_POINT ( 'NONE',  ( 0.000000000000000000, 0.000000000000000000, 0.000000000000000000 ) ) ;
#1849 = VERTEX_POINT ( 'NONE', #2172 ) ;
#1850 = ORIENTED_EDGE ( 'NONE', *, *, #103, .F. ) ;
#1851 = AXIS2_PLACEMENT_3D ( 'NONE', #1026, #2027, #1504 ) ;
#1852 = VECTOR ( 'NONE', #1883, 1000.000000000000000 ) ;
#1853 = FACE_OUTER_BOUND ( 'NONE', #435, .T. ) ;
#1854 = CARTESIAN_POINT ( 'NONE',  ( 14.90000000000000036, 0.000000000000000000, 4.000000000000000000 ) ) ;
#1855 = AXIS2_PLACEMENT_3D ( 'NONE', #1271, #1760, #1781 ) ;
#1856 = CARTESIAN_POINT ( 'NONE',  ( 0.000000000000000000, 0.000000000000000000, 0.000000000000000000 ) ) ;
#1857 = FACE_OUTER_BOUND ( 'NONE', #1309, .T. ) ;
#1858 = FACE_OUTER_BOUND ( 'NONE', #2134, .T. ) ;
#1859 = ORIENTED_EDGE ( 'NONE', *, *, #1792, .T. ) ;
#1860 = EDGE_CURVE ( 'NONE', #920, #673, #258, .T. ) ;
#1861 = EDGE_LOOP ( 'NONE', ( #1009, #1762, #144, #451 ) ) ;
#1862 = CARTESIAN_POINT ( 'NONE',  ( 0.000000000000000000, 0.000000000000000000, 0.000000000000000000 ) ) ;
#1863 = DIRECTION ( 'NONE',  ( 1.000000000000000000, 0.000000000000000000, 0.000000000000000000 ) ) ;
#1864 = CARTESIAN_POINT ( 'NONE',  ( 0.000000000000000000, -2.365773362115649814, -4.685628815762513888 ) ) ;
#1865 = DIRECTION ( 'NONE',  ( 0.000000000000000000, -0.6631226582408016323, 0.7485107481710954191 ) ) ;
#1866 = ORIENTED_EDGE ( 'NONE', *, *, #926, .T. ) ;
#1867 = ORIENTED_EDGE ( 'NONE', *, *, #2155, .F. ) ;
#1868 = ORIENTED_EDGE ( 'NONE', *, *, #1522, .T. ) ;
#1869 = CARTESIAN_POINT ( 'NONE',  ( 11.79999999999999893, -4.272308565095999988, -3.049488567712191678 ) ) ;
#1870 = DIRECTION ( 'NONE',  ( 1.000000000000000000, 0.000000000000000000, -0.000000000000000000 ) ) ;
#1871 = LINE ( 'NONE', #1066, #1498 ) ;
#1872 = CIRCLE ( 'NONE', #1205, 5.249000000000000554 ) ;
#1873 = DIRECTION ( 'NONE',  ( -1.000000000000000000, 0.000000000000000000, 0.000000000000000000 ) ) ;
#1874 = VERTEX_POINT ( 'NONE', #1656 ) ;
#1875 = AXIS2_PLACEMENT_3D ( 'NONE', #974, #2164, #478 ) ;
#1876 = VERTEX_POINT ( 'NONE', #1353 ) ;
#1877 = AXIS2_PLACEMENT_3D ( 'NONE', #714, #1198, #1373 ) ;
#1878 = CARTESIAN_POINT ( 'NONE',  ( 0.000000000000000000, 5.220053845774029533, -0.5504896431539497703 ) ) ;
#1879 = VECTOR ( 'NONE', #321, 1000.000000000000000 ) ;
#1880 = DIRECTION ( 'NONE',  ( 0.000000000000000000, 0.000000000000000000, 1.000000000000000000 ) ) ;
#1881 = CYLINDRICAL_SURFACE ( 'NONE', #1823, 2.600000000000000089 ) ;
#1882 = EDGE_CURVE ( 'NONE', #2102, #608, #759, .T. ) ;
#1883 = DIRECTION ( 'NONE',  ( -1.000000000000000000, -0.000000000000000000, 0.000000000000000000 ) ) ;
#1884 = DIRECTION ( 'NONE',  ( 0.000000000000000000, 0.000000000000000000, 1.000000000000000000 ) ) ;
#1885 = ORIENTED_EDGE ( 'NONE', *, *, #1583, .F. ) ;
#1886 = CIRCLE ( 'NONE', #1217, 2.600000000000000533 ) ;
#1887 = ORIENTED_EDGE ( 'NONE', *, *, #44, .F. ) ;
#1888 = CARTESIAN_POINT ( 'NONE',  ( 11.79999999999999893, 0.000000000000000000, 0.000000000000000000 ) ) ;
#1889 = LINE ( 'NONE', #1239, #1115 ) ;
#1890 = DIRECTION ( 'NONE',  ( -1.000000000000000000, 0.000000000000000000, -0.000000000000000000 ) ) ;
#1891 = EDGE_CURVE ( 'NONE', #956, #659, #1512, .T. ) ;
#1892 = CARTESIAN_POINT ( 'NONE',  ( -10.00000000000000000, 0.000000000000000000, 0.000000000000000000 ) ) ;
#1893 = DIRECTION ( 'NONE',  ( 0.000000000000000000, 0.000000000000000000, -1.000000000000000000 ) ) ;
#1894 = ORIENTED_EDGE ( 'NONE', *, *, #402, .T. ) ;
#1895 = FACE_OUTER_BOUND ( 'NONE', #1318, .T. ) ;
#1896 = CARTESIAN_POINT ( 'NONE',  ( 11.79999999999999893, 3.418372660479867875, 3.983306334451794051 ) ) ;
#1897 = ORIENTED_EDGE ( 'NONE', *, *, #1075, .F. ) ;
#1898 = FACE_OUTER_BOUND ( 'NONE', #1612, .T. ) ;
#1899 = CARTESIAN_POINT ( 'NONE',  ( 0.000000000000000000, -4.801309747471091960, -3.775594467174644642 ) ) ;
#1900 = DIRECTION ( 'NONE',  ( 0.000000000000000000, -0.2393156642875653994, 0.9709418174260501244 ) ) ;
#1901 = AXIS2_PLACEMENT_3D ( 'NONE', #382, #1873, #1408 ) ;
#1902 = ADVANCED_FACE ( 'NONE', ( #1810 ), #2010, .T. ) ;
#1903 = VERTEX_POINT ( 'NONE', #343 ) ;
#1904 = CIRCLE ( 'NONE', #826, 4.000000000000000000 ) ;
#1905 = ORIENTED_EDGE ( 'NONE', *, *, #661, .F. ) ;
#1906 = CARTESIAN_POINT ( 'NONE',  ( 11.79999999999999893, -1.336339846557563993, -5.076041451219889034 ) ) ;
#1907 = LINE ( 'NONE', #904, #1720 ) ;
#1908 = AXIS2_PLACEMENT_3D ( 'NONE', #1550, #34, #892 ) ;
#1909 = ORIENTED_EDGE ( 'NONE', *, *, #2078, .T. ) ;
#1910 = FACE_OUTER_BOUND ( 'NONE', #495, .T. ) ;
#1911 = CIRCLE ( 'NONE', #726, 2.599999999999999645 ) ;
#1912 = FACE_OUTER_BOUND ( 'NONE', #1178, .T. ) ;
#1913 = CIRCLE ( 'NONE', #15, 5.248999999999999666 ) ;
#1914 = CARTESIAN_POINT ( 'NONE',  ( 11.79999999999999893, -0.7129993441057890236, 7.466031873445538203 ) ) ;
#1915 = AXIS2_PLACEMENT_3D ( 'NONE', #614, #1863, #992 ) ;
#1916 = AXIS2_PLACEMENT_3D ( 'NONE', #421, #1132, #1953 ) ;
#1917 = VERTEX_POINT ( 'NONE', #172 ) ;
#1918 = ADVANCED_FACE ( 'NONE', ( #973 ), #855, .T. ) ;
#1919 = ORIENTED_EDGE ( 'NONE', *, *, #623, .T. ) ;
#1920 = PRODUCT_CONTEXT ( 'NONE', #1457, 'mechanical' ) ;
#1921 = EDGE_CURVE ( 'NONE', #1839, #1001, #653, .T. ) ;
#1922 = CARTESIAN_POINT ( 'NONE',  ( 11.79999999999999893, 5.739393982264608063, -4.827976461867310221 ) ) ;
#1923 = ORIENTED_EDGE ( 'NONE', *, *, #1736, .T. ) ;
#1924 = CYLINDRICAL_SURFACE ( 'NONE', #836, 2.600000000000000089 ) ;
#1925 = CARTESIAN_POINT ( 'NONE',  ( 11.80000000000000071, 0.000000000000000000, 0.000000000000000000 ) ) ;
#1926 = DIRECTION ( 'NONE',  ( -1.000000000000000000, -0.000000000000000000, 0.000000000000000000 ) ) ;
#1927 = DIRECTION ( 'NONE',  ( 1.000000000000000000, 0.000000000000000000, 0.000000000000000000 ) ) ;
#1928 = ORIENTED_EDGE ( 'NONE', *, *, #1988, .F. ) ;
#1929 = EDGE_CURVE ( 'NONE', #712, #1022, #1037, .T. ) ;
#1930 = ORIENTED_EDGE ( 'NONE', *, *, #1296, .F. ) ;
#1931 = DIRECTION ( 'NONE',  ( 0.000000000000000000, 0.4647231720437694502, -0.8854560256532094664 ) ) ;
#1932 = VERTEX_POINT ( 'NONE', #1310 ) ;
#1933 = CARTESIAN_POINT ( 'NONE',  ( 11.79999999999999893, -5.834708136317056315, -1.806618342571628899 ) ) ;
#1934 = CARTESIAN_POINT ( 'NONE',  ( 0.000000000000000000, -6.005954884062090215, 1.111842975573189563 ) ) ;
#1935 = ORIENTED_EDGE ( 'NONE', *, *, #1234, .T. ) ;
#1936 = DIRECTION ( 'NONE',  ( 0.000000000000000000, 0.000000000000000000, -1.000000000000000000 ) ) ;
#1937 = VERTEX_POINT ( 'NONE', #477 ) ;
#1938 = AXIS2_PLACEMENT_3D ( 'NONE', #1892, #733, #214 ) ;
#1939 = EDGE_LOOP ( 'NONE', ( #187, #1508, #92, #308 ) ) ;
#1940 = FILL_AREA_STYLE ('',( #104 ) ) ;
#1941 = AXIS2_PLACEMENT_3D ( 'NONE', #687, #1149, #849 ) ;
#1942 = CYLINDRICAL_SURFACE ( 'NONE', #81, 2.600000000000000089 ) ;
#1943 = ORIENTED_EDGE ( 'NONE', *, *, #531, .T. ) ;
#1944 = LINE ( 'NONE', #938, #262 ) ;
#1945 = ADVANCED_FACE ( 'NONE', ( #1500 ), #1147, .T. ) ;
#1946 = CARTESIAN_POINT ( 'NONE',  ( 11.79999999999999893, -4.272308565096042621, 3.049488567712131726 ) ) ;
#1947 = PRODUCT_DEFINITION_FORMATION_WITH_SPECIFIED_SOURCE ( 'ANY', '', #62, .NOT_KNOWN. ) ;
#1948 = CARTESIAN_POINT ( 'NONE',  ( 11.79999999999999893, 0.3797985249670227659, 6.096182572081777273 ) ) ;
#1949 = EDGE_CURVE ( 'NONE', #287, #705, #1317, .T. ) ;
#1950 = DIRECTION ( 'NONE',  ( 0.000000000000000000, 0.000000000000000000, 1.000000000000000000 ) ) ;
#1951 = ORIENTED_EDGE ( 'NONE', *, *, #1468, .F. ) ;
#1952 = EDGE_LOOP ( 'NONE', ( #72, #1841, #646, #561 ) ) ;
#1953 = DIRECTION ( 'NONE',  ( 0.000000000000000000, 0.000000000000000000, 1.000000000000000000 ) ) ;
#1954 = CIRCLE ( 'NONE', #803, 2.600000000000000089 ) ;
#1955 = DIRECTION ( 'NONE',  ( 0.000000000000000000, 0.000000000000000000, 1.000000000000000000 ) ) ;
#1956 = ORIENTED_EDGE ( 'NONE', *, *, #854, .T. ) ;
#1957 = DIRECTION ( 'NONE',  ( -1.000000000000000000, -0.000000000000000000, 0.000000000000000000 ) ) ;
#1958 = DIRECTION ( 'NONE',  ( 0.000000000000000000, 0.000000000000000000, 1.000000000000000000 ) ) ;
#1959 = LINE ( 'NONE', #459, #1649 ) ;
#1960 = ADVANCED_FACE ( 'NONE', ( #2161 ), #667, .T. ) ;
#1961 = ORIENTED_EDGE ( 'NONE', *, *, #1751, .F. ) ;
#1962 = ORIENTED_EDGE ( 'NONE', *, *, #1170, .F. ) ;
#1963 = CARTESIAN_POINT ( 'NONE',  ( 11.79999999999999893, -5.834708136317056315, -1.806618342571628899 ) ) ;
#1964 = ORIENTED_EDGE ( 'NONE', *, *, #1729, .F. ) ;
#1965 = CARTESIAN_POINT ( 'NONE',  ( 0.000000000000000000, 5.220053845774029533, 0.5504896431539503254 ) ) ;
#1966 = FACE_OUTER_BOUND ( 'NONE', #453, .T. ) ;
#1967 = EDGE_CURVE ( 'NONE', #1360, #1876, #967, .T. ) ;
#1968 = DIRECTION ( 'NONE',  ( -1.000000000000000000, 0.000000000000000000, -0.000000000000000000 ) ) ;
#1969 = VERTEX_POINT ( 'NONE', #2034 ) ;
#1970 = EDGE_CURVE ( 'NONE', #1422, #1711, #2151, .T. ) ;
#1971 = ORIENTED_EDGE ( 'NONE', *, *, #307, .F. ) ;
#1972 = DIRECTION ( 'NONE',  ( -1.000000000000000000, 0.000000000000000000, 0.000000000000000000 ) ) ;
#1973 = CIRCLE ( 'NONE', #752, 2.600000000000000533 ) ;
#1974 = ORIENTED_EDGE ( 'NONE', *, *, #1157, .T. ) ;
#1975 = CARTESIAN_POINT ( 'NONE',  ( 14.90000000000000036, 0.000000000000000000, 4.000000000000000000 ) ) ;
#1976 = AXIS2_PLACEMENT_3D ( 'NONE', #434, #962, #1958 ) ;
#1977 = DIRECTION ( 'NONE',  ( 0.000000000000000000, 0.000000000000000000, 1.000000000000000000 ) ) ;
#1978 = CARTESIAN_POINT ( 'NONE',  ( 11.79999999999999893, -1.827674251943160355, -5.828146849600199353 ) ) ;
#1979 = VERTEX_POINT ( 'NONE', #1402 ) ;
#1980 = AXIS2_PLACEMENT_3D ( 'NONE', #684, #643, #309 ) ;
#1981 = CARTESIAN_POINT ( 'NONE',  ( 11.79999999999999893, -2.496742409789459938, -5.574402767192145447 ) ) ;
#1982 = CIRCLE ( 'NONE', #1602, 4.000000000000000000 ) ;
#1983 = VERTEX_POINT ( 'NONE', #882 ) ;
#1984 = EDGE_CURVE ( 'NONE', #111, #1204, #475, .T. ) ;
#1985 = ORIENTED_EDGE ( 'NONE', *, *, #183, .T. ) ;
#1986 = DIRECTION ( 'NONE',  ( 0.000000000000000000, 0.000000000000000000, -1.000000000000000000 ) ) ;
#1987 = VECTOR ( 'NONE', #832, 1000.000000000000000 ) ;
#1988 = EDGE_CURVE ( 'NONE', #890, #32, #1543, .T. ) ;
#1989 = VERTEX_POINT ( 'NONE', #1878 ) ;
#1990 = DIRECTION ( 'NONE',  ( -1.000000000000000000, 0.000000000000000000, 0.000000000000000000 ) ) ;
#1991 = CARTESIAN_POINT ( 'NONE',  ( 5.899999999999999467, -6.728028018200590488, 3.314157356902020624 ) ) ;
#1992 = CIRCLE ( 'NONE', #52, 4.000000000000000000 ) ;
#1993 = AXIS2_PLACEMENT_3D ( 'NONE', #778, #122, #757 ) ;
#1994 = DIRECTION ( 'NONE',  ( -1.000000000000000000, 0.000000000000000000, 0.000000000000000000 ) ) ;
#1995 = CARTESIAN_POINT ( 'NONE',  ( 11.79999999999999893, 0.000000000000000000, 0.000000000000000000 ) ) ;
#1996 = ORIENTED_EDGE ( 'NONE', *, *, #360, .F. ) ;
#1997 = ORIENTED_EDGE ( 'NONE', *, *, #1197, .T. ) ;
#1998 = CARTESIAN_POINT ( 'NONE',  ( 5.899999999999999467, -1.094457498396095740, 7.419714467835304639 ) ) ;
#1999 = EDGE_CURVE ( 'NONE', #1786, #1849, #694, .T. ) ;
#2000 = ORIENTED_EDGE ( 'NONE', *, *, #71, .T. ) ;
#2001 = DIRECTION ( 'NONE',  ( 0.000000000000000000, 0.000000000000000000, 1.000000000000000000 ) ) ;
#2002 = CARTESIAN_POINT ( 'NONE',  ( 11.79999999999999893, 6.097514190792873379, -0.3577842433649591203 ) ) ;
#2003 = ADVANCED_FACE ( 'NONE', ( #1740 ), #353, .T. ) ;
#2004 = DIRECTION ( 'NONE',  ( -1.000000000000000000, 0.000000000000000000, 0.000000000000000000 ) ) ;
#2005 = DIRECTION ( 'NONE',  ( -1.000000000000000000, -0.000000000000000000, -0.000000000000000000 ) ) ;
#2006 = DIRECTION ( 'NONE',  ( 0.000000000000000000, 0.8229838658936575735, -0.5680647467311541465 ) ) ;
#2007 = EDGE_LOOP ( 'NONE', ( #839, #1235, #2111, #560 ) ) ;
#2008 = VERTEX_POINT ( 'NONE', #54 ) ;
#2009 = CARTESIAN_POINT ( 'NONE',  ( 11.79999999999999893, -2.496742409789459938, -5.574402767192145447 ) ) ;
#2010 = CYLINDRICAL_SURFACE ( 'NONE', #1458, 2.600000000000000089 ) ;
#2011 = DIRECTION ( 'NONE',  ( -1.000000000000000000, 0.000000000000000000, -0.000000000000000000 ) ) ;
#2012 = AXIS2_PLACEMENT_3D ( 'NONE', #205, #878, #1745 ) ;
#2013 = DIRECTION ( 'NONE',  ( 0.000000000000000000, 0.000000000000000000, 1.000000000000000000 ) ) ;
#2014 = DIRECTION ( 'NONE',  ( 0.000000000000000000, 0.000000000000000000, 1.000000000000000000 ) ) ;
#2015 = AXIS2_PLACEMENT_3D ( 'NONE', #1089, #1637, #413 ) ;
#2016 = EDGE_CURVE ( 'NONE', #1665, #949, #1779, .T. ) ;
#2017 = DIRECTION ( 'NONE',  ( -1.000000000000000000, -0.000000000000000000, -0.000000000000000000 ) ) ;
#2018 = EDGE_CURVE ( 'NONE', #87, #547, #1024, .T. ) ;
#2019 = AXIS2_PLACEMENT_3D ( 'NONE', #1723, #539, #200 ) ;
#2020 = ORIENTED_EDGE ( 'NONE', *, *, #1860, .F. ) ;
#2021 = CIRCLE ( 'NONE', #1068, 2.600000000000000089 ) ;
#2022 = ORIENTED_EDGE ( 'NONE', *, *, #156, .T. ) ;
#2023 = CARTESIAN_POINT ( 'NONE',  ( 11.79999999999999893, 4.366302838831117583, -2.913314353037674831 ) ) ;
#2024 = CARTESIAN_POINT ( 'NONE',  ( 0.000000000000000000, 2.512284471165419308, -4.608733853884501741 ) ) ;
#2025 = AXIS2_PLACEMENT_3D ( 'NONE', #1948, #2011, #277 ) ;
#2026 = CIRCLE ( 'NONE', #1609, 7.499999999999998224 ) ;
#2027 = DIRECTION ( 'NONE',  ( -1.000000000000000000, 0.000000000000000000, 0.000000000000000000 ) ) ;
#2028 = VECTOR ( 'NONE', #159, 1000.000000000000000 ) ;
#2029 = EDGE_CURVE ( 'NONE', #1969, #1874, #11, .T. ) ;
#2030 = DIRECTION ( 'NONE',  ( 0.000000000000000000, 0.000000000000000000, 1.000000000000000000 ) ) ;
#2031 = VERTEX_POINT ( 'NONE', #1572 ) ;
#2032 = VERTEX_POINT ( 'NONE', #532 ) ;
#2033 = ORIENTED_EDGE ( 'NONE', *, *, #1398, .T. ) ;
#2034 = CARTESIAN_POINT ( 'NONE',  ( 0.000000000000000000, 4.366302838831076727, 2.913314353037735227 ) ) ;
#2035 = CYLINDRICAL_SURFACE ( 'NONE', #842, 2.600000000000000089 ) ;
#2036 = CARTESIAN_POINT ( 'NONE',  ( 14.90000000000000036, 4.898587196589412829E-16, -4.000000000000000000 ) ) ;
#2037 = CARTESIAN_POINT ( 'NONE',  ( 11.79999999999999893, -3.542224254091444813, -3.873583397027396735 ) ) ;
#2038 = FACE_OUTER_BOUND ( 'NONE', #1772, .T. ) ;
#2039 = VERTEX_POINT ( 'NONE', #1702 ) ;
#2040 = EDGE_CURVE ( 'NONE', #861, #199, #1913, .T. ) ;
#2041 = VERTEX_POINT ( 'NONE', #2043 ) ;
#2042 = EDGE_CURVE ( 'NONE', #338, #712, #1251, .T. ) ;
#2043 = CARTESIAN_POINT ( 'NONE',  ( 0.000000000000000000, 5.484582574931883059, -5.115599083074584108 ) ) ;
#2044 = CARTESIAN_POINT ( 'NONE',  ( 0.000000000000000000, 4.877953425118596975, -1.938445609856967788 ) ) ;
#2045 = DIRECTION ( 'NONE',  ( 0.000000000000000000, 0.000000000000000000, -1.000000000000000000 ) ) ;
#2046 = CARTESIAN_POINT ( 'NONE',  ( 11.79999999999999893, -1.336339846557563993, -5.076041451219889034 ) ) ;
#2047 = ORIENTED_EDGE ( 'NONE', *, *, #731, .F. ) ;
#2048 = CIRCLE ( 'NONE', #1875, 5.249000000000000554 ) ;
#2049 = EDGE_LOOP ( 'NONE', ( #1699, #383, #1108, #1722 ) ) ;
#2050 = EDGE_CURVE ( 'NONE', #843, #765, #864, .T. ) ;
#2051 = DIRECTION ( 'NONE',  ( 0.000000000000000000, 0.000000000000000000, -1.000000000000000000 ) ) ;
#2052 = CARTESIAN_POINT ( 'NONE',  ( 11.79999999999999893, -6.005954884062090215, 1.111842975573189563 ) ) ;
#2053 = CARTESIAN_POINT ( 'NONE',  ( 11.79999999999999893, 6.097514190792869826, 0.3577842433650432752 ) ) ;
#2054 = EDGE_CURVE ( 'NONE', #1653, #1665, #589, .T. ) ;
#2055 = CARTESIAN_POINT ( 'NONE',  ( 11.79999999999999893, 0.000000000000000000, 0.000000000000000000 ) ) ;
#2056 = AXIS2_PLACEMENT_3D ( 'NONE', #745, #1225, #98 ) ;
#2057 = CARTESIAN_POINT ( 'NONE',  ( 11.79999999999999893, 0.000000000000000000, 0.000000000000000000 ) ) ;
#2058 = ORIENTED_EDGE ( 'NONE', *, *, #840, .F. ) ;
#2059 = AXIS2_PLACEMENT_3D ( 'NONE', #1995, #140, #1337 ) ;
#2060 = ORIENTED_EDGE ( 'NONE', *, *, #234, .T. ) ;
#2061 = DIRECTION ( 'NONE',  ( 0.000000000000000000, -0.4647231720437574043, -0.8854560256532157947 ) ) ;
#2062 = DIRECTION ( 'NONE',  ( 0.000000000000000000, 0.000000000000000000, 1.000000000000000000 ) ) ;
#2063 = ORIENTED_EDGE ( 'NONE', *, *, #840, .T. ) ;
#2064 = FACE_OUTER_BOUND ( 'NONE', #809, .T. ) ;
#2065 = CARTESIAN_POINT ( 'NONE',  ( 11.79999999999999893, -6.005954884062074228, -1.111842975573273273 ) ) ;
#2066 = LINE ( 'NONE', #1568, #660 ) ;
#2067 = VERTEX_POINT ( 'NONE', #1391 ) ;
#2068 = EDGE_LOOP ( 'NONE', ( #329, #1020, #1482, #1070 ) ) ;
#2069 = DIRECTION ( 'NONE',  ( 0.000000000000000000, 0.000000000000000000, 1.000000000000000000 ) ) ;
#2070 = LINE ( 'NONE', #875, #345 ) ;
#2071 = CARTESIAN_POINT ( 'NONE',  ( 11.79999999999999893, 0.000000000000000000, 0.000000000000000000 ) ) ;
#2072 = ORIENTED_EDGE ( 'NONE', *, *, #219, .F. ) ;
#2073 = FACE_OUTER_BOUND ( 'NONE', #908, .T. ) ;
#2074 = DIRECTION ( 'NONE',  ( 0.000000000000000000, 0.000000000000000000, -1.000000000000000000 ) ) ;
#2075 = ADVANCED_FACE ( 'NONE', ( #27 ), #394, .T. ) ;
#2076 = ORIENTED_EDGE ( 'NONE', *, *, #555, .T. ) ;
#2077 = AXIS2_PLACEMENT_3D ( 'NONE', #1981, #690, #1194 ) ;
#2078 = EDGE_CURVE ( 'NONE', #283, #1640, #1148, .T. ) ;
#2079 = EDGE_LOOP ( 'NONE', ( #1831, #1195, #1176, #888 ) ) ;
#2080 = VECTOR ( 'NONE', #1291, 1000.000000000000000 ) ;
#2081 =( NAMED_UNIT ( * ) PLANE_ANGLE_UNIT ( ) SI_UNIT ( $, .RADIAN. ) );
#2082 = CARTESIAN_POINT ( 'NONE',  ( 0.000000000000000000, -0.7129993441057888015, 7.466031873445538203 ) ) ;
#2083 = AXIS2_PLACEMENT_3D ( 'NONE', #1754, #572, #715 ) ;
#2084 = EDGE_LOOP ( 'NONE', ( #1301, #1646, #1761, #2072 ) ) ;
#2085 = DIRECTION ( 'NONE',  ( -1.000000000000000000, 0.000000000000000000, 0.000000000000000000 ) ) ;
#2086 = DIRECTION ( 'NONE',  ( 0.000000000000000000, -0.9350162426854181641, 0.3546048870425269062 ) ) ;
#2087 = VECTOR ( 'NONE', #490, 1000.000000000000000 ) ;
#2088 = CARTESIAN_POINT ( 'NONE',  ( -2.899999999999999911, 0.000000000000000000, 0.000000000000000000 ) ) ;
#2089 = CLOSED_SHELL ( 'NONE', ( #169, #1548, #1739, #917, #461, #101, #704, #968, #1036, #335, #222, #1423, #1276, #825, #1171, #69, #1960, #692, #957, #1222, #404, #529, #1644, #364, #1765, #1945, #557, #1674, #955, #647, #1616, #971, #1395, #268, #755, #488, #113, #2003, #1704, #1902, #1439, #1778, #1793, #197, #1716, #1671, #516, #1471, #1820, #1059, #458, #469, #1691, #2132, #1918, #1834, #1252, #1633, #1605, #322, #780, #2075, #844, #2101 ) ) ;
#2090 = LINE ( 'NONE', #286, #306 ) ;
#2091 = CIRCLE ( 'NONE', #1188, 2.600000000000000533 ) ;
#2092 = ORIENTED_EDGE ( 'NONE', *, *, #1103, .F. ) ;
#2093 = CIRCLE ( 'NONE', #1153, 2.599999999999999645 ) ;
#2094 = EDGE_LOOP ( 'NONE', ( #761, #1242, #621, #189 ) ) ;
#2095 = EDGE_LOOP ( 'NONE', ( #899, #1465, #772, #291 ) ) ;
#2096 = CARTESIAN_POINT ( 'NONE',  ( 11.79999999999999893, 0.000000000000000000, 0.000000000000000000 ) ) ;
#2097 = CARTESIAN_POINT ( 'NONE',  ( 0.000000000000000000, 0.000000000000000000, 0.000000000000000000 ) ) ;
#2098 = DIRECTION ( 'NONE',  ( -1.000000000000000000, -0.000000000000000000, -0.000000000000000000 ) ) ;
#2099 = FACE_OUTER_BOUND ( 'NONE', #349, .T. ) ;
#2100 = VERTEX_POINT ( 'NONE', #1381 ) ;
#2101 = ADVANCED_FACE ( 'NONE', ( #1895 ), #1414, .T. ) ;
#2102 = VERTEX_POINT ( 'NONE', #1382 ) ;
#2103 = CARTESIAN_POINT ( 'NONE',  ( 5.899999999999998579, 5.739393982264608063, -4.827976461867309332 ) ) ;
#2104 = FACE_OUTER_BOUND ( 'NONE', #817, .T. ) ;
#2105 = EDGE_CURVE ( 'NONE', #2032, #235, #686, .T. ) ;
#2106 = ORIENTED_EDGE ( 'NONE', *, *, #946, .T. ) ;
#2107 = CARTESIAN_POINT ( 'NONE',  ( 11.79999999999999893, -6.005954884062074228, -1.111842975573273273 ) ) ;
#2108 = DIRECTION ( 'NONE',  ( 1.000000000000000000, 0.000000000000000000, 0.000000000000000000 ) ) ;
#2109 = CARTESIAN_POINT ( 'NONE',  ( 14.90000000000000036, 0.000000000000000000, 0.000000000000000000 ) ) ;
#2110 = CARTESIAN_POINT ( 'NONE',  ( 11.79999999999999893, -6.549453565922410903, 3.654402548683738150 ) ) ;
#2111 = ORIENTED_EDGE ( 'NONE', *, *, #538, .F. ) ;
#2112 = AXIS2_PLACEMENT_3D ( 'NONE', #2167, #658, #313 ) ;
#2113 = ORIENTED_EDGE ( 'NONE', *, *, #195, .F. ) ;
#2114 = CARTESIAN_POINT ( 'NONE',  ( 11.79999999999999893, 4.366302838831117583, -2.913314353037674831 ) ) ;
#2115 = AXIS2_PLACEMENT_3D ( 'NONE', #457, #263, #250 ) ;
#2116 = VERTEX_POINT ( 'NONE', #1403 ) ;
#2117 = DIRECTION ( 'NONE',  ( -1.000000000000000000, -0.000000000000000000, 0.000000000000000000 ) ) ;
#2118 = EDGE_CURVE ( 'NONE', #547, #1069, #294, .T. ) ;
#2119 = CARTESIAN_POINT ( 'NONE',  ( 11.79999999999999893, 0.000000000000000000, 0.000000000000000000 ) ) ;
#2120 = DIRECTION ( 'NONE',  ( 0.000000000000000000, 0.000000000000000000, 1.000000000000000000 ) ) ;
#2121 = AXIS2_PLACEMENT_3D ( 'NONE', #49, #388, #1056 ) ;
#2122 = DIRECTION ( 'NONE',  ( 0.000000000000000000, 0.9927088740980544168, -0.1205366802553199251 ) ) ;
#2123 = ORIENTED_EDGE ( 'NONE', *, *, #1558, .T. ) ;
#2124 = AXIS2_PLACEMENT_3D ( 'NONE', #354, #524, #848 ) ;
#2125 = APPLICATION_CONTEXT ( 'automotive_design' ) ;
#2126 = AXIS2_PLACEMENT_3D ( 'NONE', #893, #191, #1713 ) ;
#2127 = EDGE_LOOP ( 'NONE', ( #1052, #295, #1008, #746 ) ) ;
#2128 = AXIS2_PLACEMENT_3D ( 'NONE', #1209, #884, #707 ) ;
#2129 = ORIENTED_EDGE ( 'NONE', *, *, #1232, .T. ) ;
#2130 = FACE_OUTER_BOUND ( 'NONE', #1332, .T. ) ;
#2131 = CARTESIAN_POINT ( 'NONE',  ( 0.000000000000000000, -5.834708136317056315, -1.806618342571628899 ) ) ;
#2132 = ADVANCED_FACE ( 'NONE', ( #1074 ), #1551, .T. ) ;
#2133 = DIRECTION ( 'NONE',  ( 0.000000000000000000, 0.000000000000000000, 1.000000000000000000 ) ) ;
#2134 = EDGE_LOOP ( 'NONE', ( #83, #1155, #1730, #1997 ) ) ;
#2135 = ORIENTED_EDGE ( 'NONE', *, *, #578, .T. ) ;
#2136 = DIRECTION ( 'NONE',  ( 0.000000000000000000, -0.6631226582408016323, 0.7485107481710954191 ) ) ;
#2137 = VERTEX_POINT ( 'NONE', #883 ) ;
#2138 = DIRECTION ( 'NONE',  ( 1.000000000000000000, -0.000000000000000000, 0.000000000000000000 ) ) ;
#2139 = DIRECTION ( 'NONE',  ( 0.000000000000000000, -0.6631226582408016323, 0.7485107481710954191 ) ) ;
#2140 = DIRECTION ( 'NONE',  ( 0.000000000000000000, 0.000000000000000000, 1.000000000000000000 ) ) ;
#2141 = EDGE_CURVE ( 'NONE', #861, #2156, #386, .T. ) ;
#2142 = CARTESIAN_POINT ( 'NONE',  ( 0.000000000000000000, 0.000000000000000000, 0.000000000000000000 ) ) ;
#2143 = ORIENTED_EDGE ( 'NONE', *, *, #1600, .T. ) ;
#2144 = ORIENTED_EDGE ( 'NONE', *, *, #943, .T. ) ;
#2145 = DIRECTION ( 'NONE',  ( 0.000000000000000000, -0.9927088740980526405, -0.1205366802553337752 ) ) ;
#2146 = ORIENTED_EDGE ( 'NONE', *, *, #796, .T. ) ;
#2147 = DIRECTION ( 'NONE',  ( -1.000000000000000000, 0.000000000000000000, 0.000000000000000000 ) ) ;
#2148 = CIRCLE ( 'NONE', #896, 5.248999999999999666 ) ;
#2149 = LINE ( 'NONE', #1324, #1240 ) ;
#2150 = CARTESIAN_POINT ( 'NONE',  ( 11.79999999999999893, 1.175683915181686690, -5.115639581868827612 ) ) ;
#2151 = CIRCLE ( 'NONE', #723, 2.600000000000000089 ) ;
#2152 = CYLINDRICAL_SURFACE ( 'NONE', #2112, 2.600000000000000533 ) ;
#2153 = CIRCLE ( 'NONE', #833, 2.599999999999999645 ) ;
#2154 = VERTEX_POINT ( 'NONE', #236 ) ;
#2155 = EDGE_CURVE ( 'NONE', #351, #243, #186, .T. ) ;
#2156 = VERTEX_POINT ( 'NONE', #1561 ) ;
#2157 = EDGE_CURVE ( 'NONE', #1273, #1229, #1140, .T. ) ;
#2158 = DIRECTION ( 'NONE',  ( 0.000000000000000000, 0.4647231720437694502, -0.8854560256532094664 ) ) ;
#2159 = CIRCLE ( 'NONE', #161, 4.000000000000000000 ) ;
#2160 = ORIENTED_EDGE ( 'NONE', *, *, #866, .F. ) ;
#2161 = FACE_OUTER_BOUND ( 'NONE', #1441, .T. ) ;
#2162 = DIRECTION ( 'NONE',  ( 1.000000000000000000, 0.000000000000000000, 0.000000000000000000 ) ) ;
#2163 = AXIS2_PLACEMENT_3D ( 'NONE', #223, #28, #47 ) ;
#2164 = DIRECTION ( 'NONE',  ( -1.000000000000000000, 0.000000000000000000, -0.000000000000000000 ) ) ;
#2165 = UNCERTAINTY_MEASURE_WITH_UNIT (LENGTH_MEASURE( 1.000000000000000082E-05 ), #1807, 'distance_accuracy_value', 'NONE');
#2166 = DIRECTION ( 'NONE',  ( 0.000000000000000000, -0.6631226582408016323, 0.7485107481710955302 ) ) ;
#2167 = CARTESIAN_POINT ( 'NONE',  ( 11.79999999999999893, 0.3797985249670227659, 6.096182572081777273 ) ) ;
#2168 = EDGE_LOOP ( 'NONE', ( #75, #807, #1749, #797 ) ) ;
#2169 = ORIENTED_EDGE ( 'NONE', *, *, #280, .F. ) ;
#2170 = ORIENTED_EDGE ( 'NONE', *, *, #324, .F. ) ;
#2171 = CYLINDRICAL_SURFACE ( 'NONE', #381, 2.600000000000000089 ) ;
#2172 = CARTESIAN_POINT ( 'NONE',  ( 11.79999999999999893, -4.100967580332755880, 6.279495593203302306 ) ) ;
#2173 = LINE ( 'NONE', #448, #1987 ) ;
#2174 = EDGE_CURVE ( 'NONE', #1069, #287, #2021, .T. ) ;
#2175 = DIRECTION ( 'NONE',  ( -1.000000000000000000, 0.000000000000000000, 0.000000000000000000 ) ) ;
ENDSEC;
END-ISO-10303-21;
