ISO-10303-21;
HEADER;
FILE_DESCRIPTION (( 'STEP AP214' ),
    '1' );
FILE_NAME ('spur gear_drive.STEP',
    '2025-03-25T13:42:22',
    ( '' ),
    ( '' ),
    'SwSTEP 2.0',
    'SolidWorks 2025',
    '' );
FILE_SCHEMA (( 'AUTOMOTIVE_DESIGN' ));
ENDSEC;

DATA;
#1 = AXIS2_PLACEMENT_3D ( 'NONE', #401, #366, #595 ) ;
#2 = ORIENTED_EDGE ( 'NONE', *, *, #647, .T. ) ;
#3 = CARTESIAN_POINT ( 'NONE',  ( 11.99999999999999822, -4.936627773442866740, -1.783734068316385590 ) ) ;
#4 = DIRECTION ( 'NONE',  ( 0.000000000000000000, 0.000000000000000000, 1.000000000000000000 ) ) ;
#5 = AXIS2_PLACEMENT_3D ( 'NONE', #1974, #1255, #1418 ) ;
#6 = ORIENTED_EDGE ( 'NONE', *, *, #1747, .T. ) ;
#7 = CARTESIAN_POINT ( 'NONE',  ( 11.99999999999999822, -1.827674251943160355, -5.828146849600199353 ) ) ;
#8 = DIRECTION ( 'NONE',  ( -1.000000000000000000, -0.000000000000000000, 0.000000000000000000 ) ) ;
#9 = VERTEX_POINT ( 'NONE', #1300 ) ;
#10 = VECTOR ( 'NONE', #755, 1000.000000000000000 ) ;
#11 = CARTESIAN_POINT ( 'NONE',  ( 11.99999999999999822, 5.565351310227347525, 2.516853922155884771 ) ) ;
#12 = EDGE_CURVE ( 'NONE', #343, #2106, #1639, .T. ) ;
#13 = DIRECTION ( 'NONE',  ( 0.000000000000000000, 0.000000000000000000, 1.000000000000000000 ) ) ;
#14 = DIRECTION ( 'NONE',  ( -1.000000000000000000, -0.000000000000000000, 0.000000000000000000 ) ) ;
#15 = FACE_OUTER_BOUND ( 'NONE', #571, .T. ) ;
#16 = ORIENTED_EDGE ( 'NONE', *, *, #1505, .T. ) ;
#17 = DIRECTION ( 'NONE',  ( -1.000000000000000000, 0.000000000000000000, 0.000000000000000000 ) ) ;
#18 = CARTESIAN_POINT ( 'NONE',  ( 0.000000000000000000, 0.000000000000000000, 0.000000000000000000 ) ) ;
#19 = ORIENTED_EDGE ( 'NONE', *, *, #1353, .T. ) ;
#20 = DIRECTION ( 'NONE',  ( -0.000000000000000000, 0.000000000000000000, 1.000000000000000000 ) ) ;
#21 = VERTEX_POINT ( 'NONE', #2242 ) ;
#22 = LINE ( 'NONE', #49, #2120 ) ;
#23 = CARTESIAN_POINT ( 'NONE',  ( 11.99999999999999822, 0.000000000000000000, 0.000000000000000000 ) ) ;
#24 = STYLED_ITEM ( 'NONE', ( #652 ), #159 ) ;
#25 = ADVANCED_FACE ( 'NONE', ( #933 ), #2203, .T. ) ;
#26 = VERTEX_POINT ( 'NONE', #982 ) ;
#27 = AXIS2_PLACEMENT_3D ( 'NONE', #1513, #618, #1351 ) ;
#28 = LINE ( 'NONE', #1502, #1907 ) ;
#29 = CYLINDRICAL_SURFACE ( 'NONE', #1619, 2.600000000000000089 ) ;
#30 = EDGE_CURVE ( 'NONE', #727, #2027, #945, .T. ) ;
#31 = ORIENTED_EDGE ( 'NONE', *, *, #1460, .T. ) ;
#32 = LINE ( 'NONE', #2042, #642 ) ;
#33 = CIRCLE ( 'NONE', #303, 4.000000000000000000 ) ;
#34 = ORIENTED_EDGE ( 'NONE', *, *, #979, .T. ) ;
#35 = DIRECTION ( 'NONE',  ( -1.000000000000000000, -0.000000000000000000, -0.000000000000000000 ) ) ;
#36 = CARTESIAN_POINT ( 'NONE',  ( 0.000000000000000000, 0.000000000000000000, 0.000000000000000000 ) ) ;
#37 = EDGE_LOOP ( 'NONE', ( #48, #2341, #705, #1439 ) ) ;
#38 = EDGE_CURVE ( 'NONE', #520, #1210, #1101, .T. ) ;
#39 = DIRECTION ( 'NONE',  ( 0.000000000000000000, 0.000000000000000000, 1.000000000000000000 ) ) ;
#40 = DIRECTION ( 'NONE',  ( 0.000000000000000000, 0.000000000000000000, 1.000000000000000000 ) ) ;
#41 = AXIS2_PLACEMENT_3D ( 'NONE', #1373, #628, #993 ) ;
#42 = EDGE_CURVE ( 'NONE', #1420, #356, #337, .T. ) ;
#43 = ADVANCED_FACE ( 'NONE', ( #1496 ), #398, .T. ) ;
#44 = VERTEX_POINT ( 'NONE', #1327 ) ;
#45 = EDGE_CURVE ( 'NONE', #1149, #1945, #2214, .T. ) ;
#46 = VECTOR ( 'NONE', #1108, 1000.000000000000000 ) ;
#47 = DIRECTION ( 'NONE',  ( 0.000000000000000000, 0.000000000000000000, 1.000000000000000000 ) ) ;
#48 = ORIENTED_EDGE ( 'NONE', *, *, #112, .F. ) ;
#49 = CARTESIAN_POINT ( 'NONE',  ( 11.99999999999999822, 2.512284471165352251, 4.608733853884538156 ) ) ;
#50 = FACE_BOUND ( 'NONE', #525, .T. ) ;
#51 = AXIS2_PLACEMENT_3D ( 'NONE', #416, #795, #758 ) ;
#52 = AXIS2_PLACEMENT_3D ( 'NONE', #1750, #1162, #257 ) ;
#53 = ORIENTED_EDGE ( 'NONE', *, *, #1709, .F. ) ;
#54 = DIRECTION ( 'NONE',  ( 0.000000000000000000, 0.000000000000000000, 1.000000000000000000 ) ) ;
#55 = AXIS2_PLACEMENT_3D ( 'NONE', #735, #2321, #1081 ) ;
#56 = CARTESIAN_POINT ( 'NONE',  ( 11.99999999999999822, -5.834708136317056315, -1.806618342571628899 ) ) ;
#57 = ORIENTED_EDGE ( 'NONE', *, *, #1323, .T. ) ;
#58 = DIRECTION ( 'NONE',  ( 1.000000000000000000, 0.000000000000000000, 0.000000000000000000 ) ) ;
#59 = DIRECTION ( 'NONE',  ( -1.000000000000000000, 0.000000000000000000, 0.000000000000000000 ) ) ;
#60 = LINE ( 'NONE', #387, #1672 ) ;
#61 = DIRECTION ( 'NONE',  ( -1.000000000000000000, -0.000000000000000000, -0.000000000000000000 ) ) ;
#62 = ORIENTED_EDGE ( 'NONE', *, *, #514, .T. ) ;
#63 = EDGE_CURVE ( 'NONE', #866, #66, #1494, .T. ) ;
#64 = DIRECTION ( 'NONE',  ( -1.000000000000000000, 0.000000000000000000, 0.000000000000000000 ) ) ;
#65 = CARTESIAN_POINT ( 'NONE',  ( 0.000000000000000000, 5.220053845774029533, -0.5504896431539497703 ) ) ;
#66 = VERTEX_POINT ( 'NONE', #1699 ) ;
#67 = DIRECTION ( 'NONE',  ( 0.000000000000000000, -0.6631226582408016323, 0.7485107481710954191 ) ) ;
#68 = ADVANCED_FACE ( 'NONE', ( #750 ), #208, .T. ) ;
#69 = FACE_OUTER_BOUND ( 'NONE', #463, .T. ) ;
#70 = DIRECTION ( 'NONE',  ( 0.000000000000000000, -0.2393156642875651496, 0.9709418174260501244 ) ) ;
#71 = FACE_OUTER_BOUND ( 'NONE', #1612, .T. ) ;
#72 = VERTEX_POINT ( 'NONE', #1336 ) ;
#73 = DIRECTION ( 'NONE',  ( -1.000000000000000000, 0.000000000000000000, 0.000000000000000000 ) ) ;
#74 = DIRECTION ( 'NONE',  ( -1.000000000000000000, -0.000000000000000000, -0.000000000000000000 ) ) ;
#75 = ORIENTED_EDGE ( 'NONE', *, *, #1575, .F. ) ;
#76 = AXIS2_PLACEMENT_3D ( 'NONE', #2080, #2275, #254 ) ;
#77 = DIRECTION ( 'NONE',  ( -1.000000000000000000, 0.000000000000000000, 0.000000000000000000 ) ) ;
#78 = CYLINDRICAL_SURFACE ( 'NONE', #1934, 4.000000000000000000 ) ;
#79 = DIRECTION ( 'NONE',  ( 0.000000000000000000, 0.000000000000000000, -1.000000000000000000 ) ) ;
#80 = DIRECTION ( 'NONE',  ( -1.000000000000000000, -0.000000000000000000, 0.000000000000000000 ) ) ;
#81 = ORIENTED_EDGE ( 'NONE', *, *, #897, .F. ) ;
#82 = EDGE_CURVE ( 'NONE', #1138, #727, #1370, .T. ) ;
#83 = CIRCLE ( 'NONE', #1434, 7.499999999999998224 ) ;
#84 = ORIENTED_EDGE ( 'NONE', *, *, #1326, .F. ) ;
#85 = CARTESIAN_POINT ( 'NONE',  ( 27.00000000000000000, 2.828427124746189847, -2.828427124746189847 ) ) ;
#86 = AXIS2_PLACEMENT_3D ( 'NONE', #56, #1503, #40 ) ;
#87 = CARTESIAN_POINT ( 'NONE',  ( 5.999999999999998224, -1.094457498395992490, -7.419714467835319738 ) ) ;
#88 = ORIENTED_EDGE ( 'NONE', *, *, #96, .F. ) ;
#89 = AXIS2_PLACEMENT_3D ( 'NONE', #728, #1793, #1666 ) ;
#90 = FACE_OUTER_BOUND ( 'NONE', #2129, .T. ) ;
#91 = CYLINDRICAL_SURFACE ( 'NONE', #189, 7.499999999999999112 ) ;
#92 = LINE ( 'NONE', #654, #2220 ) ;
#93 = VERTEX_POINT ( 'NONE', #1157 ) ;
#94 = FACE_OUTER_BOUND ( 'NONE', #1761, .T. ) ;
#95 = DIRECTION ( 'NONE',  ( -1.000000000000000000, -0.000000000000000000, -0.000000000000000000 ) ) ;
#96 = EDGE_CURVE ( 'NONE', #297, #1443, #243, .T. ) ;
#97 = ORIENTED_EDGE ( 'NONE', *, *, #436, .T. ) ;
#98 = EDGE_CURVE ( 'NONE', #596, #769, #2170, .T. ) ;
#99 = CIRCLE ( 'NONE', #1790, 4.000000000000000000 ) ;
#100 = ORIENTED_EDGE ( 'NONE', *, *, #587, .T. ) ;
#101 = LINE ( 'NONE', #2095, #164 ) ;
#102 = AXIS2_PLACEMENT_3D ( 'NONE', #1724, #2266, #1544 ) ;
#103 = CARTESIAN_POINT ( 'NONE',  ( 11.99999999999999822, 0.000000000000000000, 0.000000000000000000 ) ) ;
#104 = DIRECTION ( 'NONE',  ( -1.000000000000000000, 0.000000000000000000, 0.000000000000000000 ) ) ;
#105 = CYLINDRICAL_SURFACE ( 'NONE', #660, 2.600000000000000089 ) ;
#106 = ORIENTED_EDGE ( 'NONE', *, *, #1118, .F. ) ;
#107 = CARTESIAN_POINT ( 'NONE',  ( 11.99999999999999822, 5.220053845774029533, -0.5504896431539497703 ) ) ;
#108 = CARTESIAN_POINT ( 'NONE',  ( 11.99999999999999822, 3.169332194722112028, -5.221400416671627021 ) ) ;
#109 = AXIS2_PLACEMENT_3D ( 'NONE', #896, #1819, #1775 ) ;
#110 = EDGE_CURVE ( 'NONE', #190, #1011, #99, .T. ) ;
#111 = ORIENTED_EDGE ( 'NONE', *, *, #1405, .F. ) ;
#112 = EDGE_CURVE ( 'NONE', #448, #497, #1565, .T. ) ;
#113 = ADVANCED_FACE ( 'NONE', ( #626 ), #2131, .F. ) ;
#114 = CIRCLE ( 'NONE', #2259, 2.600000000000000089 ) ;
#115 = ORIENTED_EDGE ( 'NONE', *, *, #2206, .F. ) ;
#116 = CYLINDRICAL_SURFACE ( 'NONE', #278, 2.600000000000000089 ) ;
#117 = ADVANCED_FACE ( 'NONE', ( #252 ), #820, .T. ) ;
#118 = CIRCLE ( 'NONE', #425, 2.599999999999999645 ) ;
#119 = CARTESIAN_POINT ( 'NONE',  ( 20.00000000000000000, 0.000000000000000000, 0.000000000000000000 ) ) ;
#120 = ORIENTED_EDGE ( 'NONE', *, *, #2087, .T. ) ;
#121 = CARTESIAN_POINT ( 'NONE',  ( 27.00000000000000000, -2.828427124746189847, -2.828427124746189847 ) ) ;
#122 = DIRECTION ( 'NONE',  ( -1.000000000000000000, -0.000000000000000000, -0.000000000000000000 ) ) ;
#123 = ORIENTED_EDGE ( 'NONE', *, *, #1094, .F. ) ;
#124 = PRODUCT_DEFINITION ( 'UNKNOWN', '', #2181, #906 ) ;
#125 = ORIENTED_EDGE ( 'NONE', *, *, #902, .T. ) ;
#126 = VECTOR ( 'NONE', #458, 1000.000000000000000 ) ;
#127 = DIRECTION ( 'NONE',  ( -1.000000000000000000, 0.000000000000000000, 0.000000000000000000 ) ) ;
#128 = CARTESIAN_POINT ( 'NONE',  ( 11.99999999999999822, 6.097514190792873379, 2.242215756635040691 ) ) ;
#129 = DIRECTION ( 'NONE',  ( 0.000000000000000000, 0.000000000000000000, -1.000000000000000000 ) ) ;
#130 = ORIENTED_EDGE ( 'NONE', *, *, #2041, .F. ) ;
#131 = DIRECTION ( 'NONE',  ( 0.000000000000000000, 0.000000000000000000, 1.000000000000000000 ) ) ;
#132 = DIRECTION ( 'NONE',  ( 0.000000000000000000, 0.000000000000000000, -1.000000000000000000 ) ) ;
#133 = EDGE_CURVE ( 'NONE', #203, #497, #2286, .T. ) ;
#134 = ORIENTED_EDGE ( 'NONE', *, *, #2240, .T. ) ;
#135 = ORIENTED_EDGE ( 'NONE', *, *, #110, .T. ) ;
#136 = CIRCLE ( 'NONE', #446, 5.249000000000000554 ) ;
#137 = CIRCLE ( 'NONE', #1606, 7.499999999999998224 ) ;
#138 = DIRECTION ( 'NONE',  ( -1.000000000000000000, 0.000000000000000000, 0.000000000000000000 ) ) ;
#139 = LINE ( 'NONE', #685, #777 ) ;
#140 = AXIS2_PLACEMENT_3D ( 'NONE', #771, #761, #1121 ) ;
#141 = CYLINDRICAL_SURFACE ( 'NONE', #1918, 2.600000000000000089 ) ;
#142 = VERTEX_POINT ( 'NONE', #1551 ) ;
#143 = ADVANCED_FACE ( 'NONE', ( #1369 ), #1413, .T. ) ;
#144 = ORIENTED_EDGE ( 'NONE', *, *, #1016, .F. ) ;
#145 = CARTESIAN_POINT ( 'NONE',  ( 11.99999999999999822, 0.000000000000000000, 0.000000000000000000 ) ) ;
#146 = LINE ( 'NONE', #1219, #1346 ) ;
#147 = EDGE_CURVE ( 'NONE', #1638, #72, #1875, .T. ) ;
#148 = ORIENTED_EDGE ( 'NONE', *, *, #192, .T. ) ;
#149 = ORIENTED_EDGE ( 'NONE', *, *, #2020, .F. ) ;
#150 = DIRECTION ( 'NONE',  ( -0.000000000000000000, 1.000000000000000000, 0.000000000000000000 ) ) ;
#151 = AXIS2_PLACEMENT_3D ( 'NONE', #245, #61, #2110 ) ;
#152 = DIRECTION ( 'NONE',  ( -1.000000000000000000, 0.000000000000000000, 0.000000000000000000 ) ) ;
#153 = CARTESIAN_POINT ( 'NONE',  ( 11.99999999999999822, -1.094457498395992490, -7.419714467835319738 ) ) ;
#154 = ORIENTED_EDGE ( 'NONE', *, *, #794, .T. ) ;
#155 = ORIENTED_EDGE ( 'NONE', *, *, #1203, .T. ) ;
#156 = LINE ( 'NONE', #183, #1630 ) ;
#157 = CARTESIAN_POINT ( 'NONE',  ( 11.99999999999999822, -2.365773362115649814, -4.685628815762513888 ) ) ;
#158 = EDGE_CURVE ( 'NONE', #44, #1160, #675, .T. ) ;
#159 = MANIFOLD_SOLID_BREP ( 'Boss-Extrude3', #1291 ) ;
#160 = CIRCLE ( 'NONE', #2302, 2.600000000000000089 ) ;
#161 = ORIENTED_EDGE ( 'NONE', *, *, #531, .T. ) ;
#162 = DIRECTION ( 'NONE',  ( 0.000000000000000000, 0.6631226582407913073, 0.7485107481711046340 ) ) ;
#163 = VERTEX_POINT ( 'NONE', #1756 ) ;
#164 = VECTOR ( 'NONE', #611, 1000.000000000000000 ) ;
#165 = VECTOR ( 'NONE', #2038, 1000.000000000000000 ) ;
#166 = CIRCLE ( 'NONE', #785, 2.600000000000000089 ) ;
#167 = CYLINDRICAL_SURFACE ( 'NONE', #707, 2.599999999999999201 ) ;
#168 = DIRECTION ( 'NONE',  ( -1.000000000000000000, 0.000000000000000000, 0.000000000000000000 ) ) ;
#169 = ORIENTED_EDGE ( 'NONE', *, *, #355, .T. ) ;
#170 = AXIS2_PLACEMENT_3D ( 'NONE', #1749, #1941, #1557 ) ;
#171 = ORIENTED_EDGE ( 'NONE', *, *, #514, .F. ) ;
#172 = CARTESIAN_POINT ( 'NONE',  ( 11.99999999999999822, 3.758233514242772078, -4.814911185488591094 ) ) ;
#173 = DIRECTION ( 'NONE',  ( -1.000000000000000000, 0.000000000000000000, 0.000000000000000000 ) ) ;
#174 = ORIENTED_EDGE ( 'NONE', *, *, #2161, .F. ) ;
#175 = CARTESIAN_POINT ( 'NONE',  ( 11.99999999999999822, 0.000000000000000000, 0.000000000000000000 ) ) ;
#176 = VERTEX_POINT ( 'NONE', #2311 ) ;
#177 = ADVANCED_FACE ( 'NONE', ( #439 ), #1720, .T. ) ;
#178 = AXIS2_PLACEMENT_3D ( 'NONE', #1144, #2033, #386 ) ;
#179 = FACE_OUTER_BOUND ( 'NONE', #568, .T. ) ;
#180 = DIRECTION ( 'NONE',  ( 0.000000000000000000, 0.000000000000000000, -1.000000000000000000 ) ) ;
#181 = ORIENTED_EDGE ( 'NONE', *, *, #706, .F. ) ;
#182 = EDGE_LOOP ( 'NONE', ( #16, #2318, #774, #2217 ) ) ;
#183 = CARTESIAN_POINT ( 'NONE',  ( 11.99999999999999822, 2.512284471165419308, -4.608733853884501741 ) ) ;
#184 = FACE_OUTER_BOUND ( 'NONE', #659, .T. ) ;
#185 = AXIS2_PLACEMENT_3D ( 'NONE', #2083, #1171, #54 ) ;
#186 = ORIENTED_EDGE ( 'NONE', *, *, #745, .T. ) ;
#187 = CARTESIAN_POINT ( 'NONE',  ( 11.99999999999999822, -3.542224254091444813, -3.873583397027396735 ) ) ;
#188 = DIRECTION ( 'NONE',  ( -1.000000000000000000, -0.000000000000000000, -0.000000000000000000 ) ) ;
#189 = AXIS2_PLACEMENT_3D ( 'NONE', #1566, #2287, #653 ) ;
#190 = VERTEX_POINT ( 'NONE', #1947 ) ;
#191 = ADVANCED_FACE ( 'NONE', ( #69 ), #78, .T. ) ;
#192 = EDGE_CURVE ( 'NONE', #2051, #843, #1599, .T. ) ;
#193 = CYLINDRICAL_SURFACE ( 'NONE', #1515, 7.499999999999999112 ) ;
#194 = DIRECTION ( 'NONE',  ( 0.000000000000000000, 0.000000000000000000, 1.000000000000000000 ) ) ;
#195 = AXIS2_PLACEMENT_3D ( 'NONE', #23, #2216, #581 ) ;
#196 = ORIENTED_EDGE ( 'NONE', *, *, #1752, .T. ) ;
#197 = DIRECTION ( 'NONE',  ( -1.000000000000000000, 0.000000000000000000, -0.000000000000000000 ) ) ;
#198 = CARTESIAN_POINT ( 'NONE',  ( 11.99999999999999822, -5.200109362712490579, -0.7147472391201575848 ) ) ;
#199 = AXIS2_PLACEMENT_3D ( 'NONE', #306, #523, #884 ) ;
#200 = EDGE_LOOP ( 'NONE', ( #508, #2162, #2112, #88 ) ) ;
#201 = DIRECTION ( 'NONE',  ( 0.000000000000000000, -0.6631226582408016323, 0.7485107481710955302 ) ) ;
#202 = LINE ( 'NONE', #938, #1548 ) ;
#203 = VERTEX_POINT ( 'NONE', #724 ) ;
#204 = VECTOR ( 'NONE', #1480, 1000.000000000000000 ) ;
#205 = AXIS2_PLACEMENT_3D ( 'NONE', #414, #2060, #2210 ) ;
#206 = DIRECTION ( 'NONE',  ( -1.000000000000000000, -0.000000000000000000, 0.000000000000000000 ) ) ;
#207 = ADVANCED_FACE ( 'NONE', ( #1610 ), #1054, .T. ) ;
#208 = CYLINDRICAL_SURFACE ( 'NONE', #1982, 7.499999999999999112 ) ;
#209 = DIRECTION ( 'NONE',  ( -1.000000000000000000, 0.000000000000000000, 0.000000000000000000 ) ) ;
#210 = DIRECTION ( 'NONE',  ( -1.000000000000000000, 0.000000000000000000, 0.000000000000000000 ) ) ;
#211 = ORIENTED_EDGE ( 'NONE', *, *, #1006, .T. ) ;
#212 = PLANE ( 'NONE',  #2151 ) ;
#213 = CARTESIAN_POINT ( 'NONE',  ( 0.000000000000000000, 0.000000000000000000, 0.000000000000000000 ) ) ;
#214 = VERTEX_POINT ( 'NONE', #878 ) ;
#215 = CARTESIAN_POINT ( 'NONE',  ( 11.99999999999999822, -2.496742409789537653, 5.574402767192109920 ) ) ;
#216 = ADVANCED_FACE ( 'NONE', ( #505 ), #167, .T. ) ;
#217 = DIRECTION ( 'NONE',  ( -1.000000000000000000, -0.000000000000000000, -0.000000000000000000 ) ) ;
#218 = EDGE_CURVE ( 'NONE', #1229, #1623, #695, .T. ) ;
#219 = CARTESIAN_POINT ( 'NONE',  ( 11.99999999999999822, -2.365773362115649814, -4.685628815762513888 ) ) ;
#220 = FACE_OUTER_BOUND ( 'NONE', #2324, .T. ) ;
#221 = EDGE_CURVE ( 'NONE', #1916, #2027, #166, .T. ) ;
#222 = AXIS2_PLACEMENT_3D ( 'NONE', #858, #287, #2273 ) ;
#223 = CIRCLE ( 'NONE', #1685, 5.249000000000000554 ) ;
#224 = ORIENTED_EDGE ( 'NONE', *, *, #2163, .F. ) ;
#225 = VECTOR ( 'NONE', #1524, 1000.000000000000000 ) ;
#226 = DIRECTION ( 'NONE',  ( 0.000000000000000000, -1.000000000000000000, 0.000000000000000000 ) ) ;
#227 = DIRECTION ( 'NONE',  ( 0.000000000000000000, -0.9927088740980526405, -0.1205366802553337752 ) ) ;
#228 = EDGE_CURVE ( 'NONE', #489, #214, #1708, .T. ) ;
#229 = VERTEX_POINT ( 'NONE', #1993 ) ;
#230 = CYLINDRICAL_SURFACE ( 'NONE', #1791, 7.499999999999999112 ) ;
#231 = CARTESIAN_POINT ( 'NONE',  ( 11.99999999999999822, 0.000000000000000000, 0.000000000000000000 ) ) ;
#232 = DIRECTION ( 'NONE',  ( -1.000000000000000000, -0.000000000000000000, -0.000000000000000000 ) ) ;
#233 = CARTESIAN_POINT ( 'NONE',  ( 0.000000000000000000, -4.326800070397459841, 4.311205170544456955 ) ) ;
#234 = AXIS2_PLACEMENT_3D ( 'NONE', #471, #2264, #1361 ) ;
#235 = ORIENTED_EDGE ( 'NONE', *, *, #1992, .T. ) ;
#236 = CARTESIAN_POINT ( 'NONE',  ( 0.000000000000000000, 4.877953425118596975, -1.938445609856967788 ) ) ;
#237 = DIRECTION ( 'NONE',  ( -1.000000000000000000, -0.000000000000000000, 0.000000000000000000 ) ) ;
#238 = AXIS2_PLACEMENT_3D ( 'NONE', #1232, #2127, #1963 ) ;
#239 = ORIENTED_EDGE ( 'NONE', *, *, #468, .T. ) ;
#240 = CIRCLE ( 'NONE', #1860, 5.249000000000001442 ) ;
#241 = CARTESIAN_POINT ( 'NONE',  ( 0.000000000000000000, 0.000000000000000000, 0.000000000000000000 ) ) ;
#242 = ADVANCED_FACE ( 'NONE', ( #907 ), #1433, .T. ) ;
#243 = LINE ( 'NONE', #1711, #1062 ) ;
#244 = CARTESIAN_POINT ( 'NONE',  ( 5.999999999999998224, 2.838308449282239909, 6.942190226919240814 ) ) ;
#245 = CARTESIAN_POINT ( 'NONE',  ( 0.000000000000000000, 0.000000000000000000, 0.000000000000000000 ) ) ;
#246 = VECTOR ( 'NONE', #404, 1000.000000000000000 ) ;
#247 = VERTEX_POINT ( 'NONE', #1046 ) ;
#248 = DIRECTION ( 'NONE',  ( 1.000000000000000000, 0.000000000000000000, 0.000000000000000000 ) ) ;
#249 = CARTESIAN_POINT ( 'NONE',  ( 27.00000000000000000, 2.828427124746189847, -2.828427124746189847 ) ) ;
#250 = ORIENTED_EDGE ( 'NONE', *, *, #42, .T. ) ;
#251 = DIRECTION ( 'NONE',  ( 0.000000000000000000, 0.000000000000000000, 1.000000000000000000 ) ) ;
#252 = FACE_OUTER_BOUND ( 'NONE', #1048, .T. ) ;
#253 = FACE_OUTER_BOUND ( 'NONE', #2134, .T. ) ;
#254 = DIRECTION ( 'NONE',  ( 0.000000000000000000, 0.000000000000000000, -1.000000000000000000 ) ) ;
#255 = ORIENTED_EDGE ( 'NONE', *, *, #745, .F. ) ;
#256 = LINE ( 'NONE', #997, #1876 ) ;
#257 = DIRECTION ( 'NONE',  ( 0.000000000000000000, 0.000000000000000000, 1.000000000000000000 ) ) ;
#258 = CIRCLE ( 'NONE', #954, 2.599999999999999201 ) ;
#259 = CIRCLE ( 'NONE', #412, 7.500000000000000000 ) ;
#260 = VERTEX_POINT ( 'NONE', #1273 ) ;
#261 = AXIS2_PLACEMENT_3D ( 'NONE', #1132, #2078, #13 ) ;
#262 = ADVANCED_FACE ( 'NONE', ( #2154 ), #335, .T. ) ;
#263 = LINE ( 'NONE', #2284, #703 ) ;
#264 = CIRCLE ( 'NONE', #1798, 5.248999999999999666 ) ;
#265 = DIRECTION ( 'NONE',  ( -1.000000000000000000, -0.000000000000000000, 0.000000000000000000 ) ) ;
#266 = DIRECTION ( 'NONE',  ( 0.000000000000000000, 0.000000000000000000, 1.000000000000000000 ) ) ;
#267 = VERTEX_POINT ( 'NONE', #2178 ) ;
#268 = DIRECTION ( 'NONE',  ( 0.000000000000000000, -0.6631226582408016323, 0.7485107481710954191 ) ) ;
#269 = LINE ( 'NONE', #1021, #1931 ) ;
#270 = EDGE_LOOP ( 'NONE', ( #339, #1953, #174, #292 ) ) ;
#271 = AXIS2_PLACEMENT_3D ( 'NONE', #935, #1488, #1859 ) ;
#272 = CARTESIAN_POINT ( 'NONE',  ( 27.00000000000000000, 2.828427124746189847, 2.828427124746189847 ) ) ;
#273 = AXIS2_PLACEMENT_3D ( 'NONE', #696, #1082, #1788 ) ;
#274 = DIRECTION ( 'NONE',  ( 0.000000000000000000, 0.000000000000000000, -1.000000000000000000 ) ) ;
#275 = LINE ( 'NONE', #1015, #1119 ) ;
#276 = EDGE_CURVE ( 'NONE', #1210, #372, #1404, .T. ) ;
#277 = ORIENTED_EDGE ( 'NONE', *, *, #765, .F. ) ;
#278 = AXIS2_PLACEMENT_3D ( 'NONE', #451, #1563, #251 ) ;
#279 = DIRECTION ( 'NONE',  ( -1.000000000000000000, 0.000000000000000000, -0.000000000000000000 ) ) ;
#280 = AXIS2_PLACEMENT_3D ( 'NONE', #987, #640, #1725 ) ;
#281 = DIRECTION ( 'NONE',  ( 1.000000000000000000, 0.000000000000000000, -0.000000000000000000 ) ) ;
#282 = VECTOR ( 'NONE', #127, 1000.000000000000000 ) ;
#283 = ORIENTED_EDGE ( 'NONE', *, *, #1752, .F. ) ;
#284 = VECTOR ( 'NONE', #1074, 1000.000000000000000 ) ;
#285 = ORIENTED_EDGE ( 'NONE', *, *, #1771, .T. ) ;
#286 = DIRECTION ( 'NONE',  ( -1.000000000000000000, -0.000000000000000000, -0.000000000000000000 ) ) ;
#287 = DIRECTION ( 'NONE',  ( -1.000000000000000000, 0.000000000000000000, -0.000000000000000000 ) ) ;
#288 = DIRECTION ( 'NONE',  ( 0.000000000000000000, 0.000000000000000000, 1.000000000000000000 ) ) ;
#289 = DIRECTION ( 'NONE',  ( -1.000000000000000000, 0.000000000000000000, 0.000000000000000000 ) ) ;
#290 = EDGE_CURVE ( 'NONE', #1350, #402, #1017, .T. ) ;
#291 = ADVANCED_FACE ( 'NONE', ( #539 ), #1799, .F. ) ;
#292 = ORIENTED_EDGE ( 'NONE', *, *, #1886, .T. ) ;
#293 = CARTESIAN_POINT ( 'NONE',  ( 11.99999999999999822, 0.000000000000000000, 0.000000000000000000 ) ) ;
#294 = DIRECTION ( 'NONE',  ( -1.000000000000000000, 0.000000000000000000, 0.000000000000000000 ) ) ;
#295 = EDGE_CURVE ( 'NONE', #214, #738, #1957, .T. ) ;
#296 = EDGE_CURVE ( 'NONE', #655, #861, #1629, .T. ) ;
#297 = VERTEX_POINT ( 'NONE', #2009 ) ;
#298 = ORIENTED_EDGE ( 'NONE', *, *, #886, .T. ) ;
#299 = DIRECTION ( 'NONE',  ( -1.000000000000000000, -0.000000000000000000, 0.000000000000000000 ) ) ;
#300 = CARTESIAN_POINT ( 'NONE',  ( 11.99999999999999822, 0.000000000000000000, 0.000000000000000000 ) ) ;
#301 = CARTESIAN_POINT ( 'NONE',  ( 11.99999999999999822, -4.272308565095999988, -3.049488567712191678 ) ) ;
#302 = FACE_OUTER_BOUND ( 'NONE', #1235, .T. ) ;
#303 = AXIS2_PLACEMENT_3D ( 'NONE', #846, #1403, #1780 ) ;
#304 = EDGE_LOOP ( 'NONE', ( #1764, #1796 ) ) ;
#305 = DIRECTION ( 'NONE',  ( 1.000000000000000000, 0.000000000000000000, 0.000000000000000000 ) ) ;
#306 = CARTESIAN_POINT ( 'NONE',  ( 11.99999999999999822, -4.326800070397459841, 4.311205170544456955 ) ) ;
#307 = ORIENTED_EDGE ( 'NONE', *, *, #192, .F. ) ;
#308 = CIRCLE ( 'NONE', #1769, 2.600000000000000533 ) ;
#309 = EDGE_LOOP ( 'NONE', ( #1785, #2283, #825, #2265 ) ) ;
#310 = CIRCLE ( 'NONE', #1463, 7.499999999999998224 ) ;
#311 = CARTESIAN_POINT ( 'NONE',  ( 0.000000000000000000, 1.090149711768729324, 6.009930322196029628 ) ) ;
#312 = CARTESIAN_POINT ( 'NONE',  ( 11.99999999999999822, 0.08273200746569350783, -5.248347970070267543 ) ) ;
#313 = CYLINDRICAL_SURFACE ( 'NONE', #2039, 4.000000000000000000 ) ;
#314 = EDGE_CURVE ( 'NONE', #731, #1617, #223, .T. ) ;
#315 = ORIENTED_EDGE ( 'NONE', *, *, #1555, .F. ) ;
#316 = CYLINDRICAL_SURFACE ( 'NONE', #432, 2.600000000000000089 ) ;
#317 = FACE_OUTER_BOUND ( 'NONE', #1268, .T. ) ;
#318 = VECTOR ( 'NONE', #1549, 1000.000000000000000 ) ;
#319 = CIRCLE ( 'NONE', #1625, 7.499999999999998224 ) ;
#320 = ORIENTED_EDGE ( 'NONE', *, *, #718, .T. ) ;
#321 = ORIENTED_EDGE ( 'NONE', *, *, #1071, .F. ) ;
#322 = VECTOR ( 'NONE', #2253, 1000.000000000000000 ) ;
#323 = ADVANCED_FACE ( 'NONE', ( #1969 ), #1446, .T. ) ;
#324 = DIRECTION ( 'NONE',  ( -1.000000000000000000, -0.000000000000000000, -0.000000000000000000 ) ) ;
#325 = DIRECTION ( 'NONE',  ( -1.000000000000000000, 0.000000000000000000, 0.000000000000000000 ) ) ;
#326 = ORIENTED_EDGE ( 'NONE', *, *, #1321, .T. ) ;
#327 = FACE_OUTER_BOUND ( 'NONE', #919, .T. ) ;
#328 = DIRECTION ( 'NONE',  ( 0.000000000000000000, 0.000000000000000000, -1.000000000000000000 ) ) ;
#329 = ORIENTED_EDGE ( 'NONE', *, *, #1923, .T. ) ;
#330 = ORIENTED_EDGE ( 'NONE', *, *, #1460, .F. ) ;
#331 = AXIS2_PLACEMENT_3D ( 'NONE', #2252, #1167, #833 ) ;
#332 = CIRCLE ( 'NONE', #1258, 2.600000000000000089 ) ;
#333 = ADVANCED_FACE ( 'NONE', ( #179 ), #770, .T. ) ;
#334 = CIRCLE ( 'NONE', #1455, 2.600000000000000533 ) ;
#335 = CYLINDRICAL_SURFACE ( 'NONE', #55, 5.249000000000000554 ) ;
#336 = CARTESIAN_POINT ( 'NONE',  ( 5.999999999999998224, -4.100967580332669726, -6.279495593203357373 ) ) ;
#337 = CIRCLE ( 'NONE', #449, 4.000000000000000000 ) ;
#338 = DIRECTION ( 'NONE',  ( -1.000000000000000000, -0.000000000000000000, -0.000000000000000000 ) ) ;
#339 = ORIENTED_EDGE ( 'NONE', *, *, #544, .T. ) ;
#340 = ORIENTED_EDGE ( 'NONE', *, *, #314, .F. ) ;
#341 = DIRECTION ( 'NONE',  ( -1.000000000000000000, 0.000000000000000000, 0.000000000000000000 ) ) ;
#342 = DIRECTION ( 'NONE',  ( -1.000000000000000000, -0.000000000000000000, -0.000000000000000000 ) ) ;
#343 = VERTEX_POINT ( 'NONE', #1877 ) ;
#344 = CARTESIAN_POINT ( 'NONE',  ( 5.999999999999999112, 7.325653521105575550, -1.607731472825441932 ) ) ;
#345 = CIRCLE ( 'NONE', #963, 2.600000000000000089 ) ;
#346 = ORIENTED_EDGE ( 'NONE', *, *, #1325, .F. ) ;
#347 = DIRECTION ( 'NONE',  ( 0.000000000000000000, -1.000000000000000000, 0.000000000000000000 ) ) ;
#348 = AXIS2_PLACEMENT_3D ( 'NONE', #809, #431, #1169 ) ;
#349 = CARTESIAN_POINT ( 'NONE',  ( 0.000000000000000000, 5.739393982264541449, 4.827976461867387492 ) ) ;
#350 = EDGE_LOOP ( 'NONE', ( #340, #1912, #694, #1871 ) ) ;
#351 = ORIENTED_EDGE ( 'NONE', *, *, #1220, .F. ) ;
#352 = DIRECTION ( 'NONE',  ( 0.000000000000000000, 0.000000000000000000, 1.000000000000000000 ) ) ;
#353 = CARTESIAN_POINT ( 'NONE',  ( 0.000000000000000000, -1.094457498396095740, 7.419714467835304639 ) ) ;
#354 = EDGE_CURVE ( 'NONE', #1940, #1292, #32, .T. ) ;
#355 = EDGE_CURVE ( 'NONE', #1292, #1680, #1063, .T. ) ;
#356 = VERTEX_POINT ( 'NONE', #748 ) ;
#357 = CARTESIAN_POINT ( 'NONE',  ( 11.99999999999999822, 7.325653521105575550, 1.607731472825441932 ) ) ;
#358 = ORIENTED_EDGE ( 'NONE', *, *, #367, .F. ) ;
#359 = AXIS2_PLACEMENT_3D ( 'NONE', #805, #1741, #623 ) ;
#360 = AXIS2_PLACEMENT_3D ( 'NONE', #1636, #1249, #1471 ) ;
#361 = CARTESIAN_POINT ( 'NONE',  ( 11.99999999999999822, -4.801309747471144362, 3.775594467174579361 ) ) ;
#362 = LINE ( 'NONE', #1096, #46 ) ;
#363 = ORIENTED_EDGE ( 'NONE', *, *, #1540, .F. ) ;
#364 = ORIENTED_EDGE ( 'NONE', *, *, #1886, .F. ) ;
#365 = CARTESIAN_POINT ( 'NONE',  ( 11.99999999999999822, 2.838308449282338497, -6.942190226919200846 ) ) ;
#366 = DIRECTION ( 'NONE',  ( -1.000000000000000000, 0.000000000000000000, 0.000000000000000000 ) ) ;
#367 = EDGE_CURVE ( 'NONE', #2106, #655, #258, .T. ) ;
#368 = ORIENTED_EDGE ( 'NONE', *, *, #867, .T. ) ;
#369 = DIRECTION ( 'NONE',  ( -1.000000000000000000, 0.000000000000000000, 0.000000000000000000 ) ) ;
#370 = CARTESIAN_POINT ( 'NONE',  ( -2.899999999999999911, 0.000000000000000000, 4.000000000000000000 ) ) ;
#371 = ADVANCED_FACE ( 'NONE', ( #395 ), #230, .T. ) ;
#372 = VERTEX_POINT ( 'NONE', #2212 ) ;
#373 = LINE ( 'NONE', #2032, #1815 ) ;
#374 = CARTESIAN_POINT ( 'NONE',  ( 11.99999999999999822, -4.326800070397400333, -4.311205170544517351 ) ) ;
#375 = ORIENTED_EDGE ( 'NONE', *, *, #806, .F. ) ;
#376 = ORIENTED_EDGE ( 'NONE', *, *, #1633, .T. ) ;
#377 = CARTESIAN_POINT ( 'NONE',  ( 11.99999999999999822, 6.097514190792869826, 0.3577842433650432752 ) ) ;
#378 = CARTESIAN_POINT ( 'NONE',  ( 11.99999999999999822, -1.827674251943241845, 5.828146849600174484 ) ) ;
#379 = VERTEX_POINT ( 'NONE', #1130 ) ;
#380 = DIRECTION ( 'NONE',  ( 0.000000000000000000, -0.2393156642875651496, 0.9709418174260501244 ) ) ;
#381 = CYLINDRICAL_SURFACE ( 'NONE', #86, 2.600000000000000089 ) ;
#382 = VECTOR ( 'NONE', #983, 1000.000000000000000 ) ;
#383 = ORIENTED_EDGE ( 'NONE', *, *, #1076, .F. ) ;
#384 = DIRECTION ( 'NONE',  ( -1.000000000000000000, 0.000000000000000000, 0.000000000000000000 ) ) ;
#385 = CIRCLE ( 'NONE', #1468, 2.599999999999999645 ) ;
#386 = DIRECTION ( 'NONE',  ( 0.000000000000000000, 0.000000000000000000, 1.000000000000000000 ) ) ;
#387 = CARTESIAN_POINT ( 'NONE',  ( 5.999999999999999112, -4.417207229927633705, 6.061211123849344240 ) ) ;
#388 = DIRECTION ( 'NONE',  ( 0.000000000000000000, 0.6631226582407913073, 0.7485107481711046340 ) ) ;
#389 = EDGE_LOOP ( 'NONE', ( #1562, #2364, #686, #6 ) ) ;
#390 = DIRECTION ( 'NONE',  ( 0.000000000000000000, 0.000000000000000000, 1.000000000000000000 ) ) ;
#391 = CARTESIAN_POINT ( 'NONE',  ( 0.000000000000000000, -2.365773362115714651, 4.685628815762480137 ) ) ;
#392 = ORIENTED_EDGE ( 'NONE', *, *, #218, .T. ) ;
#393 = CIRCLE ( 'NONE', #1966, 5.249000000000001442 ) ;
#394 = VECTOR ( 'NONE', #444, 1000.000000000000000 ) ;
#395 = FACE_OUTER_BOUND ( 'NONE', #1230, .T. ) ;
#396 = ADVANCED_FACE ( 'NONE', ( #1888 ), #1866, .T. ) ;
#397 = EDGE_CURVE ( 'NONE', #1623, #1083, #1602, .T. ) ;
#398 = CYLINDRICAL_SURFACE ( 'NONE', #2323, 2.600000000000000089 ) ;
#399 = VECTOR ( 'NONE', #862, 1000.000000000000000 ) ;
#400 = CARTESIAN_POINT ( 'NONE',  ( 0.000000000000000000, 0.000000000000000000, 0.000000000000000000 ) ) ;
#401 = CARTESIAN_POINT ( 'NONE',  ( 11.99999999999999822, 0.000000000000000000, 0.000000000000000000 ) ) ;
#402 = VERTEX_POINT ( 'NONE', #1509 ) ;
#403 = DIRECTION ( 'NONE',  ( -1.000000000000000000, 0.000000000000000000, -0.000000000000000000 ) ) ;
#404 = DIRECTION ( 'NONE',  ( -1.000000000000000000, 0.000000000000000000, 0.000000000000000000 ) ) ;
#405 = ORIENTED_EDGE ( 'NONE', *, *, #1412, .T. ) ;
#406 = DIRECTION ( 'NONE',  ( 0.000000000000000000, 0.000000000000000000, 1.000000000000000000 ) ) ;
#407 = ADVANCED_FACE ( 'NONE', ( #1710 ), #2201, .T. ) ;
#408 = ORIENTED_EDGE ( 'NONE', *, *, #1965, .F. ) ;
#409 = CARTESIAN_POINT ( 'NONE',  ( 27.00000000000000000, 2.828427124746189847, -2.828427124746189847 ) ) ;
#410 = DIRECTION ( 'NONE',  ( 0.000000000000000000, 0.2393156642875516049, 0.9709418174260535661 ) ) ;
#411 = ORIENTED_EDGE ( 'NONE', *, *, #1826, .F. ) ;
#412 = AXIS2_PLACEMENT_3D ( 'NONE', #1377, #2126, #1020 ) ;
#413 = LINE ( 'NONE', #2059, #225 ) ;
#414 = CARTESIAN_POINT ( 'NONE',  ( 0.000000000000000000, 0.000000000000000000, 0.000000000000000000 ) ) ;
#415 = ORIENTED_EDGE ( 'NONE', *, *, #1855, .F. ) ;
#416 = CARTESIAN_POINT ( 'NONE',  ( 11.99999999999999822, 0.000000000000000000, 0.000000000000000000 ) ) ;
#417 = CIRCLE ( 'NONE', #2004, 7.499999999999998224 ) ;
#418 = DIRECTION ( 'NONE',  ( 0.000000000000000000, 0.9350162426854132791, 0.3546048870425395627 ) ) ;
#419 = DIRECTION ( 'NONE',  ( 0.000000000000000000, 0.000000000000000000, 1.000000000000000000 ) ) ;
#420 = CARTESIAN_POINT ( 'NONE',  ( 0.000000000000000000, -4.272308565095999988, -3.049488567712191678 ) ) ;
#421 = AXIS2_PLACEMENT_3D ( 'NONE', #2026, #1465, #2035 ) ;
#422 = ORIENTED_EDGE ( 'NONE', *, *, #1461, .F. ) ;
#423 = CARTESIAN_POINT ( 'NONE',  ( 0.000000000000000000, 0.000000000000000000, 0.000000000000000000 ) ) ;
#424 = LINE ( 'NONE', #87, #2267 ) ;
#425 = AXIS2_PLACEMENT_3D ( 'NONE', #1441, #1628, #715 ) ;
#426 = EDGE_CURVE ( 'NONE', #21, #1723, #136, .T. ) ;
#427 = ORIENTED_EDGE ( 'NONE', *, *, #1501, .F. ) ;
#428 = LINE ( 'NONE', #649, #1088 ) ;
#429 = DIRECTION ( 'NONE',  ( -1.000000000000000000, 0.000000000000000000, 0.000000000000000000 ) ) ;
#430 = DIRECTION ( 'NONE',  ( -1.000000000000000000, 0.000000000000000000, -0.000000000000000000 ) ) ;
#431 = DIRECTION ( 'NONE',  ( -1.000000000000000000, -0.000000000000000000, -0.000000000000000000 ) ) ;
#432 = AXIS2_PLACEMENT_3D ( 'NONE', #1231, #1962, #1049 ) ;
#433 = ORIENTED_EDGE ( 'NONE', *, *, #1166, .T. ) ;
#434 = CARTESIAN_POINT ( 'NONE',  ( 0.000000000000000000, 2.838308449282338941, -6.942190226919199958 ) ) ;
#435 = CARTESIAN_POINT ( 'NONE',  ( 5.999999999999999112, -4.100967580332754991, 6.279495593203302306 ) ) ;
#436 = EDGE_CURVE ( 'NONE', #682, #596, #783, .T. ) ;
#437 = ORIENTED_EDGE ( 'NONE', *, *, #1998, .T. ) ;
#438 = CARTESIAN_POINT ( 'NONE',  ( 0.000000000000000000, 1.175683915181614303, 5.115639581868842711 ) ) ;
#439 = FACE_OUTER_BOUND ( 'NONE', #304, .T. ) ;
#440 = CARTESIAN_POINT ( 'NONE',  ( 11.99999999999999822, 0.000000000000000000, 0.000000000000000000 ) ) ;
#441 = CARTESIAN_POINT ( 'NONE',  ( 11.99999999999999822, 0.000000000000000000, 0.000000000000000000 ) ) ;
#442 = ORIENTED_EDGE ( 'NONE', *, *, #1279, .T. ) ;
#443 = CARTESIAN_POINT ( 'NONE',  ( 20.00000000000000000, -2.828427124746189847, 2.828427124746189847 ) ) ;
#444 = DIRECTION ( 'NONE',  ( -1.000000000000000000, 0.000000000000000000, 0.000000000000000000 ) ) ;
#445 = AXIS2_PLACEMENT_3D ( 'NONE', #1579, #1402, #2098 ) ;
#446 = AXIS2_PLACEMENT_3D ( 'NONE', #241, #1299, #1139 ) ;
#447 = CIRCLE ( 'NONE', #2174, 4.000000000000000000 ) ;
#448 = VERTEX_POINT ( 'NONE', #2239 ) ;
#449 = AXIS2_PLACEMENT_3D ( 'NONE', #1665, #1868, #1486 ) ;
#450 = EDGE_CURVE ( 'NONE', #1773, #66, #332, .T. ) ;
#451 = CARTESIAN_POINT ( 'NONE',  ( 11.99999999999999822, 3.758233514242772078, -4.814911185488591094 ) ) ;
#452 = EDGE_CURVE ( 'NONE', #727, #1292, #1739, .T. ) ;
#453 = CIRCLE ( 'NONE', #2328, 5.249000000000001442 ) ;
#454 = FILL_AREA_STYLE ('',( #492 ) ) ;
#455 = CARTESIAN_POINT ( 'NONE',  ( 0.000000000000000000, 0.000000000000000000, 0.000000000000000000 ) ) ;
#456 = CARTESIAN_POINT ( 'NONE',  ( 11.99999999999999822, 0.000000000000000000, 0.000000000000000000 ) ) ;
#457 = ORIENTED_EDGE ( 'NONE', *, *, #2070, .T. ) ;
#458 = DIRECTION ( 'NONE',  ( 0.000000000000000000, -1.000000000000000000, 0.000000000000000000 ) ) ;
#459 = CARTESIAN_POINT ( 'NONE',  ( 11.99999999999999822, 0.000000000000000000, 0.000000000000000000 ) ) ;
#460 = ORIENTED_EDGE ( 'NONE', *, *, #1847, .F. ) ;
#461 = CIRCLE ( 'NONE', #348, 7.499999999999998224 ) ;
#462 = UNCERTAINTY_MEASURE_WITH_UNIT (LENGTH_MEASURE( 1.000000000000000082E-05 ), #1622, 'distance_accuracy_value', 'NONE');
#463 = EDGE_LOOP ( 'NONE', ( #111, #1426, #135, #708, #123, #576 ) ) ;
#464 = DIRECTION ( 'NONE',  ( -1.000000000000000000, 0.000000000000000000, -0.000000000000000000 ) ) ;
#465 = ADVANCED_FACE ( 'NONE', ( #1495, #578 ), #1528, .F. ) ;
#466 = EDGE_CURVE ( 'NONE', #2106, #1617, #373, .T. ) ;
#467 = CIRCLE ( 'NONE', #1811, 4.000000000000000000 ) ;
#468 = EDGE_CURVE ( 'NONE', #1988, #1022, #1198, .T. ) ;
#469 = DIRECTION ( 'NONE',  ( 0.000000000000000000, 0.000000000000000000, 1.000000000000000000 ) ) ;
#470 = CARTESIAN_POINT ( 'NONE',  ( 11.99999999999999822, 4.877953425118596975, -1.938445609856967788 ) ) ;
#471 = CARTESIAN_POINT ( 'NONE',  ( 11.99999999999999822, -2.496742409789459938, -5.574402767192145447 ) ) ;
#472 = ADVANCED_FACE ( 'NONE', ( #1841 ), #193, .T. ) ;
#473 = ORIENTED_EDGE ( 'NONE', *, *, #1279, .F. ) ;
#474 = AXIS2_PLACEMENT_3D ( 'NONE', #2077, #77, #67 ) ;
#475 = CYLINDRICAL_SURFACE ( 'NONE', #1375, 7.499999999999999112 ) ;
#476 = AXIS2_PLACEMENT_3D ( 'NONE', #1491, #573, #1850 ) ;
#477 = CARTESIAN_POINT ( 'NONE',  ( 0.000000000000000000, 0.3797985249671099184, -6.096182572081771056 ) ) ;
#478 = AXIS2_PLACEMENT_3D ( 'NONE', #482, #1909, #1213 ) ;
#479 = ORIENTED_EDGE ( 'NONE', *, *, #2269, .T. ) ;
#480 = EDGE_LOOP ( 'NONE', ( #1902, #909, #1889, #1427 ) ) ;
#481 = DIRECTION ( 'NONE',  ( 0.000000000000000000, 0.000000000000000000, 1.000000000000000000 ) ) ;
#482 = CARTESIAN_POINT ( 'NONE',  ( 20.00000000000000000, 0.000000000000000000, 0.000000000000000000 ) ) ;
#483 = CARTESIAN_POINT ( 'NONE',  ( 0.000000000000000000, 3.169332194722040086, 5.221400416671670541 ) ) ;
#484 =( NAMED_UNIT ( * ) PLANE_ANGLE_UNIT ( ) SI_UNIT ( $, .RADIAN. ) );
#485 = ORIENTED_EDGE ( 'NONE', *, *, #112, .T. ) ;
#486 = CARTESIAN_POINT ( 'NONE',  ( 20.00000000000000000, 2.828427124746189847, -2.828427124746189847 ) ) ;
#487 = CARTESIAN_POINT ( 'NONE',  ( 5.999999999999998224, 2.479019256375409430, -7.078450644492752630 ) ) ;
#488 = ORIENTED_EDGE ( 'NONE', *, *, #1174, .F. ) ;
#489 = VERTEX_POINT ( 'NONE', #1024 ) ;
#490 = CARTESIAN_POINT ( 'NONE',  ( 0.000000000000000000, -4.936627773442891609, 1.783734068316316534 ) ) ;
#491 = EDGE_CURVE ( 'NONE', #203, #1848, #588, .T. ) ;
#492 = FILL_AREA_STYLE_COLOUR ( '', #1140 ) ;
#493 = CARTESIAN_POINT ( 'NONE',  ( 0.000000000000000000, -3.542224254091444813, -3.873583397027396735 ) ) ;
#494 = PRODUCT_CONTEXT ( 'NONE', #1928, 'mechanical' ) ;
#495 = VERTEX_POINT ( 'NONE', #1755 ) ;
#496 = CIRCLE ( 'NONE', #2213, 7.500000000000000000 ) ;
#497 = VERTEX_POINT ( 'NONE', #438 ) ;
#498 = FACE_OUTER_BOUND ( 'NONE', #1576, .T. ) ;
#499 = DIRECTION ( 'NONE',  ( 0.000000000000000000, 0.6631226582407911962, 0.7485107481711046340 ) ) ;
#500 = ORIENTED_EDGE ( 'NONE', *, *, #1572, .T. ) ;
#501 = EDGE_CURVE ( 'NONE', #1848, #556, #428, .T. ) ;
#502 = VECTOR ( 'NONE', #1732, 1000.000000000000000 ) ;
#503 = ORIENTED_EDGE ( 'NONE', *, *, #1746, .F. ) ;
#504 = CIRCLE ( 'NONE', #734, 5.249000000000001442 ) ;
#505 = FACE_OUTER_BOUND ( 'NONE', #513, .T. ) ;
#506 = CARTESIAN_POINT ( 'NONE',  ( 11.99999999999999822, -5.834708136317082072, 1.806618342571547631 ) ) ;
#507 = CARTESIAN_POINT ( 'NONE',  ( 0.000000000000000000, -5.834708136317056315, 0.7933816574283709677 ) ) ;
#508 = ORIENTED_EDGE ( 'NONE', *, *, #720, .T. ) ;
#509 = EDGE_LOOP ( 'NONE', ( #1394, #1217, #1512, #941 ) ) ;
#510 = CARTESIAN_POINT ( 'NONE',  ( 11.99999999999999822, -4.417207229927547552, -6.061211123849406412 ) ) ;
#511 = DIRECTION ( 'NONE',  ( -1.000000000000000000, -0.000000000000000000, 0.000000000000000000 ) ) ;
#512 = CIRCLE ( 'NONE', #1013, 2.600000000000000089 ) ;
#513 = EDGE_LOOP ( 'NONE', ( #823, #169, #913, #437 ) ) ;
#514 = EDGE_CURVE ( 'NONE', #402, #985, #101, .T. ) ;
#515 = ORIENTED_EDGE ( 'NONE', *, *, #1474, .T. ) ;
#516 = AXIS2_PLACEMENT_3D ( 'NONE', #580, #430, #2068 ) ;
#517 = CARTESIAN_POINT ( 'NONE',  ( 11.99999999999999822, -2.496742409789537653, 5.574402767192109920 ) ) ;
#518 = CARTESIAN_POINT ( 'NONE',  ( 11.99999999999999822, -4.100967580332669726, -6.279495593203357373 ) ) ;
#519 = DIRECTION ( 'NONE',  ( -1.000000000000000000, 0.000000000000000000, 0.000000000000000000 ) ) ;
#520 = VERTEX_POINT ( 'NONE', #2107 ) ;
#521 = ORIENTED_EDGE ( 'NONE', *, *, #996, .F. ) ;
#522 = CARTESIAN_POINT ( 'NONE',  ( 11.99999999999999822, -5.834708136317056315, -1.806618342571628899 ) ) ;
#523 = DIRECTION ( 'NONE',  ( -1.000000000000000000, 0.000000000000000000, 0.000000000000000000 ) ) ;
#524 = ORIENTED_EDGE ( 'NONE', *, *, #12, .F. ) ;
#525 = EDGE_LOOP ( 'NONE', ( #250, #1416 ) ) ;
#526 = AXIS2_PLACEMENT_3D ( 'NONE', #300, #2262, #469 ) ;
#527 = EDGE_CURVE ( 'NONE', #678, #1350, #1917, .T. ) ;
#528 = CARTESIAN_POINT ( 'NONE',  ( 20.00000000000000000, 2.828427124746189847, 2.828427124746189847 ) ) ;
#529 = LINE ( 'NONE', #1979, #1393 ) ;
#530 = ORIENTED_EDGE ( 'NONE', *, *, #367, .T. ) ;
#531 = EDGE_CURVE ( 'NONE', #356, #72, #1344, .T. ) ;
#532 = ORIENTED_EDGE ( 'NONE', *, *, #1771, .F. ) ;
#533 = DIRECTION ( 'NONE',  ( 1.000000000000000000, 0.000000000000000000, 0.000000000000000000 ) ) ;
#534 = DIRECTION ( 'NONE',  ( 0.000000000000000000, 0.000000000000000000, 1.000000000000000000 ) ) ;
#535 = ORIENTED_EDGE ( 'NONE', *, *, #30, .F. ) ;
#536 = CARTESIAN_POINT ( 'NONE',  ( 11.99999999999999822, -4.272308565096042621, 3.049488567712131726 ) ) ;
#537 = ORIENTED_EDGE ( 'NONE', *, *, #290, .F. ) ;
#538 = EDGE_CURVE ( 'NONE', #678, #1475, #2116, .T. ) ;
#539 = FACE_OUTER_BOUND ( 'NONE', #2294, .T. ) ;
#540 = VECTOR ( 'NONE', #873, 1000.000000000000000 ) ;
#541 = CYLINDRICAL_SURFACE ( 'NONE', #1084, 5.249000000000000554 ) ;
#542 = ORIENTED_EDGE ( 'NONE', *, *, #1596, .T. ) ;
#543 = EDGE_CURVE ( 'NONE', #793, #1981, #667, .T. ) ;
#544 = EDGE_CURVE ( 'NONE', #712, #989, #263, .T. ) ;
#545 = VERTEX_POINT ( 'NONE', #272 ) ;
#546 = DIRECTION ( 'NONE',  ( 1.000000000000000000, 0.000000000000000000, 0.000000000000000000 ) ) ;
#547 = CARTESIAN_POINT ( 'NONE',  ( 11.99999999999999822, -6.005954884062090215, 1.111842975573189563 ) ) ;
#548 = ADVANCED_FACE ( 'NONE', ( #90 ), #116, .T. ) ;
#549 = ORIENTED_EDGE ( 'NONE', *, *, #1431, .F. ) ;
#550 = CARTESIAN_POINT ( 'NONE',  ( 11.99999999999999822, 6.097514190792873379, -0.3577842433649591203 ) ) ;
#551 = ORIENTED_EDGE ( 'NONE', *, *, #1923, .F. ) ;
#552 = AXIS2_PLACEMENT_3D ( 'NONE', #1182, #2073, #1914 ) ;
#553 = CIRCLE ( 'NONE', #1244, 5.248999999999999666 ) ;
#554 = CARTESIAN_POINT ( 'NONE',  ( 11.99999999999999822, 5.232810053259659533, -3.150458350498440474 ) ) ;
#555 = LINE ( 'NONE', #711, #976 ) ;
#556 = VERTEX_POINT ( 'NONE', #1012 ) ;
#557 = ORIENTED_EDGE ( 'NONE', *, *, #1478, .T. ) ;
#558 = LINE ( 'NONE', #1288, #284 ) ;
#559 = CARTESIAN_POINT ( 'NONE',  ( 11.99999999999999822, 1.090149711768812146, -6.009930322196014529 ) ) ;
#560 = VERTEX_POINT ( 'NONE', #1164 ) ;
#561 = LINE ( 'NONE', #2006, #10 ) ;
#562 = FACE_OUTER_BOUND ( 'NONE', #778, .T. ) ;
#563 = ORIENTED_EDGE ( 'NONE', *, *, #646, .T. ) ;
#564 = EDGE_CURVE ( 'NONE', #1981, #260, #899, .T. ) ;
#565 = CARTESIAN_POINT ( 'NONE',  ( 11.99999999999999822, -4.801309747471091960, -3.775594467174644642 ) ) ;
#566 = AXIS2_PLACEMENT_3D ( 'NONE', #1154, #1484, #1686 ) ;
#567 = AXIS2_PLACEMENT_3D ( 'NONE', #1809, #17, #1305 ) ;
#568 = EDGE_LOOP ( 'NONE', ( #2101, #1339, #1110, #530 ) ) ;
#569 = DIRECTION ( 'NONE',  ( -1.000000000000000000, 0.000000000000000000, 0.000000000000000000 ) ) ;
#570 = FACE_OUTER_BOUND ( 'NONE', #2281, .T. ) ;
#571 = EDGE_LOOP ( 'NONE', ( #1320, #2177, #2334, #503 ) ) ;
#572 = CARTESIAN_POINT ( 'NONE',  ( 0.000000000000000000, 0.000000000000000000, 0.000000000000000000 ) ) ;
#573 = DIRECTION ( 'NONE',  ( -1.000000000000000000, 0.000000000000000000, -0.000000000000000000 ) ) ;
#574 = ADVANCED_FACE ( 'NONE', ( #1185 ), #832, .T. ) ;
#575 = CIRCLE ( 'NONE', #1535, 7.500000000000000000 ) ;
#576 = ORIENTED_EDGE ( 'NONE', *, *, #1977, .F. ) ;
#577 = ADVANCED_FACE ( 'NONE', ( #1001 ), #1933, .T. ) ;
#578 = FACE_OUTER_BOUND ( 'NONE', #1307, .T. ) ;
#579 = CARTESIAN_POINT ( 'NONE',  ( -10.00000000000000000, 0.000000000000000000, 0.000000000000000000 ) ) ;
#580 = CARTESIAN_POINT ( 'NONE',  ( 11.99999999999999822, 6.097514190792873379, -0.3577842433649591203 ) ) ;
#581 = DIRECTION ( 'NONE',  ( 0.000000000000000000, 0.000000000000000000, -1.000000000000000000 ) ) ;
#582 = ORIENTED_EDGE ( 'NONE', *, *, #1867, .F. ) ;
#583 = LINE ( 'NONE', #986, #1949 ) ;
#584 = DIRECTION ( 'NONE',  ( 0.000000000000000000, 0.000000000000000000, 1.000000000000000000 ) ) ;
#585 = CIRCLE ( 'NONE', #893, 2.600000000000000089 ) ;
#586 = ORIENTED_EDGE ( 'NONE', *, *, #2310, .F. ) ;
#587 = EDGE_CURVE ( 'NONE', #843, #26, #1034, .T. ) ;
#588 = CIRCLE ( 'NONE', #1624, 2.600000000000000089 ) ;
#589 = CIRCLE ( 'NONE', #1668, 2.600000000000000533 ) ;
#590 = DIRECTION ( 'NONE',  ( 0.000000000000000000, 0.000000000000000000, 1.000000000000000000 ) ) ;
#591 =( GEOMETRIC_REPRESENTATION_CONTEXT ( 3 ) GLOBAL_UNCERTAINTY_ASSIGNED_CONTEXT ( ( #1908 ) ) GLOBAL_UNIT_ASSIGNED_CONTEXT ( ( #1200, #1920, #1590 ) ) REPRESENTATION_CONTEXT ( 'NONE', 'WORKASPACE' ) );
#592 = ORIENTED_EDGE ( 'NONE', *, *, #765, .T. ) ;
#593 = AXIS2_PLACEMENT_3D ( 'NONE', #1059, #197, #1440 ) ;
#594 = DIRECTION ( 'NONE',  ( 0.000000000000000000, 0.000000000000000000, -1.000000000000000000 ) ) ;
#595 = DIRECTION ( 'NONE',  ( 0.000000000000000000, 0.000000000000000000, 1.000000000000000000 ) ) ;
#596 = VERTEX_POINT ( 'NONE', #2272 ) ;
#597 = DIRECTION ( 'NONE',  ( 1.000000000000000000, -0.000000000000000000, -0.000000000000000000 ) ) ;
#598 = CARTESIAN_POINT ( 'NONE',  ( 11.99999999999999822, 4.366302838831076727, 2.913314353037735227 ) ) ;
#599 = ORIENTED_EDGE ( 'NONE', *, *, #436, .F. ) ;
#600 = CARTESIAN_POINT ( 'NONE',  ( 0.000000000000000000, 3.758233514242772078, -4.814911185488591094 ) ) ;
#601 = ORIENTED_EDGE ( 'NONE', *, *, #1559, .T. ) ;
#602 = DIRECTION ( 'NONE',  ( 0.000000000000000000, 0.000000000000000000, -1.000000000000000000 ) ) ;
#603 = CARTESIAN_POINT ( 'NONE',  ( 0.000000000000000000, -2.496742409789459938, -5.574402767192145447 ) ) ;
#604 = ADVANCED_FACE ( 'NONE', ( #634 ), #2295, .T. ) ;
#605 = ORIENTED_EDGE ( 'NONE', *, *, #2355, .T. ) ;
#606 = AXIS2_PLACEMENT_3D ( 'NONE', #1363, #973, #607 ) ;
#607 = DIRECTION ( 'NONE',  ( 0.000000000000000000, -0.9350162426854181641, 0.3546048870425267396 ) ) ;
#608 = DIRECTION ( 'NONE',  ( 0.000000000000000000, 0.2393156642875516049, 0.9709418174260535661 ) ) ;
#609 = EDGE_LOOP ( 'NONE', ( #699, #1932, #97, #1653 ) ) ;
#610 = AXIS2_PLACEMENT_3D ( 'NONE', #1312, #1869, #602 ) ;
#611 = DIRECTION ( 'NONE',  ( 1.000000000000000000, 0.000000000000000000, -0.000000000000000000 ) ) ;
#612 = VERTEX_POINT ( 'NONE', #1212 ) ;
#613 = ADVANCED_FACE ( 'NONE', ( #1946 ), #1767, .T. ) ;
#614 = CARTESIAN_POINT ( 'NONE',  ( 20.00000000000000000, 0.000000000000000000, 4.000000000000000000 ) ) ;
#615 = CARTESIAN_POINT ( 'NONE',  ( -2.899999999999999911, 0.000000000000000000, 0.000000000000000000 ) ) ;
#616 = CIRCLE ( 'NONE', #151, 7.499999999999998224 ) ;
#617 = VERTEX_POINT ( 'NONE', #742 ) ;
#618 = DIRECTION ( 'NONE',  ( -1.000000000000000000, 0.000000000000000000, -0.000000000000000000 ) ) ;
#619 = LINE ( 'NONE', #1352, #394 ) ;
#620 = EDGE_CURVE ( 'NONE', #951, #1597, #818, .T. ) ;
#621 = VECTOR ( 'NONE', #328, 1000.000000000000000 ) ;
#622 = ORIENTED_EDGE ( 'NONE', *, *, #1820, .T. ) ;
#623 = DIRECTION ( 'NONE',  ( 0.000000000000000000, -0.4647231720437573488, -0.8854560256532157947 ) ) ;
#624 = AXIS2_PLACEMENT_3D ( 'NONE', #926, #2365, #1588 ) ;
#625 = VECTOR ( 'NONE', #1694, 1000.000000000000000 ) ;
#626 = FACE_OUTER_BOUND ( 'NONE', #1532, .T. ) ;
#627 = CARTESIAN_POINT ( 'NONE',  ( 11.99999999999999822, -1.827674251943160355, -5.828146849600199353 ) ) ;
#628 = DIRECTION ( 'NONE',  ( -1.000000000000000000, -0.000000000000000000, -0.000000000000000000 ) ) ;
#629 = AXIS2_PLACEMENT_3D ( 'NONE', #522, #341, #751 ) ;
#630 = ORIENTED_EDGE ( 'NONE', *, *, #1709, .T. ) ;
#631 = DIRECTION ( 'NONE',  ( 1.000000000000000000, 0.000000000000000000, -0.000000000000000000 ) ) ;
#632 = CARTESIAN_POINT ( 'NONE',  ( 0.000000000000000000, 0.000000000000000000, 0.000000000000000000 ) ) ;
#633 = ORIENTED_EDGE ( 'NONE', *, *, #501, .F. ) ;
#634 = FACE_OUTER_BOUND ( 'NONE', #1124, .T. ) ;
#635 = DIRECTION ( 'NONE',  ( -1.000000000000000000, 0.000000000000000000, 0.000000000000000000 ) ) ;
#636 = DIRECTION ( 'NONE',  ( 0.000000000000000000, -0.8229838658936495799, -0.5680647467311658039 ) ) ;
#637 = FACE_OUTER_BOUND ( 'NONE', #2193, .T. ) ;
#638 = ORIENTED_EDGE ( 'NONE', *, *, #1353, .F. ) ;
#639 = PLANE ( 'NONE',  #1795 ) ;
#640 = DIRECTION ( 'NONE',  ( -1.000000000000000000, 0.000000000000000000, 0.000000000000000000 ) ) ;
#641 = AXIS2_PLACEMENT_3D ( 'NONE', #1529, #429, #418 ) ;
#642 = VECTOR ( 'NONE', #1120, 1000.000000000000000 ) ;
#643 = VECTOR ( 'NONE', #1900, 1000.000000000000000 ) ;
#644 = EDGE_CURVE ( 'NONE', #260, #1196, #83, .T. ) ;
#645 = ORIENTED_EDGE ( 'NONE', *, *, #1786, .F. ) ;
#646 = EDGE_CURVE ( 'NONE', #142, #260, #561, .T. ) ;
#647 = EDGE_CURVE ( 'NONE', #1117, #1153, #2028, .T. ) ;
#648 = ORIENTED_EDGE ( 'NONE', *, *, #1601, .T. ) ;
#649 = CARTESIAN_POINT ( 'NONE',  ( 5.999999999999998224, 2.479019256375309066, 7.078450644492787269 ) ) ;
#650 = ADVANCED_FACE ( 'NONE', ( #717 ), #212, .T. ) ;
#651 = AXIS2_PLACEMENT_3D ( 'NONE', #1688, #35, #594 ) ;
#652 = PRESENTATION_STYLE_ASSIGNMENT (( #1187 ) ) ;
#653 = DIRECTION ( 'NONE',  ( 0.000000000000000000, 0.000000000000000000, 1.000000000000000000 ) ) ;
#654 = CARTESIAN_POINT ( 'NONE',  ( 5.999999999999999112, -6.728028018200590488, 3.314157356902020624 ) ) ;
#655 = VERTEX_POINT ( 'NONE', #2017 ) ;
#656 = CARTESIAN_POINT ( 'NONE',  ( 11.99999999999999822, -6.728028018200591376, 3.314157356902021512 ) ) ;
#657 = CARTESIAN_POINT ( 'NONE',  ( 0.000000000000000000, -5.200109362712491468, -0.7147472391201576958 ) ) ;
#658 = AXIS2_PLACEMENT_3D ( 'NONE', #2089, #289, #789 ) ;
#659 = EDGE_LOOP ( 'NONE', ( #1789, #1008, #1194, #2061 ) ) ;
#660 = AXIS2_PLACEMENT_3D ( 'NONE', #2123, #1995, #1026 ) ;
#661 = EDGE_LOOP ( 'NONE', ( #592, #2115, #948, #2306 ) ) ;
#662 = CARTESIAN_POINT ( 'NONE',  ( -10.00000000000000000, 0.000000000000000000, 0.000000000000000000 ) ) ;
#663 = VECTOR ( 'NONE', #950, 1000.000000000000000 ) ;
#664 = DIRECTION ( 'NONE',  ( -1.000000000000000000, 0.000000000000000000, 0.000000000000000000 ) ) ;
#665 = FACE_OUTER_BOUND ( 'NONE', #812, .T. ) ;
#666 = ORIENTED_EDGE ( 'NONE', *, *, #1045, .T. ) ;
#667 = CIRCLE ( 'NONE', #359, 5.248999999999999666 ) ;
#668 = CARTESIAN_POINT ( 'NONE',  ( 0.000000000000000000, 0.3797985249670227659, 6.096182572081777273 ) ) ;
#669 = VECTOR ( 'NONE', #2257, 1000.000000000000000 ) ;
#670 = DIRECTION ( 'NONE',  ( -1.000000000000000000, 0.000000000000000000, 0.000000000000000000 ) ) ;
#671 = EDGE_CURVE ( 'NONE', #247, #1865, #393, .T. ) ;
#672 = VERTEX_POINT ( 'NONE', #357 ) ;
#673 = ORIENTED_EDGE ( 'NONE', *, *, #1747, .F. ) ;
#674 = DIRECTION ( 'NONE',  ( 0.000000000000000000, 0.000000000000000000, 1.000000000000000000 ) ) ;
#675 = LINE ( 'NONE', #2298, #839 ) ;
#676 = DIRECTION ( 'NONE',  ( -1.000000000000000000, 0.000000000000000000, 0.000000000000000000 ) ) ;
#677 =( NAMED_UNIT ( * ) SI_UNIT ( $, .STERADIAN. ) SOLID_ANGLE_UNIT ( ) );
#678 = VERTEX_POINT ( 'NONE', #187 ) ;
#679 = DIRECTION ( 'NONE',  ( -1.000000000000000000, 0.000000000000000000, -0.000000000000000000 ) ) ;
#680 = DIRECTION ( 'NONE',  ( 1.000000000000000000, 0.000000000000000000, 0.000000000000000000 ) ) ;
#681 = ORIENTED_EDGE ( 'NONE', *, *, #2238, .F. ) ;
#682 = VERTEX_POINT ( 'NONE', #536 ) ;
#683 = EDGE_CURVE ( 'NONE', #2047, #1027, #1355, .T. ) ;
#684 = DIRECTION ( 'NONE',  ( -1.000000000000000000, 0.000000000000000000, -0.000000000000000000 ) ) ;
#685 = CARTESIAN_POINT ( 'NONE',  ( 5.999999999999999112, 7.325653521105575550, 1.607731472825441932 ) ) ;
#686 = ORIENTED_EDGE ( 'NONE', *, *, #1461, .T. ) ;
#687 = AXIS2_PLACEMENT_3D ( 'NONE', #859, #1921, #1591 ) ;
#688 = ADVANCED_FACE ( 'NONE', ( #1293 ), #2198, .T. ) ;
#689 = EDGE_LOOP ( 'NONE', ( #848, #599, #186, #376 ) ) ;
#690 = CYLINDRICAL_SURFACE ( 'NONE', #1864, 5.249000000000000554 ) ;
#691 = DIRECTION ( 'NONE',  ( -1.000000000000000000, -0.000000000000000000, -0.000000000000000000 ) ) ;
#692 = VERTEX_POINT ( 'NONE', #1827 ) ;
#693 = VECTOR ( 'NONE', #519, 1000.000000000000000 ) ;
#694 = ORIENTED_EDGE ( 'NONE', *, *, #12, .T. ) ;
#695 = LINE ( 'NONE', #2357, #1821 ) ;
#696 = CARTESIAN_POINT ( 'NONE',  ( 11.99999999999999822, -6.005954884062090215, 1.111842975573189563 ) ) ;
#697 = CARTESIAN_POINT ( 'NONE',  ( 0.000000000000000000, 0.000000000000000000, 0.000000000000000000 ) ) ;
#698 = EDGE_LOOP ( 'NONE', ( #925, #285, #1191, #1376 ) ) ;
#699 = ORIENTED_EDGE ( 'NONE', *, *, #1148, .F. ) ;
#700 = CARTESIAN_POINT ( 'NONE',  ( 11.99999999999999822, -1.336339846557563993, -5.076041451219889034 ) ) ;
#701 = DIRECTION ( 'NONE',  ( -1.000000000000000000, -0.000000000000000000, -0.000000000000000000 ) ) ;
#702 = AXIS2_PLACEMENT_3D ( 'NONE', #1658, #914, #1849 ) ;
#703 = VECTOR ( 'NONE', #299, 1000.000000000000000 ) ;
#704 = CIRCLE ( 'NONE', #1816, 2.599999999999999645 ) ;
#705 = ORIENTED_EDGE ( 'NONE', *, *, #1847, .T. ) ;
#706 = EDGE_CURVE ( 'NONE', #2140, #2356, #1237, .T. ) ;
#707 = AXIS2_PLACEMENT_3D ( 'NONE', #517, #2330, #1423 ) ;
#708 = ORIENTED_EDGE ( 'NONE', *, *, #1216, .F. ) ;
#709 = CIRCLE ( 'NONE', #593, 2.599999999999999201 ) ;
#710 = CARTESIAN_POINT ( 'NONE',  ( 0.000000000000000000, 0.000000000000000000, 0.000000000000000000 ) ) ;
#711 = CARTESIAN_POINT ( 'NONE',  ( 5.999999999999999112, 5.484582574931883947, -5.115599083074584108 ) ) ;
#712 = VERTEX_POINT ( 'NONE', #1644 ) ;
#713 = VERTEX_POINT ( 'NONE', #732 ) ;
#714 = LINE ( 'NONE', #3, #1165 ) ;
#715 = DIRECTION ( 'NONE',  ( 0.000000000000000000, -0.2393156642875653994, 0.9709418174260501244 ) ) ;
#716 = VERTEX_POINT ( 'NONE', #1467 ) ;
#717 = FACE_OUTER_BOUND ( 'NONE', #1283, .T. ) ;
#718 = EDGE_CURVE ( 'NONE', #985, #678, #744, .T. ) ;
#719 = ORIENTED_EDGE ( 'NONE', *, *, #1838, .T. ) ;
#720 = EDGE_CURVE ( 'NONE', #297, #9, #781, .T. ) ;
#721 = ADVANCED_FACE ( 'NONE', ( #937 ), #1670, .T. ) ;
#722 = AXIS2_PLACEMENT_3D ( 'NONE', #668, #305, #1951 ) ;
#723 = EDGE_CURVE ( 'NONE', #2360, #163, #137, .T. ) ;
#724 = CARTESIAN_POINT ( 'NONE',  ( 11.99999999999999822, 1.175683915181614303, 5.115639581868842711 ) ) ;
#725 = CARTESIAN_POINT ( 'NONE',  ( 11.99999999999999822, 5.484582574931884835, -5.115599083074584108 ) ) ;
#726 = EDGE_LOOP ( 'NONE', ( #196, #842, #1466, #442 ) ) ;
#727 = VERTEX_POINT ( 'NONE', #1125 ) ;
#728 = CARTESIAN_POINT ( 'NONE',  ( 11.99999999999999822, 6.097514190792873379, -0.3577842433649591203 ) ) ;
#729 = CARTESIAN_POINT ( 'NONE',  ( 11.99999999999999822, 5.565351310227383053, -2.516853922155805723 ) ) ;
#730 = AXIS2_PLACEMENT_3D ( 'NONE', #1497, #232, #1348 ) ;
#731 = VERTEX_POINT ( 'NONE', #1411 ) ;
#732 = CARTESIAN_POINT ( 'NONE',  ( 11.99999999999999822, -5.834708136317056315, 0.7933816574283709677 ) ) ;
#733 = ORIENTED_EDGE ( 'NONE', *, *, #397, .T. ) ;
#734 = AXIS2_PLACEMENT_3D ( 'NONE', #1667, #1289, #1689 ) ;
#735 = CARTESIAN_POINT ( 'NONE',  ( 11.99999999999999822, 0.000000000000000000, 0.000000000000000000 ) ) ;
#736 = CARTESIAN_POINT ( 'NONE',  ( 0.000000000000000000, -1.094457498395993822, -7.419714467835318850 ) ) ;
#737 = ORIENTED_EDGE ( 'NONE', *, *, #82, .F. ) ;
#738 = VERTEX_POINT ( 'NONE', #490 ) ;
#739 = DIRECTION ( 'NONE',  ( 0.000000000000000000, -0.4647231720437573488, -0.8854560256532157947 ) ) ;
#740 = CYLINDRICAL_SURFACE ( 'NONE', #1, 5.249000000000000554 ) ;
#741 = ORIENTED_EDGE ( 'NONE', *, *, #452, .F. ) ;
#742 = CARTESIAN_POINT ( 'NONE',  ( 11.99999999999999822, 7.233694121956623313, 1.980825421376195994 ) ) ;
#743 = DIRECTION ( 'NONE',  ( 0.000000000000000000, 0.000000000000000000, 1.000000000000000000 ) ) ;
#744 = CIRCLE ( 'NONE', #2081, 2.600000000000000089 ) ;
#745 = EDGE_CURVE ( 'NONE', #682, #2276, #2285, .T. ) ;
#746 = EDGE_LOOP ( 'NONE', ( #1245, #155, #1410, #1618 ) ) ;
#747 = AXIS2_PLACEMENT_3D ( 'NONE', #921, #1450, #1099 ) ;
#748 = CARTESIAN_POINT ( 'NONE',  ( 0.000000000000000000, 4.898587196589412829E-16, -4.000000000000000000 ) ) ;
#749 = APPLICATION_CONTEXT ( 'automotive_design' ) ;
#750 = FACE_OUTER_BOUND ( 'NONE', #1707, .T. ) ;
#751 = DIRECTION ( 'NONE',  ( 0.000000000000000000, 0.2393156642875516604, 0.9709418174260535661 ) ) ;
#752 = CARTESIAN_POINT ( 'NONE',  ( 23.31370849898476294, 0.000000000000000000, 0.000000000000000000 ) ) ;
#753 = ADVANCED_FACE ( 'NONE', ( #903 ), #1632, .T. ) ;
#754 = ORIENTED_EDGE ( 'NONE', *, *, #2297, .T. ) ;
#755 = DIRECTION ( 'NONE',  ( -1.000000000000000000, 0.000000000000000000, -0.000000000000000000 ) ) ;
#756 = DIRECTION ( 'NONE',  ( -1.000000000000000000, 0.000000000000000000, 0.000000000000000000 ) ) ;
#757 = ORIENTED_EDGE ( 'NONE', *, *, #2238, .T. ) ;
#758 = DIRECTION ( 'NONE',  ( 0.000000000000000000, 0.000000000000000000, 1.000000000000000000 ) ) ;
#759 = PRESENTATION_LAYER_ASSIGNMENT (  '', '', ( #24 ) ) ;
#760 = VECTOR ( 'NONE', #981, 1000.000000000000000 ) ;
#761 = DIRECTION ( 'NONE',  ( -1.000000000000000000, 0.000000000000000000, 0.000000000000000000 ) ) ;
#762 = CARTESIAN_POINT ( 'NONE',  ( 11.99999999999999822, 0.000000000000000000, 0.000000000000000000 ) ) ;
#763 = DIRECTION ( 'NONE',  ( 0.000000000000000000, 0.000000000000000000, 1.000000000000000000 ) ) ;
#764 = ORIENTED_EDGE ( 'NONE', *, *, #1649, .T. ) ;
#765 = EDGE_CURVE ( 'NONE', #692, #2189, #583, .T. ) ;
#766 = CARTESIAN_POINT ( 'NONE',  ( 11.99999999999999822, 0.000000000000000000, 0.000000000000000000 ) ) ;
#767 = CARTESIAN_POINT ( 'NONE',  ( 11.99999999999999822, 5.232810053259659533, -0.5504583504984408293 ) ) ;
#768 = CIRCLE ( 'NONE', #687, 2.600000000000000533 ) ;
#769 = VERTEX_POINT ( 'NONE', #1893 ) ;
#770 = CYLINDRICAL_SURFACE ( 'NONE', #2282, 2.600000000000000089 ) ;
#771 = CARTESIAN_POINT ( 'NONE',  ( 0.000000000000000000, 0.000000000000000000, 0.000000000000000000 ) ) ;
#772 = CARTESIAN_POINT ( 'NONE',  ( 11.99999999999999822, -6.005954884062090215, 3.711842975573189207 ) ) ;
#773 = DIRECTION ( 'NONE',  ( -1.000000000000000000, 0.000000000000000000, 0.000000000000000000 ) ) ;
#774 = ORIENTED_EDGE ( 'NONE', *, *, #2030, .F. ) ;
#775 = DIRECTION ( 'NONE',  ( -1.000000000000000000, -0.000000000000000000, -0.000000000000000000 ) ) ;
#776 = DIRECTION ( 'NONE',  ( 1.000000000000000000, -0.000000000000000000, 0.000000000000000000 ) ) ;
#777 = VECTOR ( 'NONE', #1274, 1000.000000000000000 ) ;
#778 = EDGE_LOOP ( 'NONE', ( #1333, #1784, #1109, #1362 ) ) ;
#779 = ADVANCED_FACE ( 'NONE', ( #2218 ), #1533, .T. ) ;
#780 = EDGE_CURVE ( 'NONE', #379, #1981, #413, .T. ) ;
#781 = CIRCLE ( 'NONE', #1568, 2.599999999999999645 ) ;
#782 = CIRCLE ( 'NONE', #52, 7.500000000000000000 ) ;
#783 = LINE ( 'NONE', #1519, #760 ) ;
#784 = ADVANCED_FACE ( 'NONE', ( #2048 ), #1715, .T. ) ;
#785 = AXIS2_PLACEMENT_3D ( 'NONE', #311, #1650, #2368 ) ;
#786 = ORIENTED_EDGE ( 'NONE', *, *, #543, .F. ) ;
#787 = CIRCLE ( 'NONE', #516, 2.599999999999999645 ) ;
#788 = CARTESIAN_POINT ( 'NONE',  ( 11.99999999999999822, -2.365773362115714651, 4.685628815762480137 ) ) ;
#789 = DIRECTION ( 'NONE',  ( 0.000000000000000000, 0.6631226582407911962, 0.7485107481711046340 ) ) ;
#790 = ORIENTED_EDGE ( 'NONE', *, *, #564, .F. ) ;
#791 = LINE ( 'NONE', #2256, #1987 ) ;
#792 = CARTESIAN_POINT ( 'NONE',  ( 11.99999999999999822, 4.877953425118596975, -1.938445609856967788 ) ) ;
#793 = VERTEX_POINT ( 'NONE', #236 ) ;
#794 = EDGE_CURVE ( 'NONE', #1623, #1916, #2320, .T. ) ;
#795 = DIRECTION ( 'NONE',  ( -1.000000000000000000, -0.000000000000000000, -0.000000000000000000 ) ) ;
#796 = EDGE_CURVE ( 'NONE', #1281, #1489, #1493, .T. ) ;
#797 = CARTESIAN_POINT ( 'NONE',  ( 11.99999999999999822, 0.000000000000000000, 0.000000000000000000 ) ) ;
#798 = LINE ( 'NONE', #244, #382 ) ;
#799 = DIRECTION ( 'NONE',  ( -1.000000000000000000, 0.000000000000000000, 0.000000000000000000 ) ) ;
#800 = ORIENTED_EDGE ( 'NONE', *, *, #2133, .F. ) ;
#801 = DIRECTION ( 'NONE',  ( 0.000000000000000000, 0.000000000000000000, -1.000000000000000000 ) ) ;
#802 = LINE ( 'NONE', #1927, #1740 ) ;
#803 = ORIENTED_EDGE ( 'NONE', *, *, #1575, .T. ) ;
#804 = CIRCLE ( 'NONE', #1690, 4.000000000000000000 ) ;
#805 = CARTESIAN_POINT ( 'NONE',  ( 0.000000000000000000, 0.000000000000000000, 0.000000000000000000 ) ) ;
#806 = EDGE_CURVE ( 'NONE', #495, #1229, #1760, .T. ) ;
#807 = SURFACE_SIDE_STYLE ('',( #1359 ) ) ;
#808 = CARTESIAN_POINT ( 'NONE',  ( 0.000000000000000000, 6.097514190792873379, -0.3577842433649591203 ) ) ;
#809 = CARTESIAN_POINT ( 'NONE',  ( 0.000000000000000000, 0.000000000000000000, 0.000000000000000000 ) ) ;
#810 = CIRCLE ( 'NONE', #658, 2.599999999999999645 ) ;
#811 = EDGE_CURVE ( 'NONE', #910, #1607, #916, .T. ) ;
#812 = EDGE_LOOP ( 'NONE', ( #1543, #1832, #1517, #1984 ) ) ;
#813 = FACE_OUTER_BOUND ( 'NONE', #1038, .T. ) ;
#814 = CARTESIAN_POINT ( 'NONE',  ( 0.000000000000000000, 3.418372660479925607, -3.983306334451744757 ) ) ;
#815 = CIRCLE ( 'NONE', #2076, 2.600000000000000089 ) ;
#816 = ORIENTED_EDGE ( 'NONE', *, *, #2053, .T. ) ;
#817 = CARTESIAN_POINT ( 'NONE',  ( 11.99999999999999822, 1.090149711768812146, -6.009930322196014529 ) ) ;
#818 = CIRCLE ( 'NONE', #624, 2.600000000000000089 ) ;
#819 = VECTOR ( 'NONE', #756, 1000.000000000000000 ) ;
#820 = CYLINDRICAL_SURFACE ( 'NONE', #526, 5.249000000000000554 ) ;
#821 = DIRECTION ( 'NONE',  ( 1.000000000000000000, 0.000000000000000000, 0.000000000000000000 ) ) ;
#822 = DIRECTION ( 'NONE',  ( 0.000000000000000000, -0.9927088740980526405, -0.1205366802553337613 ) ) ;
#823 = ORIENTED_EDGE ( 'NONE', *, *, #354, .T. ) ;
#824 = CIRCLE ( 'NONE', #864, 7.500000000000000000 ) ;
#825 = ORIENTED_EDGE ( 'NONE', *, *, #1673, .T. ) ;
#826 = DIRECTION ( 'NONE',  ( 0.000000000000000000, 0.000000000000000000, 1.000000000000000000 ) ) ;
#827 = CARTESIAN_POINT ( 'NONE',  ( 11.99999999999999822, 3.418372660479925607, -3.983306334451744757 ) ) ;
#828 = EDGE_CURVE ( 'NONE', #1022, #176, #1141, .T. ) ;
#829 = EDGE_CURVE ( 'NONE', #545, #1479, #791, .T. ) ;
#830 = ORIENTED_EDGE ( 'NONE', *, *, #1478, .F. ) ;
#831 = ORIENTED_EDGE ( 'NONE', *, *, #811, .F. ) ;
#832 = CYLINDRICAL_SURFACE ( 'NONE', #1664, 2.600000000000000533 ) ;
#833 = DIRECTION ( 'NONE',  ( 0.000000000000000000, 0.000000000000000000, -1.000000000000000000 ) ) ;
#834 = DIRECTION ( 'NONE',  ( -1.000000000000000000, -0.000000000000000000, -0.000000000000000000 ) ) ;
#835 = CARTESIAN_POINT ( 'NONE',  ( 20.00000000000000000, 4.898587196589412829E-16, -4.000000000000000000 ) ) ;
#836 = ORIENTED_EDGE ( 'NONE', *, *, #147, .F. ) ;
#837 = CARTESIAN_POINT ( 'NONE',  ( 20.00000000000000000, 0.000000000000000000, 0.000000000000000000 ) ) ;
#838 = CARTESIAN_POINT ( 'NONE',  ( 11.99999999999999822, 2.479019256375311286, 7.078450644492789046 ) ) ;
#839 = VECTOR ( 'NONE', #1385, 1000.000000000000000 ) ;
#840 = ADVANCED_FACE ( 'NONE', ( #813 ), #1903, .T. ) ;
#841 = AXIS2_PLACEMENT_3D ( 'NONE', #1882, #64, #1136 ) ;
#842 = ORIENTED_EDGE ( 'NONE', *, *, #2133, .T. ) ;
#843 = VERTEX_POINT ( 'NONE', #443 ) ;
#844 = DIRECTION ( 'NONE',  ( 0.000000000000000000, 0.000000000000000000, 1.000000000000000000 ) ) ;
#845 = CARTESIAN_POINT ( 'NONE',  ( 27.00000000000000000, 2.828427124746189847, 2.828427124746189847 ) ) ;
#846 = CARTESIAN_POINT ( 'NONE',  ( 20.00000000000000000, 0.000000000000000000, 0.000000000000000000 ) ) ;
#847 = LINE ( 'NONE', #1415, #693 ) ;
#848 = ORIENTED_EDGE ( 'NONE', *, *, #2097, .F. ) ;
#849 = ORIENTED_EDGE ( 'NONE', *, *, #1113, .T. ) ;
#850 = LINE ( 'NONE', #121, #399 ) ;
#851 = DIRECTION ( 'NONE',  ( -1.000000000000000000, -0.000000000000000000, 0.000000000000000000 ) ) ;
#852 = AXIS2_PLACEMENT_3D ( 'NONE', #697, #1436, #1251 ) ;
#853 = EDGE_LOOP ( 'NONE', ( #2144, #999, #586, #130 ) ) ;
#854 = AXIS2_PLACEMENT_3D ( 'NONE', #1595, #680, #2173 ) ;
#855 = ORIENTED_EDGE ( 'NONE', *, *, #2297, .F. ) ;
#856 = CARTESIAN_POINT ( 'NONE',  ( -10.00000000000000000, 0.000000000000000000, 0.000000000000000000 ) ) ;
#857 = EDGE_CURVE ( 'NONE', #861, #1389, #1221, .T. ) ;
#858 = CARTESIAN_POINT ( 'NONE',  ( 0.000000000000000000, 0.000000000000000000, 0.000000000000000000 ) ) ;
#859 = CARTESIAN_POINT ( 'NONE',  ( 0.000000000000000000, 5.232810053259659533, -3.150458350498440474 ) ) ;
#860 = DIRECTION ( 'NONE',  ( 1.000000000000000000, 0.000000000000000000, 0.000000000000000000 ) ) ;
#861 = VERTEX_POINT ( 'NONE', #2231 ) ;
#862 = DIRECTION ( 'NONE',  ( -1.000000000000000000, -0.000000000000000000, -0.000000000000000000 ) ) ;
#863 = LINE ( 'NONE', #157, #1469 ) ;
#864 = AXIS2_PLACEMENT_3D ( 'NONE', #2204, #1111, #911 ) ;
#865 = ORIENTED_EDGE ( 'NONE', *, *, #718, .F. ) ;
#866 = VERTEX_POINT ( 'NONE', #434 ) ;
#867 = EDGE_CURVE ( 'NONE', #716, #1483, #256, .T. ) ;
#868 = DIRECTION ( 'NONE',  ( 0.000000000000000000, 0.000000000000000000, 1.000000000000000000 ) ) ;
#869 = FACE_OUTER_BOUND ( 'NONE', #1646, .T. ) ;
#870 = DIRECTION ( 'NONE',  ( 0.000000000000000000, 0.000000000000000000, 1.000000000000000000 ) ) ;
#871 = ORIENTED_EDGE ( 'NONE', *, *, #30, .T. ) ;
#872 = DIRECTION ( 'NONE',  ( -1.000000000000000000, 0.000000000000000000, 0.000000000000000000 ) ) ;
#873 = DIRECTION ( 'NONE',  ( 1.000000000000000000, -0.000000000000000000, 0.000000000000000000 ) ) ;
#874 = VERTEX_POINT ( 'NONE', #2091 ) ;
#875 = AXIS2_PLACEMENT_3D ( 'NONE', #554, #952, #1284 ) ;
#876 = CIRCLE ( 'NONE', #2062, 7.500000000000000000 ) ;
#877 = ORIENTED_EDGE ( 'NONE', *, *, #1248, .F. ) ;
#878 = CARTESIAN_POINT ( 'NONE',  ( 11.99999999999999822, -4.936627773442891609, 1.783734068316316090 ) ) ;
#879 = LINE ( 'NONE', #1621, #1195 ) ;
#880 = ORIENTED_EDGE ( 'NONE', *, *, #1733, .F. ) ;
#881 = CIRCLE ( 'NONE', #1303, 2.600000000000000089 ) ;
#882 = ORIENTED_EDGE ( 'NONE', *, *, #620, .F. ) ;
#883 = CARTESIAN_POINT ( 'NONE',  ( 0.000000000000000000, -6.005954884062090215, 1.111842975573189563 ) ) ;
#884 = DIRECTION ( 'NONE',  ( 0.000000000000000000, 0.000000000000000000, 1.000000000000000000 ) ) ;
#885 = EDGE_CURVE ( 'NONE', #1607, #1117, #334, .T. ) ;
#886 = EDGE_CURVE ( 'NONE', #229, #343, #1645, .T. ) ;
#887 = ORIENTED_EDGE ( 'NONE', *, *, #1186, .T. ) ;
#888 = ORIENTED_EDGE ( 'NONE', *, *, #1786, .T. ) ;
#889 = CARTESIAN_POINT ( 'NONE',  ( 11.99999999999999822, 0.000000000000000000, 0.000000000000000000 ) ) ;
#890 = CARTESIAN_POINT ( 'NONE',  ( 27.00000000000000000, -2.828427124746189847, 2.828427124746189847 ) ) ;
#891 = SHAPE_DEFINITION_REPRESENTATION ( #1105, #2063 ) ;
#892 = ORIENTED_EDGE ( 'NONE', *, *, #452, .T. ) ;
#893 = AXIS2_PLACEMENT_3D ( 'NONE', #1294, #2018, #1839 ) ;
#894 = ORIENTED_EDGE ( 'NONE', *, *, #1216, .T. ) ;
#895 = DIRECTION ( 'NONE',  ( 0.000000000000000000, 0.000000000000000000, -1.000000000000000000 ) ) ;
#896 = CARTESIAN_POINT ( 'NONE',  ( 27.00000000000000000, 2.828427124746189847, 2.828427124746189847 ) ) ;
#897 = EDGE_CURVE ( 'NONE', #163, #1033, #28, .T. ) ;
#898 = EDGE_CURVE ( 'NONE', #1011, #190, #447, .T. ) ;
#899 = CIRCLE ( 'NONE', #2228, 2.600000000000000533 ) ;
#900 = CIRCLE ( 'NONE', #2229, 2.599999999999999645 ) ;
#901 = ORIENTED_EDGE ( 'NONE', *, *, #683, .F. ) ;
#902 = EDGE_CURVE ( 'NONE', #1848, #229, #259, .T. ) ;
#903 = FACE_OUTER_BOUND ( 'NONE', #1276, .T. ) ;
#904 = EDGE_CURVE ( 'NONE', #731, #1445, #1064, .T. ) ;
#905 = ORIENTED_EDGE ( 'NONE', *, *, #1071, .T. ) ;
#906 = PRODUCT_DEFINITION_CONTEXT ( 'detailed design', #749, 'design' ) ;
#907 = FACE_OUTER_BOUND ( 'NONE', #853, .T. ) ;
#908 = DIRECTION ( 'NONE',  ( 0.000000000000000000, -0.2393156642875653717, 0.9709418174260501244 ) ) ;
#909 = ORIENTED_EDGE ( 'NONE', *, *, #1692, .T. ) ;
#910 = VERTEX_POINT ( 'NONE', #107 ) ;
#911 = DIRECTION ( 'NONE',  ( 0.000000000000000000, 0.000000000000000000, 1.000000000000000000 ) ) ;
#912 = CARTESIAN_POINT ( 'NONE',  ( 0.000000000000000000, 0.000000000000000000, 0.000000000000000000 ) ) ;
#913 = ORIENTED_EDGE ( 'NONE', *, *, #2260, .T. ) ;
#914 = DIRECTION ( 'NONE',  ( 1.000000000000000000, 0.000000000000000000, 0.000000000000000000 ) ) ;
#915 = ORIENTED_EDGE ( 'NONE', *, *, #2280, .F. ) ;
#916 = CIRCLE ( 'NONE', #2096, 2.600000000000000533 ) ;
#917 = CARTESIAN_POINT ( 'NONE',  ( -10.00000000000000000, 0.000000000000000000, 0.000000000000000000 ) ) ;
#918 = CARTESIAN_POINT ( 'NONE',  ( 11.99999999999999822, -6.728028018200546079, -3.314157356902115215 ) ) ;
#919 = EDGE_LOOP ( 'NONE', ( #1695, #1631, #1295, #2146 ) ) ;
#920 = ORIENTED_EDGE ( 'NONE', *, *, #904, .F. ) ;
#921 = CARTESIAN_POINT ( 'NONE',  ( 11.99999999999999822, 0.000000000000000000, 0.000000000000000000 ) ) ;
#922 = CYLINDRICAL_SURFACE ( 'NONE', #271, 2.600000000000000089 ) ;
#923 = EDGE_CURVE ( 'NONE', #2169, #495, #876, .T. ) ;
#924 = CIRCLE ( 'NONE', #2366, 7.499999999999998224 ) ;
#925 = ORIENTED_EDGE ( 'NONE', *, *, #158, .F. ) ;
#926 = CARTESIAN_POINT ( 'NONE',  ( 11.99999999999999822, 6.097514190792869826, 0.3577842433650432752 ) ) ;
#927 = DIRECTION ( 'NONE',  ( 0.000000000000000000, 0.4647231720437696167, -0.8854560256532093554 ) ) ;
#928 = VERTEX_POINT ( 'NONE', #1570 ) ;
#929 = AXIS2_PLACEMENT_3D ( 'NONE', #1005, #1567, #1901 ) ;
#930 = DIRECTION ( 'NONE',  ( -1.000000000000000000, 0.000000000000000000, 0.000000000000000000 ) ) ;
#931 = EDGE_CURVE ( 'NONE', #1350, #2327, #2249, .T. ) ;
#932 = DIRECTION ( 'NONE',  ( 1.000000000000000000, 0.000000000000000000, 0.000000000000000000 ) ) ;
#933 = FACE_OUTER_BOUND ( 'NONE', #309, .T. ) ;
#934 = CARTESIAN_POINT ( 'NONE',  ( 11.99999999999999822, -6.005954884062090215, 3.711842975573189207 ) ) ;
#935 = CARTESIAN_POINT ( 'NONE',  ( 11.99999999999999822, 3.758233514242704132, 4.814911185488644385 ) ) ;
#936 = ORIENTED_EDGE ( 'NONE', *, *, #1206, .T. ) ;
#937 = FACE_OUTER_BOUND ( 'NONE', #1691, .T. ) ;
#938 = CARTESIAN_POINT ( 'NONE',  ( 27.00000000000000000, -2.828427124746189847, 2.828427124746189847 ) ) ;
#939 = AXIS2_PLACEMENT_3D ( 'NONE', #856, #1862, #674 ) ;
#940 = AXIS2_PLACEMENT_3D ( 'NONE', #459, #74, #1378 ) ;
#941 = ORIENTED_EDGE ( 'NONE', *, *, #2108, .T. ) ;
#942 = CIRCLE ( 'NONE', #1935, 2.600000000000000089 ) ;
#943 = DIRECTION ( 'NONE',  ( -1.000000000000000000, 0.000000000000000000, -0.000000000000000000 ) ) ;
#944 = ADVANCED_FACE ( 'NONE', ( #1417 ), #475, .T. ) ;
#945 = LINE ( 'NONE', #1347, #1526 ) ;
#946 = DIRECTION ( 'NONE',  ( 0.000000000000000000, -0.9350162426854181641, 0.3546048870425267951 ) ) ;
#947 = CYLINDRICAL_SURFACE ( 'NONE', #1852, 2.600000000000000089 ) ;
#948 = ORIENTED_EDGE ( 'NONE', *, *, #1398, .F. ) ;
#949 = DIRECTION ( 'NONE',  ( -1.000000000000000000, -0.000000000000000000, -0.000000000000000000 ) ) ;
#950 = DIRECTION ( 'NONE',  ( -1.000000000000000000, 0.000000000000000000, 0.000000000000000000 ) ) ;
#951 = VERTEX_POINT ( 'NONE', #1774 ) ;
#952 = DIRECTION ( 'NONE',  ( -1.000000000000000000, 0.000000000000000000, 0.000000000000000000 ) ) ;
#953 = AXIS2_PLACEMENT_3D ( 'NONE', #845, #1768, #1036 ) ;
#954 = AXIS2_PLACEMENT_3D ( 'NONE', #1324, #1698, #965 ) ;
#955 = DIRECTION ( 'NONE',  ( 0.000000000000000000, 0.8229838658936575735, -0.5680647467311540355 ) ) ;
#956 = CYLINDRICAL_SURFACE ( 'NONE', #730, 7.499999999999999112 ) ;
#957 = DIRECTION ( 'NONE',  ( -1.000000000000000000, 0.000000000000000000, 0.000000000000000000 ) ) ;
#958 = ADVANCED_FACE ( 'NONE', ( #1390 ), #639, .T. ) ;
#959 = VERTEX_POINT ( 'NONE', #656 ) ;
#960 = DIRECTION ( 'NONE',  ( 0.000000000000000000, 0.000000000000000000, 1.000000000000000000 ) ) ;
#961 = CYLINDRICAL_SURFACE ( 'NONE', #1516, 7.499999999999999112 ) ;
#962 = ADVANCED_FACE ( 'NONE', ( #1782 ), #2290, .T. ) ;
#963 = AXIS2_PLACEMENT_3D ( 'NONE', #483, #1188, #79 ) ;
#964 = ORIENTED_EDGE ( 'NONE', *, *, #644, .T. ) ;
#965 = DIRECTION ( 'NONE',  ( 0.000000000000000000, 0.8229838658936575735, -0.5680647467311541465 ) ) ;
#966 = CIRCLE ( 'NONE', #234, 2.600000000000000533 ) ;
#967 = CIRCLE ( 'NONE', #5, 4.000000000000000000 ) ;
#968 = EDGE_LOOP ( 'NONE', ( #1019, #1183, #1256, #1523 ) ) ;
#969 = DIRECTION ( 'NONE',  ( 0.000000000000000000, 0.000000000000000000, 1.000000000000000000 ) ) ;
#970 = DIRECTION ( 'NONE',  ( 0.000000000000000000, 0.000000000000000000, 1.000000000000000000 ) ) ;
#971 = ORIENTED_EDGE ( 'NONE', *, *, #110, .F. ) ;
#972 = ADVANCED_FACE ( 'NONE', ( #1604 ), #690, .T. ) ;
#973 = DIRECTION ( 'NONE',  ( -1.000000000000000000, 0.000000000000000000, 0.000000000000000000 ) ) ;
#974 = CARTESIAN_POINT ( 'NONE',  ( 11.99999999999999822, -3.542224254091498992, 3.873583397027346553 ) ) ;
#975 = ADVANCED_FACE ( 'NONE', ( #2102 ), #1192, .T. ) ;
#976 = VECTOR ( 'NONE', #2022, 1000.000000000000000 ) ;
#977 = EDGE_CURVE ( 'NONE', #928, #26, #2113, .T. ) ;
#978 = ORIENTED_EDGE ( 'NONE', *, *, #1977, .T. ) ;
#979 = EDGE_CURVE ( 'NONE', #1945, #26, #850, .T. ) ;
#980 = VECTOR ( 'NONE', #294, 1000.000000000000000 ) ;
#981 = DIRECTION ( 'NONE',  ( -1.000000000000000000, 0.000000000000000000, 0.000000000000000000 ) ) ;
#982 = CARTESIAN_POINT ( 'NONE',  ( 20.00000000000000000, -2.828427124746189847, -2.828427124746189847 ) ) ;
#983 = DIRECTION ( 'NONE',  ( 1.000000000000000000, -0.000000000000000000, -0.000000000000000000 ) ) ;
#984 = FACE_OUTER_BOUND ( 'NONE', #350, .T. ) ;
#985 = VERTEX_POINT ( 'NONE', #510 ) ;
#986 = CARTESIAN_POINT ( 'NONE',  ( 5.999999999999998224, -0.7129993441056831083, -7.466031873445546196 ) ) ;
#987 = CARTESIAN_POINT ( 'NONE',  ( 11.99999999999999822, -5.834708136317056315, -1.806618342571628899 ) ) ;
#988 = ADVANCED_FACE ( 'NONE', ( #94 ), #1594, .T. ) ;
#989 = VERTEX_POINT ( 'NONE', #2278 ) ;
#990 = DIRECTION ( 'NONE',  ( -1.000000000000000000, -0.000000000000000000, 0.000000000000000000 ) ) ;
#991 = DIRECTION ( 'NONE',  ( 0.000000000000000000, 0.000000000000000000, 1.000000000000000000 ) ) ;
#992 = CARTESIAN_POINT ( 'NONE',  ( 11.99999999999999822, 0.000000000000000000, 0.000000000000000000 ) ) ;
#993 = DIRECTION ( 'NONE',  ( 0.000000000000000000, 0.000000000000000000, -1.000000000000000000 ) ) ;
#994 = AXIS2_PLACEMENT_3D ( 'NONE', #1225, #1989, #162 ) ;
#995 = ORIENTED_EDGE ( 'NONE', *, *, #1504, .F. ) ;
#996 = EDGE_CURVE ( 'NONE', #1389, #297, #553, .T. ) ;
#997 = CARTESIAN_POINT ( 'NONE',  ( 5.999999999999999112, -6.728028018200546079, -3.314157356902114326 ) ) ;
#998 = CARTESIAN_POINT ( 'NONE',  ( 11.99999999999999822, 0.000000000000000000, 0.000000000000000000 ) ) ;
#999 = ORIENTED_EDGE ( 'NONE', *, *, #296, .T. ) ;
#1000 = VECTOR ( 'NONE', #676, 1000.000000000000000 ) ;
#1001 = FACE_OUTER_BOUND ( 'NONE', #726, .T. ) ;
#1002 = ADVANCED_FACE ( 'NONE', ( #498 ), #316, .T. ) ;
#1003 = DIRECTION ( 'NONE',  ( -1.000000000000000000, -0.000000000000000000, -0.000000000000000000 ) ) ;
#1004 = DIRECTION ( 'NONE',  ( -1.000000000000000000, -0.000000000000000000, -0.000000000000000000 ) ) ;
#1005 = CARTESIAN_POINT ( 'NONE',  ( 11.99999999999999822, 0.000000000000000000, 0.000000000000000000 ) ) ;
#1006 = EDGE_CURVE ( 'NONE', #176, #1810, #1897, .T. ) ;
#1007 = CIRCLE ( 'NONE', #1697, 7.500000000000000000 ) ;
#1008 = ORIENTED_EDGE ( 'NONE', *, *, #1679, .F. ) ;
#1009 = DIRECTION ( 'NONE',  ( 0.000000000000000000, 0.000000000000000000, -1.000000000000000000 ) ) ;
#1010 = DIRECTION ( 'NONE',  ( -1.000000000000000000, 0.000000000000000000, 0.000000000000000000 ) ) ;
#1011 = VERTEX_POINT ( 'NONE', #2014 ) ;
#1012 = CARTESIAN_POINT ( 'NONE',  ( 0.000000000000000000, 2.479019256375311286, 7.078450644492789046 ) ) ;
#1013 = AXIS2_PLACEMENT_3D ( 'NONE', #1904, #1534, #2092 ) ;
#1014 = CARTESIAN_POINT ( 'NONE',  ( 0.000000000000000000, 0.000000000000000000, 4.000000000000000000 ) ) ;
#1015 = CARTESIAN_POINT ( 'NONE',  ( 11.99999999999999822, -5.200109362712501238, 0.7147472391200841990 ) ) ;
#1016 = EDGE_CURVE ( 'NONE', #1988, #1603, #156, .T. ) ;
#1017 = CIRCLE ( 'NONE', #1322, 2.600000000000000533 ) ;
#1018 = CIRCLE ( 'NONE', #1550, 7.499999999999998224 ) ;
#1019 = ORIENTED_EDGE ( 'NONE', *, *, #38, .F. ) ;
#1020 = DIRECTION ( 'NONE',  ( 0.000000000000000000, 0.000000000000000000, 1.000000000000000000 ) ) ;
#1021 = CARTESIAN_POINT ( 'NONE',  ( 5.999999999999999112, 7.233694121956620648, 1.980825421376196882 ) ) ;
#1022 = VERTEX_POINT ( 'NONE', #365 ) ;
#1023 = VERTEX_POINT ( 'NONE', #1487 ) ;
#1024 = CARTESIAN_POINT ( 'NONE',  ( 11.99999999999999822, -5.200109362712501238, 0.7147472391200841990 ) ) ;
#1025 = LINE ( 'NONE', #301, #1184 ) ;
#1026 = DIRECTION ( 'NONE',  ( 0.000000000000000000, 0.000000000000000000, 1.000000000000000000 ) ) ;
#1027 = VERTEX_POINT ( 'NONE', #1641 ) ;
#1028 = DIRECTION ( 'NONE',  ( -1.000000000000000000, 0.000000000000000000, 0.000000000000000000 ) ) ;
#1029 = CARTESIAN_POINT ( 'NONE',  ( 11.99999999999999822, -5.834708136317056315, 0.7933816574283709677 ) ) ;
#1030 = AXIS2_PLACEMENT_3D ( 'NONE', #1039, #1028, #268 ) ;
#1031 = ORIENTED_EDGE ( 'NONE', *, *, #2094, .F. ) ;
#1032 = ADVANCED_FACE ( 'NONE', ( #327 ), #1254, .T. ) ;
#1033 = VERTEX_POINT ( 'NONE', #2183 ) ;
#1034 = LINE ( 'NONE', #1577, #318 ) ;
#1035 = CIRCLE ( 'NONE', #2251, 2.599999999999999645 ) ;
#1036 = DIRECTION ( 'NONE',  ( -1.000000000000000000, 0.000000000000000000, -0.000000000000000000 ) ) ;
#1037 = DIRECTION ( 'NONE',  ( 0.000000000000000000, 0.000000000000000000, 1.000000000000000000 ) ) ;
#1038 = EDGE_LOOP ( 'NONE', ( #1080, #1367, #57, #1825 ) ) ;
#1039 = CARTESIAN_POINT ( 'NONE',  ( 0.000000000000000000, 0.000000000000000000, 0.000000000000000000 ) ) ;
#1040 = CARTESIAN_POINT ( 'NONE',  ( 11.99999999999999822, -6.005954884062090215, 1.111842975573189563 ) ) ;
#1041 = ORIENTED_EDGE ( 'NONE', *, *, #780, .T. ) ;
#1042 = CIRCLE ( 'NONE', #2145, 2.600000000000000533 ) ;
#1043 = EDGE_CURVE ( 'NONE', #1617, #1065, #709, .T. ) ;
#1044 = ORIENTED_EDGE ( 'NONE', *, *, #527, .F. ) ;
#1045 = EDGE_CURVE ( 'NONE', #1117, #951, #824, .T. ) ;
#1046 = CARTESIAN_POINT ( 'NONE',  ( 0.000000000000000000, -4.936627773442866740, -1.783734068316385590 ) ) ;
#1047 = DIRECTION ( 'NONE',  ( -1.000000000000000000, 0.000000000000000000, 0.000000000000000000 ) ) ;
#1048 = EDGE_LOOP ( 'NONE', ( #1943, #315, #120, #1437 ) ) ;
#1049 = DIRECTION ( 'NONE',  ( 0.000000000000000000, 0.000000000000000000, 1.000000000000000000 ) ) ;
#1050 = CARTESIAN_POINT ( 'NONE',  ( 0.000000000000000000, -2.496742409789537653, 5.574402767192109920 ) ) ;
#1051 = AXIS2_PLACEMENT_3D ( 'NONE', #1735, #1218, #826 ) ;
#1052 = ORIENTED_EDGE ( 'NONE', *, *, #897, .T. ) ;
#1053 = VERTEX_POINT ( 'NONE', #1985 ) ;
#1054 = CYLINDRICAL_SURFACE ( 'NONE', #1742, 7.499999999999999112 ) ;
#1055 = CARTESIAN_POINT ( 'NONE',  ( 20.00000000000000000, 0.000000000000000000, 0.000000000000000000 ) ) ;
#1056 = CARTESIAN_POINT ( 'NONE',  ( 11.99999999999999822, -6.005954884062074228, -1.111842975573273273 ) ) ;
#1057 = ORIENTED_EDGE ( 'NONE', *, *, #1148, .T. ) ;
#1058 = ORIENTED_EDGE ( 'NONE', *, *, #671, .F. ) ;
#1059 = CARTESIAN_POINT ( 'NONE',  ( 0.000000000000000000, 5.565351310227347525, 2.516853922155884771 ) ) ;
#1060 = CARTESIAN_POINT ( 'NONE',  ( 20.00000000000000000, 2.828427124746189847, 2.828427124746189847 ) ) ;
#1061 = EDGE_LOOP ( 'NONE', ( #2308, #971 ) ) ;
#1062 = VECTOR ( 'NONE', #59, 1000.000000000000000 ) ;
#1063 = CIRCLE ( 'NONE', #1296, 2.600000000000000089 ) ;
#1064 = CIRCLE ( 'NONE', #722, 2.600000000000000089 ) ;
#1065 = VERTEX_POINT ( 'NONE', #1834 ) ;
#1066 = ADVANCED_FACE ( 'NONE', ( #2350 ), #1845, .T. ) ;
#1067 = DIRECTION ( 'NONE',  ( 1.000000000000000000, 0.000000000000000000, 0.000000000000000000 ) ) ;
#1068 = DIRECTION ( 'NONE',  ( -1.000000000000000000, 0.000000000000000000, -0.000000000000000000 ) ) ;
#1069 = VERTEX_POINT ( 'NONE', #934 ) ;
#1070 = ADVANCED_FACE ( 'NONE', ( #2158 ), #1655, .T. ) ;
#1071 = EDGE_CURVE ( 'NONE', #612, #247, #714, .T. ) ;
#1072 = AXIS2_PLACEMENT_3D ( 'NONE', #1201, #1910, #1937 ) ;
#1073 = EDGE_LOOP ( 'NONE', ( #2016, #1613, #363, #2200 ) ) ;
#1074 = DIRECTION ( 'NONE',  ( 1.000000000000000000, -0.000000000000000000, -0.000000000000000000 ) ) ;
#1075 = LINE ( 'NONE', #487, #540 ) ;
#1076 = EDGE_CURVE ( 'NONE', #1597, #379, #1442, .T. ) ;
#1077 = ORIENTED_EDGE ( 'NONE', *, *, #1397, .F. ) ;
#1078 = DIRECTION ( 'NONE',  ( 1.000000000000000000, 0.000000000000000000, 0.000000000000000000 ) ) ;
#1079 = CIRCLE ( 'NONE', #1309, 5.248999999999999666 ) ;
#1080 = ORIENTED_EDGE ( 'NONE', *, *, #1683, .F. ) ;
#1081 = DIRECTION ( 'NONE',  ( 0.000000000000000000, 0.000000000000000000, 1.000000000000000000 ) ) ;
#1082 = DIRECTION ( 'NONE',  ( -1.000000000000000000, 0.000000000000000000, 0.000000000000000000 ) ) ;
#1083 = VERTEX_POINT ( 'NONE', #1086 ) ;
#1084 = AXIS2_PLACEMENT_3D ( 'NONE', #1637, #2358, #2010 ) ;
#1085 = ORIENTED_EDGE ( 'NONE', *, *, #2087, .F. ) ;
#1086 = CARTESIAN_POINT ( 'NONE',  ( 0.000000000000000000, -4.100967580332754103, 6.279495593203302306 ) ) ;
#1087 = CYLINDRICAL_SURFACE ( 'NONE', #199, 2.600000000000000089 ) ;
#1088 = VECTOR ( 'NONE', #1383, 1000.000000000000000 ) ;
#1089 = VECTOR ( 'NONE', #95, 1000.000000000000000 ) ;
#1090 = ORIENTED_EDGE ( 'NONE', *, *, #98, .F. ) ;
#1091 = DIRECTION ( 'NONE',  ( 0.000000000000000000, 0.000000000000000000, 1.000000000000000000 ) ) ;
#1092 = AXIS2_PLACEMENT_3D ( 'NONE', #1812, #1236, #2166 ) ;
#1093 = ORIENTED_EDGE ( 'NONE', *, *, #450, .T. ) ;
#1094 = EDGE_CURVE ( 'NONE', #2051, #1265, #1129, .T. ) ;
#1095 = DIRECTION ( 'NONE',  ( -1.000000000000000000, 0.000000000000000000, 0.000000000000000000 ) ) ;
#1096 = CARTESIAN_POINT ( 'NONE',  ( 27.00000000000000000, -2.828427124746189847, 2.828427124746189847 ) ) ;
#1097 = ORIENTED_EDGE ( 'NONE', *, *, #723, .T. ) ;
#1098 = ORIENTED_EDGE ( 'NONE', *, *, #2124, .T. ) ;
#1099 = DIRECTION ( 'NONE',  ( 0.000000000000000000, 0.000000000000000000, 1.000000000000000000 ) ) ;
#1100 = DIRECTION ( 'NONE',  ( 0.000000000000000000, -0.8229838658936494689, -0.5680647467311659149 ) ) ;
#1101 = CIRCLE ( 'NONE', #140, 5.248999999999999666 ) ;
#1102 = ORIENTED_EDGE ( 'NONE', *, *, #806, .T. ) ;
#1103 = CARTESIAN_POINT ( 'NONE',  ( 20.00000000000000000, 0.000000000000000000, 0.000000000000000000 ) ) ;
#1104 = CARTESIAN_POINT ( 'NONE',  ( 11.99999999999999822, 5.220053845774029533, -0.5504896431539497703 ) ) ;
#1105 = PRODUCT_DEFINITION_SHAPE ( 'NONE', 'NONE',  #124 ) ;
#1106 = ORIENTED_EDGE ( 'NONE', *, *, #82, .T. ) ;
#1107 = DIRECTION ( 'NONE',  ( 0.000000000000000000, -0.8229838658936495799, -0.5680647467311658039 ) ) ;
#1108 = DIRECTION ( 'NONE',  ( -1.000000000000000000, -0.000000000000000000, -0.000000000000000000 ) ) ;
#1109 = ORIENTED_EDGE ( 'NONE', *, *, #2314, .T. ) ;
#1110 = ORIENTED_EDGE ( 'NONE', *, *, #466, .F. ) ;
#1111 = DIRECTION ( 'NONE',  ( -1.000000000000000000, -0.000000000000000000, -0.000000000000000000 ) ) ;
#1112 = CARTESIAN_POINT ( 'NONE',  ( 0.000000000000000000, -5.200109362712501238, 0.7147472391200841990 ) ) ;
#1113 = EDGE_CURVE ( 'NONE', #769, #163, #942, .T. ) ;
#1114 = ORIENTED_EDGE ( 'NONE', *, *, #564, .T. ) ;
#1115 = DIRECTION ( 'NONE',  ( 0.000000000000000000, 0.000000000000000000, 1.000000000000000000 ) ) ;
#1116 = LINE ( 'NONE', #2219, #2117 ) ;
#1117 = VERTEX_POINT ( 'NONE', #2195 ) ;
#1118 = EDGE_CURVE ( 'NONE', #1023, #267, #558, .T. ) ;
#1119 = VECTOR ( 'NONE', #1745, 1000.000000000000000 ) ;
#1120 = DIRECTION ( 'NONE',  ( 1.000000000000000000, -0.000000000000000000, -0.000000000000000000 ) ) ;
#1121 = DIRECTION ( 'NONE',  ( 0.000000000000000000, -0.9350162426854181641, 0.3546048870425267951 ) ) ;
#1122 = DIRECTION ( 'NONE',  ( -1.000000000000000000, -0.000000000000000000, -0.000000000000000000 ) ) ;
#1123 = DIRECTION ( 'NONE',  ( -1.000000000000000000, -0.000000000000000000, 0.000000000000000000 ) ) ;
#1124 = EDGE_LOOP ( 'NONE', ( #1448, #2175, #1643, #1253 ) ) ;
#1125 = CARTESIAN_POINT ( 'NONE',  ( 11.99999999999999822, -1.094457498396095740, 7.419714467835304639 ) ) ;
#1126 = FACE_OUTER_BOUND ( 'NONE', #1241, .T. ) ;
#1127 = AXIS2_PLACEMENT_3D ( 'NONE', #1942, #1010, #1341 ) ;
#1128 = ORIENTED_EDGE ( 'NONE', *, *, #1222, .T. ) ;
#1129 = CIRCLE ( 'NONE', #2050, 4.000000000000000000 ) ;
#1130 = CARTESIAN_POINT ( 'NONE',  ( 11.99999999999999822, 4.366302838831117583, -2.913314353037674831 ) ) ;
#1131 = EDGE_CURVE ( 'NONE', #267, #713, #1205, .T. ) ;
#1132 = CARTESIAN_POINT ( 'NONE',  ( 0.000000000000000000, 0.000000000000000000, 0.000000000000000000 ) ) ;
#1133 = DIRECTION ( 'NONE',  ( 0.000000000000000000, 0.000000000000000000, -1.000000000000000000 ) ) ;
#1134 = DIRECTION ( 'NONE',  ( 0.000000000000000000, 0.000000000000000000, 1.000000000000000000 ) ) ;
#1135 = ORIENTED_EDGE ( 'NONE', *, *, #45, .T. ) ;
#1136 = DIRECTION ( 'NONE',  ( 0.000000000000000000, 0.9350162426854132791, 0.3546048870425395627 ) ) ;
#1137 = CARTESIAN_POINT ( 'NONE',  ( -10.00000000000000000, 0.000000000000000000, 0.000000000000000000 ) ) ;
#1138 = VERTEX_POINT ( 'NONE', #1614 ) ;
#1139 = DIRECTION ( 'NONE',  ( 0.000000000000000000, 0.000000000000000000, -1.000000000000000000 ) ) ;
#1140 = COLOUR_RGB ( '',0.7921568627450980005, 0.8196078431372548767, 0.9333333333333333481 ) ;
#1141 = CIRCLE ( 'NONE', #2363, 7.500000000000000000 ) ;
#1142 = EDGE_CURVE ( 'NONE', #1654, #520, #2336, .T. ) ;
#1143 = ADVANCED_FACE ( 'NONE', ( #2025 ), #1266, .T. ) ;
#1144 = CARTESIAN_POINT ( 'NONE',  ( 11.99999999999999822, 3.169332194722040086, 5.221400416671670541 ) ) ;
#1145 = ADVANCED_FACE ( 'NONE', ( #1301 ), #2243, .T. ) ;
#1146 = CARTESIAN_POINT ( 'NONE',  ( 0.000000000000000000, -4.417207229927632817, 6.061211123849343352 ) ) ;
#1147 = FACE_OUTER_BOUND ( 'NONE', #609, .T. ) ;
#1148 = EDGE_CURVE ( 'NONE', #1069, #769, #1158, .T. ) ;
#1149 = VERTEX_POINT ( 'NONE', #409 ) ;
#1150 = DIRECTION ( 'NONE',  ( 0.000000000000000000, 0.9350162426854132791, 0.3546048870425396182 ) ) ;
#1151 = LINE ( 'NONE', #974, #246 ) ;
#1152 = EDGE_CURVE ( 'NONE', #2169, #1173, #60, .T. ) ;
#1153 = VERTEX_POINT ( 'NONE', #1677 ) ;
#1154 = CARTESIAN_POINT ( 'NONE',  ( 0.000000000000000000, -4.801309747471144362, 3.775594467174579361 ) ) ;
#1155 =( GEOMETRIC_REPRESENTATION_CONTEXT ( 3 ) GLOBAL_UNCERTAINTY_ASSIGNED_CONTEXT ( ( #462 ) ) GLOBAL_UNIT_ASSIGNED_CONTEXT ( ( #1622, #484, #677 ) ) REPRESENTATION_CONTEXT ( 'NONE', 'WORKASPACE' ) );
#1156 = CIRCLE ( 'NONE', #238, 4.000000000000000000 ) ;
#1157 = CARTESIAN_POINT ( 'NONE',  ( 0.000000000000000000, 4.366302838831076727, 2.913314353037735227 ) ) ;
#1158 = LINE ( 'NONE', #772, #322 ) ;
#1159 = DIRECTION ( 'NONE',  ( 1.000000000000000000, -0.000000000000000000, -0.000000000000000000 ) ) ;
#1160 = VERTEX_POINT ( 'NONE', #2079 ) ;
#1161 = DIRECTION ( 'NONE',  ( -1.000000000000000000, 0.000000000000000000, -0.000000000000000000 ) ) ;
#1162 = DIRECTION ( 'NONE',  ( -1.000000000000000000, -0.000000000000000000, -0.000000000000000000 ) ) ;
#1163 = ORIENTED_EDGE ( 'NONE', *, *, #796, .F. ) ;
#1164 = CARTESIAN_POINT ( 'NONE',  ( 0.000000000000000000, 6.097514190792873379, 2.242215756635040691 ) ) ;
#1165 = VECTOR ( 'NONE', #14, 1000.000000000000000 ) ;
#1166 = EDGE_CURVE ( 'NONE', #372, #402, #1018, .T. ) ;
#1167 = DIRECTION ( 'NONE',  ( 1.000000000000000000, 0.000000000000000000, 0.000000000000000000 ) ) ;
#1168 = LINE ( 'NONE', #614, #643 ) ;
#1169 = DIRECTION ( 'NONE',  ( 0.000000000000000000, 0.000000000000000000, 1.000000000000000000 ) ) ;
#1170 = EDGE_LOOP ( 'NONE', ( #2211, #1057, #849, #1052 ) ) ;
#1171 = DIRECTION ( 'NONE',  ( -1.000000000000000000, 0.000000000000000000, 0.000000000000000000 ) ) ;
#1172 = DIRECTION ( 'NONE',  ( -1.000000000000000000, -0.000000000000000000, 0.000000000000000000 ) ) ;
#1173 = VERTEX_POINT ( 'NONE', #1146 ) ;
#1174 = EDGE_CURVE ( 'NONE', #1654, #1281, #2348, .T. ) ;
#1175 = DIRECTION ( 'NONE',  ( 0.000000000000000000, 0.000000000000000000, 1.000000000000000000 ) ) ;
#1176 = CARTESIAN_POINT ( 'NONE',  ( 11.99999999999999822, 1.175683915181614303, 5.115639581868842711 ) ) ;
#1177 = CYLINDRICAL_SURFACE ( 'NONE', #1726, 2.600000000000000089 ) ;
#1178 = AXIS2_PLACEMENT_3D ( 'NONE', #565, #2064, #406 ) ;
#1179 = DIRECTION ( 'NONE',  ( 0.000000000000000000, 0.000000000000000000, 1.000000000000000000 ) ) ;
#1180 = ORIENTED_EDGE ( 'NONE', *, *, #1222, .F. ) ;
#1181 = DIRECTION ( 'NONE',  ( 0.000000000000000000, 0.000000000000000000, -1.000000000000000000 ) ) ;
#1182 = CARTESIAN_POINT ( 'NONE',  ( 11.99999999999999822, 0.000000000000000000, 0.000000000000000000 ) ) ;
#1183 = ORIENTED_EDGE ( 'NONE', *, *, #1142, .F. ) ;
#1184 = VECTOR ( 'NONE', #265, 1000.000000000000000 ) ;
#1185 = FACE_OUTER_BOUND ( 'NONE', #1781, .T. ) ;
#1186 = EDGE_CURVE ( 'NONE', #1556, #21, #1510, .T. ) ;
#1187 = SURFACE_STYLE_USAGE ( .BOTH. , #807 ) ;
#1188 = DIRECTION ( 'NONE',  ( 1.000000000000000000, 0.000000000000000000, 0.000000000000000000 ) ) ;
#1189 = CYLINDRICAL_SURFACE ( 'NONE', #1999, 2.600000000000000089 ) ;
#1190 = CIRCLE ( 'NONE', #1660, 2.600000000000000089 ) ;
#1191 = ORIENTED_EDGE ( 'NONE', *, *, #867, .F. ) ;
#1192 = CYLINDRICAL_SURFACE ( 'NONE', #1051, 7.499999999999999112 ) ;
#1193 = LINE ( 'NONE', #435, #669 ) ;
#1194 = ORIENTED_EDGE ( 'NONE', *, *, #133, .F. ) ;
#1195 = VECTOR ( 'NONE', #2332, 1000.000000000000000 ) ;
#1196 = VERTEX_POINT ( 'NONE', #2034 ) ;
#1197 = DIRECTION ( 'NONE',  ( -1.000000000000000000, -0.000000000000000000, 0.000000000000000000 ) ) ;
#1198 = CIRCLE ( 'NONE', #1318, 2.599999999999999645 ) ;
#1199 = CIRCLE ( 'NONE', #552, 7.500000000000000000 ) ;
#1200 =( LENGTH_UNIT ( ) NAMED_UNIT ( * ) SI_UNIT ( .MILLI., .METRE. ) );
#1201 = CARTESIAN_POINT ( 'NONE',  ( 11.99999999999999822, 0.000000000000000000, 0.000000000000000000 ) ) ;
#1202 = DIRECTION ( 'NONE',  ( -1.000000000000000000, 0.000000000000000000, 0.000000000000000000 ) ) ;
#1203 = EDGE_CURVE ( 'NONE', #9, #617, #787, .T. ) ;
#1204 = AXIS2_PLACEMENT_3D ( 'NONE', #797, #1457, #1779 ) ;
#1205 = CIRCLE ( 'NONE', #629, 2.600000000000000089 ) ;
#1206 = EDGE_CURVE ( 'NONE', #343, #731, #22, .T. ) ;
#1207 = ORIENTED_EDGE ( 'NONE', *, *, #1555, .T. ) ;
#1208 = CARTESIAN_POINT ( 'NONE',  ( 11.99999999999999822, 0.000000000000000000, 0.000000000000000000 ) ) ;
#1209 = DIRECTION ( 'NONE',  ( 0.000000000000000000, -0.8229838658936495799, -0.5680647467311658039 ) ) ;
#1210 = VERTEX_POINT ( 'NONE', #1879 ) ;
#1211 = ORIENTED_EDGE ( 'NONE', *, *, #1939, .F. ) ;
#1212 = CARTESIAN_POINT ( 'NONE',  ( 11.99999999999999822, -4.936627773442866740, -1.783734068316385590 ) ) ;
#1213 = DIRECTION ( 'NONE',  ( 0.000000000000000000, 0.000000000000000000, -1.000000000000000000 ) ) ;
#1214 = LINE ( 'NONE', #1600, #1000 ) ;
#1215 = FACE_OUTER_BOUND ( 'NONE', #200, .T. ) ;
#1216 = EDGE_CURVE ( 'NONE', #1265, #1011, #1168, .T. ) ;
#1217 = ORIENTED_EDGE ( 'NONE', *, *, #2269, .F. ) ;
#1218 = DIRECTION ( 'NONE',  ( -1.000000000000000000, -0.000000000000000000, -0.000000000000000000 ) ) ;
#1219 = CARTESIAN_POINT ( 'NONE',  ( 5.999999999999999112, 5.484582574931812005, 5.115599083074662268 ) ) ;
#1220 = EDGE_CURVE ( 'NONE', #356, #1420, #1652, .T. ) ;
#1221 = CIRCLE ( 'NONE', #27, 2.599999999999999645 ) ;
#1222 = EDGE_CURVE ( 'NONE', #1445, #229, #798, .T. ) ;
#1223 = ORIENTED_EDGE ( 'NONE', *, *, #1203, .F. ) ;
#1224 = ORIENTED_EDGE ( 'NONE', *, *, #426, .F. ) ;
#1225 = CARTESIAN_POINT ( 'NONE',  ( 11.99999999999999822, 0.000000000000000000, 0.000000000000000000 ) ) ;
#1226 = CIRCLE ( 'NONE', #2139, 2.600000000000000089 ) ;
#1227 = CARTESIAN_POINT ( 'NONE',  ( 27.00000000000000000, -2.828427124746189847, 2.828427124746189847 ) ) ;
#1228 = CARTESIAN_POINT ( 'NONE',  ( 11.99999999999999822, -5.834708136317056315, -1.806618342571628899 ) ) ;
#1229 = VERTEX_POINT ( 'NONE', #788 ) ;
#1230 = EDGE_LOOP ( 'NONE', ( #1330, #1778, #645, #582 ) ) ;
#1231 = CARTESIAN_POINT ( 'NONE',  ( 11.99999999999999822, 3.169332194722112028, -5.221400416671627021 ) ) ;
#1232 = CARTESIAN_POINT ( 'NONE',  ( 20.00000000000000000, 0.000000000000000000, 0.000000000000000000 ) ) ;
#1233 = ORIENTED_EDGE ( 'NONE', *, *, #2161, .T. ) ;
#1234 = AXIS2_PLACEMENT_3D ( 'NONE', #1656, #1870, #763 ) ;
#1235 = EDGE_LOOP ( 'NONE', ( #1929, #551, #2303, #830, #894, #1817 ) ) ;
#1236 = DIRECTION ( 'NONE',  ( -1.000000000000000000, -0.000000000000000000, -0.000000000000000000 ) ) ;
#1237 = CIRCLE ( 'NONE', #702, 2.599999999999999645 ) ;
#1238 = CARTESIAN_POINT ( 'NONE',  ( 0.000000000000000000, 4.877953425118569442, 1.938445609857035068 ) ) ;
#1239 = VERTEX_POINT ( 'NONE', #1530 ) ;
#1240 = CIRCLE ( 'NONE', #1319, 7.499999999999998224 ) ;
#1241 = EDGE_LOOP ( 'NONE', ( #368, #601, #905, #542 ) ) ;
#1242 = DIRECTION ( 'NONE',  ( 1.000000000000000000, 0.000000000000000000, 0.000000000000000000 ) ) ;
#1243 = DIRECTION ( 'NONE',  ( 0.000000000000000000, -0.2393156642875653994, 0.9709418174260501244 ) ) ;
#1244 = AXIS2_PLACEMENT_3D ( 'NONE', #1208, #679, #2135 ) ;
#1245 = ORIENTED_EDGE ( 'NONE', *, *, #1308, .F. ) ;
#1246 = ORIENTED_EDGE ( 'NONE', *, *, #1867, .T. ) ;
#1247 = ADVANCED_FACE ( 'NONE', ( #253 ), #956, .T. ) ;
#1248 = EDGE_CURVE ( 'NONE', #612, #1239, #453, .T. ) ;
#1249 = DIRECTION ( 'NONE',  ( -1.000000000000000000, 0.000000000000000000, 0.000000000000000000 ) ) ;
#1250 = LINE ( 'NONE', #336, #2008 ) ;
#1251 = DIRECTION ( 'NONE',  ( 1.000000000000000000, 0.000000000000000000, 0.000000000000000000 ) ) ;
#1252 = EDGE_LOOP ( 'NONE', ( #871, #1315, #673, #1106 ) ) ;
#1253 = ORIENTED_EDGE ( 'NONE', *, *, #644, .F. ) ;
#1254 = CYLINDRICAL_SURFACE ( 'NONE', #747, 5.249000000000000554 ) ;
#1255 = DIRECTION ( 'NONE',  ( 1.000000000000000000, 0.000000000000000000, 0.000000000000000000 ) ) ;
#1256 = ORIENTED_EDGE ( 'NONE', *, *, #1174, .T. ) ;
#1257 = AXIS2_PLACEMENT_3D ( 'NONE', #103, #664, #2121 ) ;
#1258 = AXIS2_PLACEMENT_3D ( 'NONE', #600, #58, #1334 ) ;
#1259 = AXIS2_PLACEMENT_3D ( 'NONE', #1316, #248, #1331 ) ;
#1260 = ORIENTED_EDGE ( 'NONE', *, *, #538, .F. ) ;
#1261 = EDGE_CURVE ( 'NONE', #1443, #560, #1422, .T. ) ;
#1262 = DIRECTION ( 'NONE',  ( 0.000000000000000000, 0.000000000000000000, 1.000000000000000000 ) ) ;
#1263 = PLANE ( 'NONE',  #2111 ) ;
#1264 = EDGE_LOOP ( 'NONE', ( #351, #161, #836, #1077 ) ) ;
#1265 = VERTEX_POINT ( 'NONE', #2263 ) ;
#1266 = CYLINDRICAL_SURFACE ( 'NONE', #1482, 2.600000000000000089 ) ;
#1267 = LINE ( 'NONE', #1605, #1661 ) ;
#1268 = EDGE_LOOP ( 'NONE', ( #1211, #149, #2258, #2248 ) ) ;
#1269 = DIRECTION ( 'NONE',  ( -1.000000000000000000, 0.000000000000000000, 0.000000000000000000 ) ) ;
#1270 = CIRCLE ( 'NONE', #421, 5.249000000000000554 ) ;
#1271 = AXIS2_PLACEMENT_3D ( 'NONE', #1408, #701, #534 ) ;
#1272 = ORIENTED_EDGE ( 'NONE', *, *, #1405, .T. ) ;
#1273 = CARTESIAN_POINT ( 'NONE',  ( 0.000000000000000000, 5.739393982264608063, -4.827976461867309332 ) ) ;
#1274 = DIRECTION ( 'NONE',  ( 1.000000000000000000, -0.000000000000000000, -0.000000000000000000 ) ) ;
#1275 = ORIENTED_EDGE ( 'NONE', *, *, #1043, .T. ) ;
#1276 = EDGE_LOOP ( 'NONE', ( #307, #2370, #557 ) ) ;
#1277 = DIRECTION ( 'NONE',  ( 0.000000000000000000, 0.000000000000000000, -1.000000000000000000 ) ) ;
#1278 = DIRECTION ( 'NONE',  ( 0.000000000000000000, 0.000000000000000000, -1.000000000000000000 ) ) ;
#1279 = EDGE_CURVE ( 'NONE', #520, #1560, #881, .T. ) ;
#1280 = CIRCLE ( 'NONE', #476, 2.600000000000000089 ) ;
#1281 = VERTEX_POINT ( 'NONE', #219 ) ;
#1282 = CARTESIAN_POINT ( 'NONE',  ( 0.000000000000000000, 0.000000000000000000, 0.000000000000000000 ) ) ;
#1283 = EDGE_LOOP ( 'NONE', ( #329, #1272, #1975 ) ) ;
#1284 = DIRECTION ( 'NONE',  ( 0.000000000000000000, 0.000000000000000000, 1.000000000000000000 ) ) ;
#1285 = CARTESIAN_POINT ( 'NONE',  ( 11.99999999999999822, 5.220053845774029533, 0.5504896431539503254 ) ) ;
#1286 = ORIENTED_EDGE ( 'NONE', *, *, #1919, .T. ) ;
#1287 = ORIENTED_EDGE ( 'NONE', *, *, #450, .F. ) ;
#1288 = CARTESIAN_POINT ( 'NONE',  ( 5.999999999999998224, -7.497538669031040826, 0.1921299205856225600 ) ) ;
#1289 = DIRECTION ( 'NONE',  ( -1.000000000000000000, -0.000000000000000000, 0.000000000000000000 ) ) ;
#1290 = EDGE_CURVE ( 'NONE', #672, #1556, #1915, .T. ) ;
#1291 = CLOSED_SHELL ( 'NONE', ( #191, #1066, #2152, #1384, #2339, #396, #988, #650, #753, #465, #242, #1421, #613, #371, #68, #975, #207, #2067, #944, #472, #604, #1616, #2241, #1247, #779, #1145, #721, #1070, #25, #1032, #1444, #962, #840, #1002, #1143, #1561, #43, #548, #117, #1574, #1578, #2188, #407, #577, #262, #2371, #1343, #1366, #784, #323, #688, #1898, #1648, #2150, #2237, #2074, #972, #2164, #216, #143, #333, #574, #2236, #2065, #2165, #2354, #177, #113, #291, #958, #1997, #1507 ) ) ;
#1292 = VERTEX_POINT ( 'NONE', #1328 ) ;
#1293 = FACE_OUTER_BOUND ( 'NONE', #389, .T. ) ;
#1294 = CARTESIAN_POINT ( 'NONE',  ( 0.000000000000000000, -4.326800070397400333, -4.311205170544517351 ) ) ;
#1295 = ORIENTED_EDGE ( 'NONE', *, *, #996, .T. ) ;
#1296 = AXIS2_PLACEMENT_3D ( 'NONE', #215, #1663, #2224 ) ;
#1297 = AXIS2_PLACEMENT_3D ( 'NONE', #1693, #2246, #39 ) ;
#1298 = VECTOR ( 'NONE', #1878, 1000.000000000000000 ) ;
#1299 = DIRECTION ( 'NONE',  ( -1.000000000000000000, -0.000000000000000000, -0.000000000000000000 ) ) ;
#1300 = CARTESIAN_POINT ( 'NONE',  ( 11.99999999999999822, 6.097514190792873379, 2.242215756635040691 ) ) ;
#1301 = FACE_OUTER_BOUND ( 'NONE', #2319, .T. ) ;
#1302 = CYLINDRICAL_SURFACE ( 'NONE', #1234, 7.499999999999999112 ) ;
#1303 = AXIS2_PLACEMENT_3D ( 'NONE', #2226, #2044, #1133 ) ;
#1304 = ORIENTED_EDGE ( 'NONE', *, *, #276, .T. ) ;
#1305 = DIRECTION ( 'NONE',  ( 0.000000000000000000, 0.000000000000000000, 1.000000000000000000 ) ) ;
#1306 = CARTESIAN_POINT ( 'NONE',  ( 27.00000000000000000, 2.828427124746189847, 2.828427124746189847 ) ) ;
#1307 = EDGE_LOOP ( 'NONE', ( #358, #524, #1473, #1392, #1797, #460, #1662, #741, #737, #422, #375, #1546, #2180, #255, #2023, #427, #346, #53, #2043, #411, #1836, #638, #364, #877, #1586, #532, #330, #1260, #865, #1687, #1163, #488, #800, #1406, #915, #1085, #1776, #1379, #1925, #1684, #224, #408, #1829, #383, #882, #2149, #1961, #831, #2270, #2367, #855, #1223, #1456, #521, #1626, #1967 ) ) ;
#1308 = EDGE_CURVE ( 'NONE', #9, #560, #2055, .T. ) ;
#1309 = AXIS2_PLACEMENT_3D ( 'NONE', #36, #2015, #388 ) ;
#1310 = DIRECTION ( 'NONE',  ( -1.000000000000000000, -0.000000000000000000, -0.000000000000000000 ) ) ;
#1311 = CARTESIAN_POINT ( 'NONE',  ( 11.99999999999999822, -2.496742409789459938, -5.574402767192145447 ) ) ;
#1312 = CARTESIAN_POINT ( 'NONE',  ( 0.000000000000000000, 0.000000000000000000, 0.000000000000000000 ) ) ;
#1313 = DIRECTION ( 'NONE',  ( -1.000000000000000000, 0.000000000000000000, 0.000000000000000000 ) ) ;
#1314 = CIRCLE ( 'NONE', #2223, 5.249000000000000554 ) ;
#1315 = ORIENTED_EDGE ( 'NONE', *, *, #221, .F. ) ;
#1316 = CARTESIAN_POINT ( 'NONE',  ( 20.00000000000000000, 0.000000000000000000, 0.000000000000000000 ) ) ;
#1317 = DIRECTION ( 'NONE',  ( -1.000000000000000000, -0.000000000000000000, 0.000000000000000000 ) ) ;
#1318 = AXIS2_PLACEMENT_3D ( 'NONE', #1854, #206, #1107 ) ;
#1319 = AXIS2_PLACEMENT_3D ( 'NONE', #2268, #1716, #2291 ) ;
#1320 = ORIENTED_EDGE ( 'NONE', *, *, #531, .F. ) ;
#1321 = EDGE_CURVE ( 'NONE', #1597, #793, #1770, .T. ) ;
#1322 = AXIS2_PLACEMENT_3D ( 'NONE', #1978, #1067, #2141 ) ;
#1323 = EDGE_CURVE ( 'NONE', #1792, #1988, #264, .T. ) ;
#1324 = CARTESIAN_POINT ( 'NONE',  ( 11.99999999999999822, 5.565351310227347525, 2.516853922155884771 ) ) ;
#1325 = EDGE_CURVE ( 'NONE', #959, #1033, #575, .T. ) ;
#1326 = EDGE_CURVE ( 'NONE', #556, #1445, #924, .T. ) ;
#1327 = CARTESIAN_POINT ( 'NONE',  ( 11.99999999999999822, -6.549453565922359388, -3.654402548683829188 ) ) ;
#1328 = CARTESIAN_POINT ( 'NONE',  ( 11.99999999999999822, -0.7129993441057890236, 7.466031873445538203 ) ) ;
#1329 = CYLINDRICAL_SURFACE ( 'NONE', #1388, 2.600000000000000089 ) ;
#1330 = ORIENTED_EDGE ( 'NONE', *, *, #1152, .F. ) ;
#1331 = DIRECTION ( 'NONE',  ( 0.000000000000000000, 0.000000000000000000, -1.000000000000000000 ) ) ;
#1332 = CARTESIAN_POINT ( 'NONE',  ( 11.99999999999999822, -4.326800070397400333, -4.311205170544517351 ) ) ;
#1333 = ORIENTED_EDGE ( 'NONE', *, *, #1828, .F. ) ;
#1334 = DIRECTION ( 'NONE',  ( 0.000000000000000000, 0.000000000000000000, -1.000000000000000000 ) ) ;
#1335 = AXIS2_PLACEMENT_3D ( 'NONE', #423, #73, #1150 ) ;
#1336 = CARTESIAN_POINT ( 'NONE',  ( -2.899999999999999911, 4.898587196589412829E-16, -4.000000000000000000 ) ) ;
#1337 = CARTESIAN_POINT ( 'NONE',  ( 11.99999999999999822, 5.220053845774029533, 0.5504896431539503254 ) ) ;
#1338 = DIRECTION ( 'NONE',  ( 0.000000000000000000, 0.000000000000000000, 1.000000000000000000 ) ) ;
#1339 = ORIENTED_EDGE ( 'NONE', *, *, #1043, .F. ) ;
#1340 = DIRECTION ( 'NONE',  ( -1.000000000000000000, -0.000000000000000000, -0.000000000000000000 ) ) ;
#1341 = DIRECTION ( 'NONE',  ( 0.000000000000000000, 0.000000000000000000, 1.000000000000000000 ) ) ;
#1342 = ORIENTED_EDGE ( 'NONE', *, *, #1823, .F. ) ;
#1343 = ADVANCED_FACE ( 'NONE', ( #869 ), #1177, .T. ) ;
#1344 = LINE ( 'NONE', #2119, #1930 ) ;
#1345 = CIRCLE ( 'NONE', #195, 5.249000000000000554 ) ;
#1346 = VECTOR ( 'NONE', #173, 1000.000000000000000 ) ;
#1347 = CARTESIAN_POINT ( 'NONE',  ( 5.999999999999999112, -1.094457498396095740, 7.419714467835304639 ) ) ;
#1348 = DIRECTION ( 'NONE',  ( 0.000000000000000000, 0.000000000000000000, 1.000000000000000000 ) ) ;
#1349 = DIRECTION ( 'NONE',  ( -1.000000000000000000, 0.000000000000000000, 0.000000000000000000 ) ) ;
#1350 = VERTEX_POINT ( 'NONE', #493 ) ;
#1351 = DIRECTION ( 'NONE',  ( 0.000000000000000000, 0.4647231720437694502, -0.8854560256532094664 ) ) ;
#1352 = CARTESIAN_POINT ( 'NONE',  ( 11.99999999999999822, -1.336339846557634159, 5.076041451219868605 ) ) ;
#1353 = EDGE_CURVE ( 'NONE', #712, #267, #496, .T. ) ;
#1354 = EDGE_LOOP ( 'NONE', ( #1727, #1976, #144, #239 ) ) ;
#1355 = CIRCLE ( 'NONE', #1547, 7.499999999999998224 ) ;
#1356 = AXIS2_PLACEMENT_3D ( 'NONE', #998, #2103, #1763 ) ;
#1357 = CARTESIAN_POINT ( 'NONE',  ( 11.99999999999999822, 0.3797985249670227659, 6.096182572081777273 ) ) ;
#1358 = VECTOR ( 'NONE', #1627, 1000.000000000000000 ) ;
#1359 = SURFACE_STYLE_FILL_AREA ( #454 ) ;
#1360 = DIRECTION ( 'NONE',  ( 0.000000000000000000, 0.000000000000000000, 1.000000000000000000 ) ) ;
#1361 = DIRECTION ( 'NONE',  ( 0.000000000000000000, -0.9927088740980526405, -0.1205366802553337613 ) ) ;
#1362 = ORIENTED_EDGE ( 'NONE', *, *, #706, .T. ) ;
#1363 = CARTESIAN_POINT ( 'NONE',  ( 11.99999999999999822, -4.801309747471091960, -3.775594467174644642 ) ) ;
#1364 = CARTESIAN_POINT ( 'NONE',  ( 0.000000000000000000, 5.232810053259659533, -0.5504583504984408293 ) ) ;
#1365 = EDGE_CURVE ( 'NONE', #1881, #1153, #768, .T. ) ;
#1366 = ADVANCED_FACE ( 'NONE', ( #1386 ), #2300, .T. ) ;
#1367 = ORIENTED_EDGE ( 'NONE', *, *, #1635, .F. ) ;
#1368 = CARTESIAN_POINT ( 'NONE',  ( 0.000000000000000000, 3.169332194722112028, -5.221400416671627021 ) ) ;
#1369 = FACE_OUTER_BOUND ( 'NONE', #37, .T. ) ;
#1370 = CIRCLE ( 'NONE', #641, 2.600000000000000089 ) ;
#1371 = DIRECTION ( 'NONE',  ( 0.000000000000000000, 0.4647231720437694502, -0.8854560256532094664 ) ) ;
#1372 = AXIS2_PLACEMENT_3D ( 'NONE', #889, #324, #868 ) ;
#1373 = CARTESIAN_POINT ( 'NONE',  ( 0.000000000000000000, 5.232810053259659533, -3.150458350498440474 ) ) ;
#1374 = ORIENTED_EDGE ( 'NONE', *, *, #426, .T. ) ;
#1375 = AXIS2_PLACEMENT_3D ( 'NONE', #1762, #1428, #131 ) ;
#1376 = ORIENTED_EDGE ( 'NONE', *, *, #2240, .F. ) ;
#1377 = CARTESIAN_POINT ( 'NONE',  ( 11.99999999999999822, 0.000000000000000000, 0.000000000000000000 ) ) ;
#1378 = DIRECTION ( 'NONE',  ( 0.000000000000000000, 0.000000000000000000, 1.000000000000000000 ) ) ;
#1379 = ORIENTED_EDGE ( 'NONE', *, *, #828, .F. ) ;
#1380 = VECTOR ( 'NONE', #1731, 1000.000000000000000 ) ;
#1381 = EDGE_LOOP ( 'NONE', ( #1180, #84, #633, #125 ) ) ;
#1382 = EDGE_CURVE ( 'NONE', #1475, #2327, #1025, .T. ) ;
#1383 = DIRECTION ( 'NONE',  ( -1.000000000000000000, 0.000000000000000000, 0.000000000000000000 ) ) ;
#1384 = ADVANCED_FACE ( 'NONE', ( #665 ), #1758, .T. ) ;
#1385 = DIRECTION ( 'NONE',  ( -1.000000000000000000, -0.000000000000000000, 0.000000000000000000 ) ) ;
#1386 = FACE_OUTER_BOUND ( 'NONE', #1861, .T. ) ;
#1387 = CARTESIAN_POINT ( 'NONE',  ( 0.000000000000000000, -3.542224254091498992, 3.873583397027346553 ) ) ;
#1388 = AXIS2_PLACEMENT_3D ( 'NONE', #2056, #2196, #1835 ) ;
#1389 = VERTEX_POINT ( 'NONE', #2312 ) ;
#1390 = FACE_OUTER_BOUND ( 'NONE', #2071, .T. ) ;
#1391 = DIRECTION ( 'NONE',  ( -1.000000000000000000, -0.000000000000000000, -0.000000000000000000 ) ) ;
#1392 = ORIENTED_EDGE ( 'NONE', *, *, #902, .F. ) ;
#1393 = VECTOR ( 'NONE', #1068, 1000.000000000000000 ) ;
#1394 = ORIENTED_EDGE ( 'NONE', *, *, #1152, .T. ) ;
#1395 = DIRECTION ( 'NONE',  ( -1.000000000000000000, -0.000000000000000000, -0.000000000000000000 ) ) ;
#1396 = EDGE_CURVE ( 'NONE', #843, #26, #33, .T. ) ;
#1397 = EDGE_CURVE ( 'NONE', #1420, #1638, #1214, .T. ) ;
#1398 = EDGE_CURVE ( 'NONE', #1803, #1053, #1958, .T. ) ;
#1399 = VECTOR ( 'NONE', #990, 1000.000000000000000 ) ;
#1400 = AXIS2_PLACEMENT_3D ( 'NONE', #213, #2199, #927 ) ;
#1401 = EDGE_CURVE ( 'NONE', #93, #1449, #345, .T. ) ;
#1402 = DIRECTION ( 'NONE',  ( -1.000000000000000000, 0.000000000000000000, 0.000000000000000000 ) ) ;
#1403 = DIRECTION ( 'NONE',  ( 1.000000000000000000, 0.000000000000000000, 0.000000000000000000 ) ) ;
#1404 = CIRCLE ( 'NONE', #360, 2.600000000000000089 ) ;
#1405 = EDGE_CURVE ( 'NONE', #2171, #928, #804, .T. ) ;
#1406 = ORIENTED_EDGE ( 'NONE', *, *, #1838, .F. ) ;
#1407 = DIRECTION ( 'NONE',  ( 0.000000000000000000, 0.000000000000000000, 1.000000000000000000 ) ) ;
#1408 = CARTESIAN_POINT ( 'NONE',  ( 11.99999999999999822, 0.000000000000000000, 0.000000000000000000 ) ) ;
#1409 = ORIENTED_EDGE ( 'NONE', *, *, #1683, .T. ) ;
#1410 = ORIENTED_EDGE ( 'NONE', *, *, #1733, .T. ) ;
#1411 = CARTESIAN_POINT ( 'NONE',  ( 0.000000000000000000, 2.512284471165352251, 4.608733853884538156 ) ) ;
#1412 = EDGE_CURVE ( 'NONE', #560, #2047, #1991, .T. ) ;
#1413 = CYLINDRICAL_SURFACE ( 'NONE', #1257, 5.249000000000000554 ) ;
#1414 = CARTESIAN_POINT ( 'NONE',  ( 11.99999999999999822, 0.000000000000000000, 0.000000000000000000 ) ) ;
#1415 = CARTESIAN_POINT ( 'NONE',  ( 11.99999999999999822, 5.232810053259659533, -0.5504583504984408293 ) ) ;
#1416 = ORIENTED_EDGE ( 'NONE', *, *, #1220, .T. ) ;
#1417 = FACE_OUTER_BOUND ( 'NONE', #1734, .T. ) ;
#1418 = DIRECTION ( 'NONE',  ( 0.000000000000000000, 0.000000000000000000, -1.000000000000000000 ) ) ;
#1419 = ORIENTED_EDGE ( 'NONE', *, *, #1321, .F. ) ;
#1420 = VERTEX_POINT ( 'NONE', #1014 ) ;
#1421 = ADVANCED_FACE ( 'NONE', ( #1744 ), #91, .T. ) ;
#1422 = CIRCLE ( 'NONE', #1499, 2.599999999999999645 ) ;
#1423 = DIRECTION ( 'NONE',  ( 0.000000000000000000, 0.000000000000000000, 1.000000000000000000 ) ) ;
#1424 = DIRECTION ( 'NONE',  ( -1.000000000000000000, -0.000000000000000000, 0.000000000000000000 ) ) ;
#1425 = DIRECTION ( 'NONE',  ( 0.000000000000000000, 0.000000000000000000, 1.000000000000000000 ) ) ;
#1426 = ORIENTED_EDGE ( 'NONE', *, *, #1751, .T. ) ;
#1427 = ORIENTED_EDGE ( 'NONE', *, *, #1718, .F. ) ;
#1428 = DIRECTION ( 'NONE',  ( -1.000000000000000000, -0.000000000000000000, -0.000000000000000000 ) ) ;
#1429 = DIRECTION ( 'NONE',  ( 0.000000000000000000, 0.000000000000000000, 1.000000000000000000 ) ) ;
#1430 = ORIENTED_EDGE ( 'NONE', *, *, #1326, .T. ) ;
#1431 = EDGE_CURVE ( 'NONE', #2356, #1023, #1035, .T. ) ;
#1432 = ORIENTED_EDGE ( 'NONE', *, *, #780, .F. ) ;
#1433 = CYLINDRICAL_SURFACE ( 'NONE', #1092, 7.499999999999999112 ) ;
#1434 = AXIS2_PLACEMENT_3D ( 'NONE', #572, #1490, #2353 ) ;
#1435 = CARTESIAN_POINT ( 'NONE',  ( 0.000000000000000000, 2.838308449282240353, 6.942190226919239038 ) ) ;
#1436 = DIRECTION ( 'NONE',  ( 0.000000000000000000, 0.000000000000000000, 1.000000000000000000 ) ) ;
#1437 = ORIENTED_EDGE ( 'NONE', *, *, #1398, .T. ) ;
#1438 = AXIS2_PLACEMENT_3D ( 'NONE', #1705, #2247, #608 ) ;
#1439 = ORIENTED_EDGE ( 'NONE', *, *, #133, .T. ) ;
#1440 = DIRECTION ( 'NONE',  ( 0.000000000000000000, 0.8229838658936575735, -0.5680647467311541465 ) ) ;
#1441 = CARTESIAN_POINT ( 'NONE',  ( 0.000000000000000000, -5.834708136317082072, 1.806618342571547631 ) ) ;
#1442 = CIRCLE ( 'NONE', #2194, 5.248999999999999666 ) ;
#1443 = VERTEX_POINT ( 'NONE', #1238 ) ;
#1444 = ADVANCED_FACE ( 'NONE', ( #2346 ), #1842, .T. ) ;
#1445 = VERTEX_POINT ( 'NONE', #1435 ) ;
#1446 = CYLINDRICAL_SURFACE ( 'NONE', #1983, 2.600000000000000089 ) ;
#1447 = DIRECTION ( 'NONE',  ( 1.000000000000000000, 0.000000000000000000, 0.000000000000000000 ) ) ;
#1448 = ORIENTED_EDGE ( 'NONE', *, *, #646, .F. ) ;
#1449 = VERTEX_POINT ( 'NONE', #349 ) ;
#1450 = DIRECTION ( 'NONE',  ( -1.000000000000000000, 0.000000000000000000, 0.000000000000000000 ) ) ;
#1451 = CARTESIAN_POINT ( 'NONE',  ( 0.000000000000000000, 5.565351310227383053, -2.516853922155805723 ) ) ;
#1452 = ORIENTED_EDGE ( 'NONE', *, *, #931, .F. ) ;
#1453 = DIRECTION ( 'NONE',  ( -1.000000000000000000, 0.000000000000000000, 0.000000000000000000 ) ) ;
#1454 = MECHANICAL_DESIGN_GEOMETRIC_PRESENTATION_REPRESENTATION (  '', ( #24 ), #591 ) ;
#1455 = AXIS2_PLACEMENT_3D ( 'NONE', #2072, #949, #1181 ) ;
#1456 = ORIENTED_EDGE ( 'NONE', *, *, #720, .F. ) ;
#1457 = DIRECTION ( 'NONE',  ( -1.000000000000000000, 0.000000000000000000, 0.000000000000000000 ) ) ;
#1458 = DIRECTION ( 'NONE',  ( 0.000000000000000000, -0.6631226582408016323, 0.7485107481710954191 ) ) ;
#1459 = ORIENTED_EDGE ( 'NONE', *, *, #1746, .T. ) ;
#1460 = EDGE_CURVE ( 'NONE', #1475, #44, #1226, .T. ) ;
#1461 = EDGE_CURVE ( 'NONE', #1229, #1138, #1314, .T. ) ;
#1462 = ORIENTED_EDGE ( 'NONE', *, *, #1596, .F. ) ;
#1463 = AXIS2_PLACEMENT_3D ( 'NONE', #912, #342, #1805 ) ;
#1464 = DIRECTION ( 'NONE',  ( 0.000000000000000000, 0.000000000000000000, 1.000000000000000000 ) ) ;
#1465 = DIRECTION ( 'NONE',  ( -1.000000000000000000, 0.000000000000000000, 0.000000000000000000 ) ) ;
#1466 = ORIENTED_EDGE ( 'NONE', *, *, #1142, .T. ) ;
#1467 = CARTESIAN_POINT ( 'NONE',  ( 0.000000000000000000, -6.728028018200546079, -3.314157356902114770 ) ) ;
#1468 = AXIS2_PLACEMENT_3D ( 'NONE', #378, #957, #2227 ) ;
#1469 = VECTOR ( 'NONE', #511, 1000.000000000000000 ) ;
#1470 = ORIENTED_EDGE ( 'NONE', *, *, #2355, .F. ) ;
#1471 = DIRECTION ( 'NONE',  ( 0.000000000000000000, -0.9350162426854181641, 0.3546048870425267396 ) ) ;
#1472 = CARTESIAN_POINT ( 'NONE',  ( 11.99999999999999822, -6.005954884062074228, -1.111842975573273273 ) ) ;
#1473 = ORIENTED_EDGE ( 'NONE', *, *, #886, .F. ) ;
#1474 = EDGE_CURVE ( 'NONE', #1196, #1492, #555, .T. ) ;
#1475 = VERTEX_POINT ( 'NONE', #1831 ) ;
#1476 = CARTESIAN_POINT ( 'NONE',  ( 20.00000000000000000, 0.000000000000000000, 0.000000000000000000 ) ) ;
#1477 = DIRECTION ( 'NONE',  ( -1.000000000000000000, 0.000000000000000000, 0.000000000000000000 ) ) ;
#1478 = EDGE_CURVE ( 'NONE', #1265, #843, #467, .T. ) ;
#1479 = VERTEX_POINT ( 'NONE', #890 ) ;
#1480 = DIRECTION ( 'NONE',  ( -1.000000000000000000, 0.000000000000000000, 0.000000000000000000 ) ) ;
#1481 = CARTESIAN_POINT ( 'NONE',  ( 0.000000000000000000, 2.512284471165419308, -4.608733853884501741 ) ) ;
#1482 = AXIS2_PLACEMENT_3D ( 'NONE', #377, #2001, #352 ) ;
#1483 = VERTEX_POINT ( 'NONE', #918 ) ;
#1484 = DIRECTION ( 'NONE',  ( 1.000000000000000000, 0.000000000000000000, 0.000000000000000000 ) ) ;
#1485 = PRODUCT_RELATED_PRODUCT_CATEGORY ( 'part', '', ( #2202 ) ) ;
#1486 = DIRECTION ( 'NONE',  ( 0.000000000000000000, 0.000000000000000000, -1.000000000000000000 ) ) ;
#1487 = CARTESIAN_POINT ( 'NONE',  ( 0.000000000000000000, -7.497538669031039049, 0.1921299205856238645 ) ) ;
#1488 = DIRECTION ( 'NONE',  ( -1.000000000000000000, 0.000000000000000000, 0.000000000000000000 ) ) ;
#1489 = VERTEX_POINT ( 'NONE', #518 ) ;
#1490 = DIRECTION ( 'NONE',  ( -1.000000000000000000, -0.000000000000000000, -0.000000000000000000 ) ) ;
#1491 = CARTESIAN_POINT ( 'NONE',  ( 0.000000000000000000, 3.758233514242704132, 4.814911185488644385 ) ) ;
#1492 = VERTEX_POINT ( 'NONE', #725 ) ;
#1493 = CIRCLE ( 'NONE', #606, 2.600000000000000089 ) ;
#1494 = CIRCLE ( 'NONE', #261, 7.499999999999998224 ) ;
#1495 = FACE_BOUND ( 'NONE', #1061, .T. ) ;
#1496 = FACE_OUTER_BOUND ( 'NONE', #661, .T. ) ;
#1497 = CARTESIAN_POINT ( 'NONE',  ( -10.00000000000000000, 0.000000000000000000, 0.000000000000000000 ) ) ;
#1498 = DIRECTION ( 'NONE',  ( -1.000000000000000000, -0.000000000000000000, -0.000000000000000000 ) ) ;
#1499 = AXIS2_PLACEMENT_3D ( 'NONE', #808, #1541, #1521 ) ;
#1500 = ORIENTED_EDGE ( 'NONE', *, *, #2163, .T. ) ;
#1501 = EDGE_CURVE ( 'NONE', #1033, #1069, #1924, .T. ) ;
#1502 = CARTESIAN_POINT ( 'NONE',  ( 5.999999999999999112, -6.549453565922410014, 3.654402548683738150 ) ) ;
#1503 = DIRECTION ( 'NONE',  ( -1.000000000000000000, 0.000000000000000000, 0.000000000000000000 ) ) ;
#1504 = EDGE_CURVE ( 'NONE', #1027, #672, #139, .T. ) ;
#1505 = EDGE_CURVE ( 'NONE', #1489, #372, #1250, .T. ) ;
#1506 = ORIENTED_EDGE ( 'NONE', *, *, #1679, .T. ) ;
#1507 = ADVANCED_FACE ( 'NONE', ( #2167 ), #1263, .T. ) ;
#1508 = CIRCLE ( 'NONE', #41, 2.600000000000000533 ) ;
#1509 = CARTESIAN_POINT ( 'NONE',  ( 0.000000000000000000, -4.417207229927547552, -6.061211123849404636 ) ) ;
#1510 = LINE ( 'NONE', #1337, #1971 ) ;
#1511 = DIRECTION ( 'NONE',  ( 0.000000000000000000, -0.9350162426854181641, 0.3546048870425269062 ) ) ;
#1512 = ORIENTED_EDGE ( 'NONE', *, *, #1633, .F. ) ;
#1513 = CARTESIAN_POINT ( 'NONE',  ( 11.99999999999999822, 3.169332194722040086, 5.221400416671670541 ) ) ;
#1514 = CARTESIAN_POINT ( 'NONE',  ( 11.99999999999999822, -1.336339846557563993, -5.076041451219889034 ) ) ;
#1515 = AXIS2_PLACEMENT_3D ( 'NONE', #1675, #286, #1175 ) ;
#1516 = AXIS2_PLACEMENT_3D ( 'NONE', #1137, #188, #743 ) ;
#1517 = ORIENTED_EDGE ( 'NONE', *, *, #1431, .T. ) ;
#1518 = AXIS2_PLACEMENT_3D ( 'NONE', #1858, #1712, #419 ) ;
#1519 = CARTESIAN_POINT ( 'NONE',  ( 11.99999999999999822, -4.272308565096042621, 3.049488567712131726 ) ) ;
#1520 = DIRECTION ( 'NONE',  ( 0.000000000000000000, 0.000000000000000000, 1.000000000000000000 ) ) ;
#1521 = DIRECTION ( 'NONE',  ( 0.000000000000000000, 0.4647231720437694502, -0.8854560256532094664 ) ) ;
#1522 = DIRECTION ( 'NONE',  ( -1.000000000000000000, -0.000000000000000000, -0.000000000000000000 ) ) ;
#1523 = ORIENTED_EDGE ( 'NONE', *, *, #2030, .T. ) ;
#1524 = DIRECTION ( 'NONE',  ( -1.000000000000000000, 0.000000000000000000, -0.000000000000000000 ) ) ;
#1525 = CARTESIAN_POINT ( 'NONE',  ( 11.99999999999999822, 0.08273200746561956698, 5.248347970070269319 ) ) ;
#1526 = VECTOR ( 'NONE', #1676, 1000.000000000000000 ) ;
#1527 = ORIENTED_EDGE ( 'NONE', *, *, #885, .T. ) ;
#1528 = PLANE ( 'NONE',  #2342 ) ;
#1529 = CARTESIAN_POINT ( 'NONE',  ( 11.99999999999999822, 1.090149711768729324, 6.009930322196029628 ) ) ;
#1530 = CARTESIAN_POINT ( 'NONE',  ( 11.99999999999999822, -5.200109362712490579, -0.7147472391201575848 ) ) ;
#1531 = DIRECTION ( 'NONE',  ( 0.000000000000000000, 0.000000000000000000, 1.000000000000000000 ) ) ;
#1532 = EDGE_LOOP ( 'NONE', ( #148, #2118, #1956, #1802 ) ) ;
#1533 = CYLINDRICAL_SURFACE ( 'NONE', #185, 2.600000000000000089 ) ;
#1534 = DIRECTION ( 'NONE',  ( -1.000000000000000000, 0.000000000000000000, 0.000000000000000000 ) ) ;
#1535 = AXIS2_PLACEMENT_3D ( 'NONE', #2132, #834, #2122 ) ;
#1536 = EDGE_LOOP ( 'NONE', ( #1470, #1527, #2, #1892 ) ) ;
#1537 = CARTESIAN_POINT ( 'NONE',  ( 11.99999999999999822, 3.758233514242704132, 4.814911185488644385 ) ) ;
#1538 = AXIS2_PLACEMENT_3D ( 'NONE', #2045, #1498, #970 ) ;
#1539 = CARTESIAN_POINT ( 'NONE',  ( 20.00000000000000000, 0.000000000000000000, 0.000000000000000000 ) ) ;
#1540 = EDGE_CURVE ( 'NONE', #1022, #866, #529, .T. ) ;
#1541 = DIRECTION ( 'NONE',  ( -1.000000000000000000, 0.000000000000000000, -0.000000000000000000 ) ) ;
#1542 = CARTESIAN_POINT ( 'NONE',  ( 11.99999999999999822, 0.08273200746561956698, 5.248347970070269319 ) ) ;
#1543 = ORIENTED_EDGE ( 'NONE', *, *, #1131, .T. ) ;
#1544 = DIRECTION ( 'NONE',  ( 0.000000000000000000, 0.000000000000000000, 1.000000000000000000 ) ) ;
#1545 = LINE ( 'NONE', #1029, #980 ) ;
#1546 = ORIENTED_EDGE ( 'NONE', *, *, #923, .F. ) ;
#1547 = AXIS2_PLACEMENT_3D ( 'NONE', #1282, #2130, #1091 ) ;
#1548 = VECTOR ( 'NONE', #1883, 1000.000000000000000 ) ;
#1549 = DIRECTION ( 'NONE',  ( 0.000000000000000000, 0.000000000000000000, -1.000000000000000000 ) ) ;
#1550 = AXIS2_PLACEMENT_3D ( 'NONE', #400, #1122, #969 ) ;
#1551 = CARTESIAN_POINT ( 'NONE',  ( 11.99999999999999822, 5.739393982264608063, -4.827976461867310221 ) ) ;
#1552 = DIRECTION ( 'NONE',  ( -1.000000000000000000, 0.000000000000000000, -0.000000000000000000 ) ) ;
#1553 = PLANE ( 'NONE',  #1696 ) ;
#1554 = ORIENTED_EDGE ( 'NONE', *, *, #1261, .T. ) ;
#1555 = EDGE_CURVE ( 'NONE', #1810, #1773, #879, .T. ) ;
#1556 = VERTEX_POINT ( 'NONE', #1285 ) ;
#1557 = DIRECTION ( 'NONE',  ( 0.000000000000000000, 0.000000000000000000, 1.000000000000000000 ) ) ;
#1558 = CARTESIAN_POINT ( 'NONE',  ( 11.99999999999999822, 0.08273200746569350783, -5.248347970070267543 ) ) ;
#1559 = EDGE_CURVE ( 'NONE', #1483, #612, #160, .T. ) ;
#1560 = VERTEX_POINT ( 'NONE', #736 ) ;
#1561 = ADVANCED_FACE ( 'NONE', ( #2369 ), #541, .T. ) ;
#1562 = ORIENTED_EDGE ( 'NONE', *, *, #794, .F. ) ;
#1563 = DIRECTION ( 'NONE',  ( -1.000000000000000000, 0.000000000000000000, -0.000000000000000000 ) ) ;
#1564 = DIRECTION ( 'NONE',  ( 1.000000000000000000, 0.000000000000000000, 0.000000000000000000 ) ) ;
#1565 = CIRCLE ( 'NONE', #222, 5.249000000000000554 ) ;
#1566 = CARTESIAN_POINT ( 'NONE',  ( -10.00000000000000000, 0.000000000000000000, 0.000000000000000000 ) ) ;
#1567 = DIRECTION ( 'NONE',  ( -1.000000000000000000, 0.000000000000000000, 0.000000000000000000 ) ) ;
#1568 = AXIS2_PLACEMENT_3D ( 'NONE', #550, #2187, #1837 ) ;
#1569 = ORIENTED_EDGE ( 'NONE', *, *, #1806, .F. ) ;
#1570 = CARTESIAN_POINT ( 'NONE',  ( 20.00000000000000000, 2.828427124746189847, -2.828427124746189847 ) ) ;
#1571 = CARTESIAN_POINT ( 'NONE',  ( 11.99999999999999822, 1.175683915181686690, -5.115639581868827612 ) ) ;
#1572 = EDGE_CURVE ( 'NONE', #1479, #843, #362, .T. ) ;
#1573 = ORIENTED_EDGE ( 'NONE', *, *, #1939, .T. ) ;
#1574 = ADVANCED_FACE ( 'NONE', ( #2322 ), #2143, .T. ) ;
#1575 = EDGE_CURVE ( 'NONE', #910, #1723, #1671, .T. ) ;
#1576 = EDGE_LOOP ( 'NONE', ( #563, #790, #1432, #1766 ) ) ;
#1577 = CARTESIAN_POINT ( 'NONE',  ( 20.00000000000000000, -2.828427124746189847, 2.828427124746189847 ) ) ;
#1578 = ADVANCED_FACE ( 'NONE', ( #1126 ), #29, .T. ) ;
#1579 = CARTESIAN_POINT ( 'NONE',  ( -2.899999999999999911, 0.000000000000000000, 0.000000000000000000 ) ) ;
#1580 = AXIS2_PLACEMENT_3D ( 'NONE', #2168, #860, #129 ) ;
#1581 = DIRECTION ( 'NONE',  ( 0.000000000000000000, 0.000000000000000000, 1.000000000000000000 ) ) ;
#1582 = AXIS2_PLACEMENT_3D ( 'NONE', #1050, #2159, #132 ) ;
#1583 = ORIENTED_EDGE ( 'NONE', *, *, #2137, .F. ) ;
#1584 = DIRECTION ( 'NONE',  ( 1.000000000000000000, 0.000000000000000000, 0.000000000000000000 ) ) ;
#1585 = DIRECTION ( 'NONE',  ( 0.000000000000000000, -0.4647231720437572933, -0.8854560256532157947 ) ) ;
#1586 = ORIENTED_EDGE ( 'NONE', *, *, #1559, .F. ) ;
#1587 = ORIENTED_EDGE ( 'NONE', *, *, #671, .T. ) ;
#1588 = DIRECTION ( 'NONE',  ( 0.000000000000000000, -0.4647231720437574043, -0.8854560256532157947 ) ) ;
#1589 = CIRCLE ( 'NONE', #205, 5.248999999999999666 ) ;
#1590 =( NAMED_UNIT ( * ) SI_UNIT ( $, .STERADIAN. ) SOLID_ANGLE_UNIT ( ) );
#1591 = DIRECTION ( 'NONE',  ( 0.000000000000000000, 0.000000000000000000, -1.000000000000000000 ) ) ;
#1592 = CARTESIAN_POINT ( 'NONE',  ( 0.000000000000000000, -6.728028018200590488, 3.314157356902021512 ) ) ;
#1593 = ORIENTED_EDGE ( 'NONE', *, *, #2314, .F. ) ;
#1594 = PLANE ( 'NONE',  #1822 ) ;
#1595 = CARTESIAN_POINT ( 'NONE',  ( 0.000000000000000000, 5.232810053259659533, 3.150458350498440474 ) ) ;
#1596 = EDGE_CURVE ( 'NONE', #247, #716, #585, .T. ) ;
#1597 = VERTEX_POINT ( 'NONE', #792 ) ;
#1598 = EDGE_LOOP ( 'NONE', ( #2090, #1342, #1759, #31 ) ) ;
#1599 = LINE ( 'NONE', #528, #2344 ) ;
#1600 = CARTESIAN_POINT ( 'NONE',  ( 23.31370849898476294, 0.000000000000000000, 4.000000000000000000 ) ) ;
#1601 = EDGE_CURVE ( 'NONE', #1773, #1053, #240, .T. ) ;
#1602 = CIRCLE ( 'NONE', #566, 2.600000000000000089 ) ;
#1603 = VERTEX_POINT ( 'NONE', #1481 ) ;
#1604 = FACE_OUTER_BOUND ( 'NONE', #689, .T. ) ;
#1605 = CARTESIAN_POINT ( 'NONE',  ( 27.00000000000000000, 2.828427124746189847, 2.828427124746189847 ) ) ;
#1606 = AXIS2_PLACEMENT_3D ( 'NONE', #2309, #2037, #390 ) ;
#1607 = VERTEX_POINT ( 'NONE', #767 ) ;
#1608 = ORIENTED_EDGE ( 'NONE', *, *, #2057, .T. ) ;
#1609 = VECTOR ( 'NONE', #2109, 1000.000000000000000 ) ;
#1610 = FACE_OUTER_BOUND ( 'NONE', #698, .T. ) ;
#1611 = CARTESIAN_POINT ( 'NONE',  ( 27.00000000000000000, 0.000000000000000000, 0.000000000000000000 ) ) ;
#1612 = EDGE_LOOP ( 'NONE', ( #1275, #2031, #2085, #2036, #1554, #405, #2160, #2245, #1374, #2197, #1840, #2005, #2230, #1814, #1114, #964, #1748, #1409, #622, #1717, #1287, #648, #2352, #457, #473, #2156, #1304, #433, #537, #1737, #2182, #134, #1462, #1587, #816, #235, #549, #181, #2329, #1996, #1097, #2153, #1090, #1640, #479, #1246, #1905, #154, #2040, #2013, #1754, #485, #1506, #1430, #920, #1950 ) ) ;
#1613 = ORIENTED_EDGE ( 'NONE', *, *, #63, .F. ) ;
#1614 = CARTESIAN_POINT ( 'NONE',  ( 11.99999999999999822, -1.336339846557634159, 5.076041451219868605 ) ) ;
#1615 = CARTESIAN_POINT ( 'NONE',  ( 27.00000000000000000, -2.828427124746189847, -2.828427124746189847 ) ) ;
#1616 = ADVANCED_FACE ( 'NONE', ( #1863 ), #961, .T. ) ;
#1617 = VERTEX_POINT ( 'NONE', #2049 ) ;
#1618 = ORIENTED_EDGE ( 'NONE', *, *, #1412, .F. ) ;
#1619 = AXIS2_PLACEMENT_3D ( 'NONE', #1332, #237, #1682 ) ;
#1620 = DIRECTION ( 'NONE',  ( 0.000000000000000000, -0.000000000000000000, 1.000000000000000000 ) ) ;
#1621 = CARTESIAN_POINT ( 'NONE',  ( 11.99999999999999822, 1.175683915181686690, -5.115639581868827612 ) ) ;
#1622 =( LENGTH_UNIT ( ) NAMED_UNIT ( * ) SI_UNIT ( .MILLI., .METRE. ) );
#1623 = VERTEX_POINT ( 'NONE', #391 ) ;
#1624 = AXIS2_PLACEMENT_3D ( 'NONE', #1537, #464, #1728 ) ;
#1625 = AXIS2_PLACEMENT_3D ( 'NONE', #632, #1391, #2114 ) ;
#1626 = ORIENTED_EDGE ( 'NONE', *, *, #857, .F. ) ;
#1627 = DIRECTION ( 'NONE',  ( -1.000000000000000000, -0.000000000000000000, 0.000000000000000000 ) ) ;
#1628 = DIRECTION ( 'NONE',  ( -1.000000000000000000, 0.000000000000000000, 0.000000000000000000 ) ) ;
#1629 = CIRCLE ( 'NONE', #1372, 7.500000000000000000 ) ;
#1630 = VECTOR ( 'NONE', #1818, 1000.000000000000000 ) ;
#1631 = ORIENTED_EDGE ( 'NONE', *, *, #1673, .F. ) ;
#1632 = PLANE ( 'NONE',  #1259 ) ;
#1633 = EDGE_CURVE ( 'NONE', #2276, #2315, #1151, .T. ) ;
#1634 = EDGE_LOOP ( 'NONE', ( #1674, #115, #535, #892 ) ) ;
#1635 = EDGE_CURVE ( 'NONE', #1792, #1808, #1873, .T. ) ;
#1636 = CARTESIAN_POINT ( 'NONE',  ( 0.000000000000000000, -4.801309747471091960, -3.775594467174644642 ) ) ;
#1637 = CARTESIAN_POINT ( 'NONE',  ( 11.99999999999999822, 0.000000000000000000, 0.000000000000000000 ) ) ;
#1638 = VERTEX_POINT ( 'NONE', #370 ) ;
#1639 = CIRCLE ( 'NONE', #1944, 5.249000000000000554 ) ;
#1640 = ORIENTED_EDGE ( 'NONE', *, *, #2097, .T. ) ;
#1641 = CARTESIAN_POINT ( 'NONE',  ( 0.000000000000000000, 7.325653521105574661, 1.607731472825441044 ) ) ;
#1642 = PLANE ( 'NONE',  #109 ) ;
#1643 = ORIENTED_EDGE ( 'NONE', *, *, #1474, .F. ) ;
#1644 = CARTESIAN_POINT ( 'NONE',  ( 11.99999999999999822, -7.497538669031038161, -0.1921299205857268655 ) ) ;
#1645 = CIRCLE ( 'NONE', #2208, 2.600000000000000089 ) ;
#1646 = EDGE_LOOP ( 'NONE', ( #62, #320, #2359, #2024 ) ) ;
#1647 = EDGE_CURVE ( 'NONE', #93, #1443, #2307, .T. ) ;
#1648 = ADVANCED_FACE ( 'NONE', ( #562 ), #381, .T. ) ;
#1649 = EDGE_CURVE ( 'NONE', #874, #951, #1116, .T. ) ;
#1650 = DIRECTION ( 'NONE',  ( -1.000000000000000000, 0.000000000000000000, 0.000000000000000000 ) ) ;
#1651 = DIRECTION ( 'NONE',  ( 1.000000000000000000, 0.000000000000000000, 0.000000000000000000 ) ) ;
#1652 = CIRCLE ( 'NONE', #610, 4.000000000000000000 ) ;
#1653 = ORIENTED_EDGE ( 'NONE', *, *, #98, .T. ) ;
#1654 = VERTEX_POINT ( 'NONE', #1514 ) ;
#1655 = CYLINDRICAL_SURFACE ( 'NONE', #89, 2.600000000000000089 ) ;
#1656 = CARTESIAN_POINT ( 'NONE',  ( -10.00000000000000000, 0.000000000000000000, 0.000000000000000000 ) ) ;
#1657 = ORIENTED_EDGE ( 'NONE', *, *, #538, .T. ) ;
#1658 = CARTESIAN_POINT ( 'NONE',  ( 0.000000000000000000, -5.834708136317056315, -1.806618342571628899 ) ) ;
#1659 = LINE ( 'NONE', #1306, #165 ) ;
#1660 = AXIS2_PLACEMENT_3D ( 'NONE', #729, #1123, #1100 ) ;
#1661 = VECTOR ( 'NONE', #122, 1000.000000000000000 ) ;
#1662 = ORIENTED_EDGE ( 'NONE', *, *, #355, .F. ) ;
#1663 = DIRECTION ( 'NONE',  ( -1.000000000000000000, 0.000000000000000000, -0.000000000000000000 ) ) ;
#1664 = AXIS2_PLACEMENT_3D ( 'NONE', #1357, #2086, #1906 ) ;
#1665 = CARTESIAN_POINT ( 'NONE',  ( 0.000000000000000000, 0.000000000000000000, 0.000000000000000000 ) ) ;
#1666 = DIRECTION ( 'NONE',  ( 0.000000000000000000, 0.000000000000000000, 1.000000000000000000 ) ) ;
#1667 = CARTESIAN_POINT ( 'NONE',  ( 11.99999999999999822, 0.000000000000000000, 0.000000000000000000 ) ) ;
#1668 = AXIS2_PLACEMENT_3D ( 'NONE', #108, #851, #1585 ) ;
#1669 = ORIENTED_EDGE ( 'NONE', *, *, #904, .T. ) ;
#1670 = CYLINDRICAL_SURFACE ( 'NONE', #567, 5.249000000000000554 ) ;
#1671 = LINE ( 'NONE', #1104, #663 ) ;
#1672 = VECTOR ( 'NONE', #209, 1000.000000000000000 ) ;
#1673 = EDGE_CURVE ( 'NONE', #1389, #93, #2233, .T. ) ;
#1674 = ORIENTED_EDGE ( 'NONE', *, *, #354, .F. ) ;
#1675 = CARTESIAN_POINT ( 'NONE',  ( -10.00000000000000000, 0.000000000000000000, 0.000000000000000000 ) ) ;
#1676 = DIRECTION ( 'NONE',  ( -1.000000000000000000, 0.000000000000000000, 0.000000000000000000 ) ) ;
#1677 = CARTESIAN_POINT ( 'NONE',  ( 0.000000000000000000, 7.325653521105574661, -1.607731472825441044 ) ) ;
#1678 = CARTESIAN_POINT ( 'NONE',  ( 11.99999999999999822, 3.418372660479867875, 3.983306334451794051 ) ) ;
#1679 = EDGE_CURVE ( 'NONE', #497, #556, #1280, .T. ) ;
#1680 = VERTEX_POINT ( 'NONE', #1525 ) ;
#1681 = DIRECTION ( 'NONE',  ( 0.000000000000000000, 0.8229838658936574625, -0.5680647467311540355 ) ) ;
#1682 = DIRECTION ( 'NONE',  ( 0.000000000000000000, 0.000000000000000000, 1.000000000000000000 ) ) ;
#1683 = EDGE_CURVE ( 'NONE', #1808, #1603, #1589, .T. ) ;
#1684 = ORIENTED_EDGE ( 'NONE', *, *, #1323, .F. ) ;
#1685 = AXIS2_PLACEMENT_3D ( 'NONE', #710, #684, #2345 ) ;
#1686 = DIRECTION ( 'NONE',  ( 0.000000000000000000, 0.000000000000000000, -1.000000000000000000 ) ) ;
#1687 = ORIENTED_EDGE ( 'NONE', *, *, #1824, .F. ) ;
#1688 = CARTESIAN_POINT ( 'NONE',  ( 11.99999999999999822, 5.232810053259659533, 3.150458350498440474 ) ) ;
#1689 = DIRECTION ( 'NONE',  ( 0.000000000000000000, -0.9927088740980526405, -0.1205366802553337752 ) ) ;
#1690 = AXIS2_PLACEMENT_3D ( 'NONE', #119, #821, #274 ) ;
#1691 = EDGE_LOOP ( 'NONE', ( #1224, #2221, #1098, #803 ) ) ;
#1692 = EDGE_CURVE ( 'NONE', #1479, #1945, #202, .T. ) ;
#1693 = CARTESIAN_POINT ( 'NONE',  ( 11.99999999999999822, 1.090149711768729324, 6.009930322196029628 ) ) ;
#1694 = DIRECTION ( 'NONE',  ( -1.000000000000000000, 0.000000000000000000, -0.000000000000000000 ) ) ;
#1695 = ORIENTED_EDGE ( 'NONE', *, *, #1647, .F. ) ;
#1696 = AXIS2_PLACEMENT_3D ( 'NONE', #615, #799, #1338 ) ;
#1697 = AXIS2_PLACEMENT_3D ( 'NONE', #441, #1522, #1179 ) ;
#1698 = DIRECTION ( 'NONE',  ( -1.000000000000000000, 0.000000000000000000, -0.000000000000000000 ) ) ;
#1699 = CARTESIAN_POINT ( 'NONE',  ( 0.000000000000000000, 2.479019256375410762, -7.078450644492753518 ) ) ;
#1700 = DIRECTION ( 'NONE',  ( -1.000000000000000000, 0.000000000000000000, 0.000000000000000000 ) ) ;
#1701 = DIRECTION ( 'NONE',  ( -1.000000000000000000, -0.000000000000000000, 0.000000000000000000 ) ) ;
#1702 = AXIS2_PLACEMENT_3D ( 'NONE', #506, #8, #584 ) ;
#1703 = ORIENTED_EDGE ( 'NONE', *, *, #977, .F. ) ;
#1704 = CARTESIAN_POINT ( 'NONE',  ( 12.00000000000000000, 0.000000000000000000, 0.000000000000000000 ) ) ;
#1705 = CARTESIAN_POINT ( 'NONE',  ( 11.99999999999999822, -4.326800070397459841, 4.311205170544456955 ) ) ;
#1706 = CIRCLE ( 'NONE', #1127, 4.000000000000000000 ) ;
#1707 = EDGE_LOOP ( 'NONE', ( #81, #1959, #681, #2338 ) ) ;
#1708 = CIRCLE ( 'NONE', #1204, 5.249000000000000554 ) ;
#1709 = EDGE_CURVE ( 'NONE', #214, #959, #2046, .T. ) ;
#1710 = FACE_OUTER_BOUND ( 'NONE', #182, .T. ) ;
#1711 = CARTESIAN_POINT ( 'NONE',  ( 11.99999999999999822, 4.877953425118569442, 1.938445609857035068 ) ) ;
#1712 = DIRECTION ( 'NONE',  ( -1.000000000000000000, 0.000000000000000000, 0.000000000000000000 ) ) ;
#1713 = FACE_OUTER_BOUND ( 'NONE', #509, .T. ) ;
#1714 = ORIENTED_EDGE ( 'NONE', *, *, #2340, .T. ) ;
#1715 = CYLINDRICAL_SURFACE ( 'NONE', #1297, 2.599999999999999201 ) ;
#1716 = DIRECTION ( 'NONE',  ( -1.000000000000000000, -0.000000000000000000, -0.000000000000000000 ) ) ;
#1717 = ORIENTED_EDGE ( 'NONE', *, *, #63, .T. ) ;
#1718 = EDGE_CURVE ( 'NONE', #545, #1149, #1659, .T. ) ;
#1719 = DIRECTION ( 'NONE',  ( -1.000000000000000000, 0.000000000000000000, 0.000000000000000000 ) ) ;
#1720 = PLANE ( 'NONE',  #478 ) ;
#1721 = DIRECTION ( 'NONE',  ( -1.000000000000000000, 0.000000000000000000, 0.000000000000000000 ) ) ;
#1722 = CARTESIAN_POINT ( 'NONE',  ( 0.000000000000000000, -0.7129993441056826642, -7.466031873445546196 ) ) ;
#1723 = VERTEX_POINT ( 'NONE', #65 ) ;
#1724 = CARTESIAN_POINT ( 'NONE',  ( 11.99999999999999822, 0.000000000000000000, 0.000000000000000000 ) ) ;
#1725 = DIRECTION ( 'NONE',  ( 0.000000000000000000, 0.2393156642875516604, 0.9709418174260535661 ) ) ;
#1726 = AXIS2_PLACEMENT_3D ( 'NONE', #627, #2274, #1360 ) ;
#1727 = ORIENTED_EDGE ( 'NONE', *, *, #1540, .T. ) ;
#1728 = DIRECTION ( 'NONE',  ( 0.000000000000000000, 0.9927088740980543058, -0.1205366802553197586 ) ) ;
#1729 = VECTOR ( 'NONE', #2362, 1000.000000000000000 ) ;
#1730 = DIRECTION ( 'NONE',  ( 0.000000000000000000, 0.000000000000000000, 1.000000000000000000 ) ) ;
#1731 = DIRECTION ( 'NONE',  ( -1.000000000000000000, 0.000000000000000000, -0.000000000000000000 ) ) ;
#1732 = DIRECTION ( 'NONE',  ( -1.000000000000000000, 0.000000000000000000, 0.000000000000000000 ) ) ;
#1733 = EDGE_CURVE ( 'NONE', #617, #2047, #269, .T. ) ;
#1734 = EDGE_LOOP ( 'NONE', ( #283, #1853, #277, #719 ) ) ;
#1735 = CARTESIAN_POINT ( 'NONE',  ( -10.00000000000000000, 0.000000000000000000, 0.000000000000000000 ) ) ;
#1736 = DIRECTION ( 'NONE',  ( -1.000000000000000000, -0.000000000000000000, -0.000000000000000000 ) ) ;
#1737 = ORIENTED_EDGE ( 'NONE', *, *, #931, .T. ) ;
#1738 = AXIS2_PLACEMENT_3D ( 'NONE', #662, #1395, #481 ) ;
#1739 = CIRCLE ( 'NONE', #51, 7.500000000000000000 ) ;
#1740 = VECTOR ( 'NONE', #1736, 1000.000000000000000 ) ;
#1741 = DIRECTION ( 'NONE',  ( -1.000000000000000000, -0.000000000000000000, 0.000000000000000000 ) ) ;
#1742 = AXIS2_PLACEMENT_3D ( 'NONE', #917, #1787, #1262 ) ;
#1743 = AXIS2_PLACEMENT_3D ( 'NONE', #172, #1973, #1804 ) ;
#1744 = FACE_OUTER_BOUND ( 'NONE', #1381, .T. ) ;
#1745 = DIRECTION ( 'NONE',  ( -1.000000000000000000, 0.000000000000000000, 0.000000000000000000 ) ) ;
#1746 = EDGE_CURVE ( 'NONE', #72, #1638, #1706, .T. ) ;
#1747 = EDGE_CURVE ( 'NONE', #1138, #1916, #619, .T. ) ;
#1748 = ORIENTED_EDGE ( 'NONE', *, *, #2057, .F. ) ;
#1749 = CARTESIAN_POINT ( 'NONE',  ( 11.99999999999999822, 5.565351310227383053, -2.516853922155805723 ) ) ;
#1750 = CARTESIAN_POINT ( 'NONE',  ( 11.99999999999999822, 0.000000000000000000, 0.000000000000000000 ) ) ;
#1751 = EDGE_CURVE ( 'NONE', #2171, #190, #802, .T. ) ;
#1752 = EDGE_CURVE ( 'NONE', #1560, #2349, #424, .T. ) ;
#1753 = ORIENTED_EDGE ( 'NONE', *, *, #1505, .F. ) ;
#1754 = ORIENTED_EDGE ( 'NONE', *, *, #1998, .F. ) ;
#1755 = CARTESIAN_POINT ( 'NONE',  ( 11.99999999999999822, -4.100967580332755880, 6.279495593203302306 ) ) ;
#1756 = CARTESIAN_POINT ( 'NONE',  ( 0.000000000000000000, -6.549453565922410014, 3.654402548683738150 ) ) ;
#1757 = VECTOR ( 'NONE', #635, 1000.000000000000000 ) ;
#1758 = CYLINDRICAL_SURFACE ( 'NONE', #1765, 2.600000000000000089 ) ;
#1759 = ORIENTED_EDGE ( 'NONE', *, *, #1382, .F. ) ;
#1760 = CIRCLE ( 'NONE', #841, 2.600000000000000089 ) ;
#1761 = EDGE_LOOP ( 'NONE', ( #978, #1573 ) ) ;
#1762 = CARTESIAN_POINT ( 'NONE',  ( -10.00000000000000000, 0.000000000000000000, 0.000000000000000000 ) ) ;
#1763 = DIRECTION ( 'NONE',  ( 0.000000000000000000, 0.9927088740980544168, -0.1205366802553199251 ) ) ;
#1764 = ORIENTED_EDGE ( 'NONE', *, *, #587, .F. ) ;
#1765 = AXIS2_PLACEMENT_3D ( 'NONE', #1228, #104, #1037 ) ;
#1766 = ORIENTED_EDGE ( 'NONE', *, *, #1884, .T. ) ;
#1767 = CYLINDRICAL_SURFACE ( 'NONE', #939, 7.499999999999999112 ) ;
#1768 = DIRECTION ( 'NONE',  ( 0.000000000000000000, 0.000000000000000000, -1.000000000000000000 ) ) ;
#1769 = AXIS2_PLACEMENT_3D ( 'NONE', #233, #773, #410 ) ;
#1770 = LINE ( 'NONE', #470, #1609 ) ;
#1771 = EDGE_CURVE ( 'NONE', #44, #1483, #1968, .T. ) ;
#1772 = CIRCLE ( 'NONE', #1582, 2.600000000000000089 ) ;
#1773 = VERTEX_POINT ( 'NONE', #2084 ) ;
#1774 = CARTESIAN_POINT ( 'NONE',  ( 11.99999999999999822, 7.233694121956650847, -1.980825421376096740 ) ) ;
#1775 = DIRECTION ( 'NONE',  ( 0.000000000000000000, -0.000000000000000000, 1.000000000000000000 ) ) ;
#1776 = ORIENTED_EDGE ( 'NONE', *, *, #1006, .F. ) ;
#1777 = AXIS2_PLACEMENT_3D ( 'NONE', #175, #1269, #1115 ) ;
#1778 = ORIENTED_EDGE ( 'NONE', *, *, #923, .T. ) ;
#1779 = DIRECTION ( 'NONE',  ( 0.000000000000000000, 0.2393156642875516049, 0.9709418174260535661 ) ) ;
#1780 = DIRECTION ( 'NONE',  ( 0.000000000000000000, 0.000000000000000000, -1.000000000000000000 ) ) ;
#1781 = EDGE_LOOP ( 'NONE', ( #1128, #298, #936, #1669 ) ) ;
#1782 = FACE_OUTER_BOUND ( 'NONE', #2105, .T. ) ;
#1783 = CARTESIAN_POINT ( 'NONE',  ( 0.000000000000000000, -0.7129993441057888015, 7.466031873445538203 ) ) ;
#1784 = ORIENTED_EDGE ( 'NONE', *, *, #1826, .T. ) ;
#1785 = ORIENTED_EDGE ( 'NONE', *, *, #2310, .T. ) ;
#1786 = EDGE_CURVE ( 'NONE', #1083, #495, #1193, .T. ) ;
#1787 = DIRECTION ( 'NONE',  ( -1.000000000000000000, -0.000000000000000000, -0.000000000000000000 ) ) ;
#1788 = DIRECTION ( 'NONE',  ( 0.000000000000000000, 0.6631226582407911962, 0.7485107481711046340 ) ) ;
#1789 = ORIENTED_EDGE ( 'NONE', *, *, #501, .T. ) ;
#1790 = AXIS2_PLACEMENT_3D ( 'NONE', #1936, #1564, #991 ) ;
#1791 = AXIS2_PLACEMENT_3D ( 'NONE', #2052, #1310, #47 ) ;
#1792 = VERTEX_POINT ( 'NONE', #827 ) ;
#1793 = DIRECTION ( 'NONE',  ( -1.000000000000000000, 0.000000000000000000, 0.000000000000000000 ) ) ;
#1794 = CARTESIAN_POINT ( 'NONE',  ( 11.99999999999999822, 2.512284471165419308, -4.608733853884501741 ) ) ;
#1795 = AXIS2_PLACEMENT_3D ( 'NONE', #85, #1009, #279 ) ;
#1796 = ORIENTED_EDGE ( 'NONE', *, *, #1396, .T. ) ;
#1797 = ORIENTED_EDGE ( 'NONE', *, *, #491, .F. ) ;
#1798 = AXIS2_PLACEMENT_3D ( 'NONE', #440, #2099, #636 ) ;
#1799 = PLANE ( 'NONE',  #2232 ) ;
#1800 = CARTESIAN_POINT ( 'NONE',  ( 11.99999999999999822, 0.000000000000000000, 0.000000000000000000 ) ) ;
#1801 = APPLICATION_PROTOCOL_DEFINITION ( 'draft international standard', 'automotive_design', 1998, #1928 ) ;
#1802 = ORIENTED_EDGE ( 'NONE', *, *, #2020, .T. ) ;
#1803 = VERTEX_POINT ( 'NONE', #1558 ) ;
#1804 = DIRECTION ( 'NONE',  ( 0.000000000000000000, -0.9927088740980526405, -0.1205366802553337613 ) ) ;
#1805 = DIRECTION ( 'NONE',  ( 0.000000000000000000, 0.000000000000000000, 1.000000000000000000 ) ) ;
#1806 = EDGE_CURVE ( 'NONE', #1149, #928, #2279, .T. ) ;
#1807 = AXIS2_PLACEMENT_3D ( 'NONE', #603, #80, #822 ) ;
#1808 = VERTEX_POINT ( 'NONE', #814 ) ;
#1809 = CARTESIAN_POINT ( 'NONE',  ( 11.99999999999999822, 0.000000000000000000, 0.000000000000000000 ) ) ;
#1810 = VERTEX_POINT ( 'NONE', #1571 ) ;
#1811 = AXIS2_PLACEMENT_3D ( 'NONE', #1055, #1447, #180 ) ;
#1812 = CARTESIAN_POINT ( 'NONE',  ( -10.00000000000000000, 0.000000000000000000, 0.000000000000000000 ) ) ;
#1813 = DIRECTION ( 'NONE',  ( 0.000000000000000000, 0.000000000000000000, -1.000000000000000000 ) ) ;
#1814 = ORIENTED_EDGE ( 'NONE', *, *, #543, .T. ) ;
#1815 = VECTOR ( 'NONE', #384, 1000.000000000000000 ) ;
#1816 = AXIS2_PLACEMENT_3D ( 'NONE', #477, #1172, #1209 ) ;
#1817 = ORIENTED_EDGE ( 'NONE', *, *, #898, .T. ) ;
#1818 = DIRECTION ( 'NONE',  ( -1.000000000000000000, 0.000000000000000000, -0.000000000000000000 ) ) ;
#1819 = DIRECTION ( 'NONE',  ( -0.000000000000000000, 1.000000000000000000, 0.000000000000000000 ) ) ;
#1820 = EDGE_CURVE ( 'NONE', #1603, #866, #704, .T. ) ;
#1821 = VECTOR ( 'NONE', #138, 1000.000000000000000 ) ;
#1822 = AXIS2_PLACEMENT_3D ( 'NONE', #837, #1242, #2316 ) ;
#1823 = EDGE_CURVE ( 'NONE', #2327, #1160, #512, .T. ) ;
#1824 = EDGE_CURVE ( 'NONE', #1489, #985, #782, .T. ) ;
#1825 = ORIENTED_EDGE ( 'NONE', *, *, #1016, .T. ) ;
#1826 = EDGE_CURVE ( 'NONE', #713, #489, #2012, .T. ) ;
#1827 = CARTESIAN_POINT ( 'NONE',  ( 11.99999999999999822, -0.7129993441056835524, -7.466031873445547085 ) ) ;
#1828 = EDGE_CURVE ( 'NONE', #713, #2356, #1545, .T. ) ;
#1829 = ORIENTED_EDGE ( 'NONE', *, *, #1884, .F. ) ;
#1830 = DIRECTION ( 'NONE',  ( 0.000000000000000000, 0.000000000000000000, 1.000000000000000000 ) ) ;
#1831 = CARTESIAN_POINT ( 'NONE',  ( 11.99999999999999822, -4.272308565095999988, -3.049488567712191678 ) ) ;
#1832 = ORIENTED_EDGE ( 'NONE', *, *, #1828, .T. ) ;
#1833 = EDGE_LOOP ( 'NONE', ( #106, #1964, #2255, #19 ) ) ;
#1834 = CARTESIAN_POINT ( 'NONE',  ( 0.000000000000000000, 5.484582574931810228, 5.115599083074662268 ) ) ;
#1835 = DIRECTION ( 'NONE',  ( 0.000000000000000000, 0.000000000000000000, 1.000000000000000000 ) ) ;
#1836 = ORIENTED_EDGE ( 'NONE', *, *, #1131, .F. ) ;
#1837 = DIRECTION ( 'NONE',  ( 0.000000000000000000, 0.4647231720437694502, -0.8854560256532094664 ) ) ;
#1838 = EDGE_CURVE ( 'NONE', #692, #2349, #1199, .T. ) ;
#1839 = DIRECTION ( 'NONE',  ( 0.000000000000000000, 0.000000000000000000, -1.000000000000000000 ) ) ;
#1840 = ORIENTED_EDGE ( 'NONE', *, *, #1365, .T. ) ;
#1841 = FACE_OUTER_BOUND ( 'NONE', #1073, .T. ) ;
#1842 = CYLINDRICAL_SURFACE ( 'NONE', #1843, 2.600000000000000089 ) ;
#1843 = AXIS2_PLACEMENT_3D ( 'NONE', #2191, #1970, #194 ) ;
#1844 = EDGE_LOOP ( 'NONE', ( #1031, #1593, #2125, #2093 ) ) ;
#1845 = CYLINDRICAL_SURFACE ( 'NONE', #2234, 4.000000000000000000 ) ;
#1846 = FACE_OUTER_BOUND ( 'NONE', #1844, .T. ) ;
#1847 = EDGE_CURVE ( 'NONE', #1680, #203, #2343, .T. ) ;
#1848 = VERTEX_POINT ( 'NONE', #838 ) ;
#1849 = DIRECTION ( 'NONE',  ( 0.000000000000000000, 0.000000000000000000, -1.000000000000000000 ) ) ;
#1850 = DIRECTION ( 'NONE',  ( 0.000000000000000000, 0.9927088740980543058, -0.1205366802553197586 ) ) ;
#1851 = AXIS2_PLACEMENT_3D ( 'NONE', #456, #1701, #1531 ) ;
#1852 = AXIS2_PLACEMENT_3D ( 'NONE', #547, #1477, #4 ) ;
#1853 = ORIENTED_EDGE ( 'NONE', *, *, #2070, .F. ) ;
#1854 = CARTESIAN_POINT ( 'NONE',  ( 11.99999999999999822, 0.3797985249671099184, -6.096182572081771056 ) ) ;
#1855 = EDGE_CURVE ( 'NONE', #1153, #874, #1240, .T. ) ;
#1856 = AXIS2_PLACEMENT_3D ( 'NONE', #817, #1197, #844 ) ;
#1857 = DIRECTION ( 'NONE',  ( -1.000000000000000000, 0.000000000000000000, -0.000000000000000000 ) ) ;
#1858 = CARTESIAN_POINT ( 'NONE',  ( 11.99999999999999822, 5.232810053259659533, 3.150458350498440474 ) ) ;
#1859 = DIRECTION ( 'NONE',  ( 0.000000000000000000, 0.000000000000000000, 1.000000000000000000 ) ) ;
#1860 = AXIS2_PLACEMENT_3D ( 'NONE', #18, #1317, #227 ) ;
#1861 = EDGE_LOOP ( 'NONE', ( #1452, #1044, #1657, #2157 ) ) ;
#1862 = DIRECTION ( 'NONE',  ( -1.000000000000000000, -0.000000000000000000, -0.000000000000000000 ) ) ;
#1863 = FACE_OUTER_BOUND ( 'NONE', #2235, .T. ) ;
#1864 = AXIS2_PLACEMENT_3D ( 'NONE', #2147, #872, #1407 ) ;
#1865 = VERTEX_POINT ( 'NONE', #657 ) ;
#1866 = CYLINDRICAL_SURFACE ( 'NONE', #875, 2.600000000000000089 ) ;
#1867 = EDGE_CURVE ( 'NONE', #1173, #1083, #319, .T. ) ;
#1868 = DIRECTION ( 'NONE',  ( 1.000000000000000000, 0.000000000000000000, 0.000000000000000000 ) ) ;
#1869 = DIRECTION ( 'NONE',  ( 1.000000000000000000, 0.000000000000000000, 0.000000000000000000 ) ) ;
#1870 = DIRECTION ( 'NONE',  ( -1.000000000000000000, -0.000000000000000000, -0.000000000000000000 ) ) ;
#1871 = ORIENTED_EDGE ( 'NONE', *, *, #466, .T. ) ;
#1872 = CARTESIAN_POINT ( 'NONE',  ( 11.99999999999999822, 5.232810053259659533, -3.150458350498440474 ) ) ;
#1873 = LINE ( 'NONE', #2029, #625 ) ;
#1874 = ORIENTED_EDGE ( 'NONE', *, *, #979, .F. ) ;
#1875 = CIRCLE ( 'NONE', #445, 4.000000000000000000 ) ;
#1876 = VECTOR ( 'NONE', #631, 1000.000000000000000 ) ;
#1877 = CARTESIAN_POINT ( 'NONE',  ( 11.99999999999999822, 2.512284471165352251, 4.608733853884538156 ) ) ;
#1878 = DIRECTION ( 'NONE',  ( 0.000000000000000000, -1.000000000000000000, 0.000000000000000000 ) ) ;
#1879 = CARTESIAN_POINT ( 'NONE',  ( 0.000000000000000000, -2.365773362115649814, -4.685628815762513888 ) ) ;
#1880 = LINE ( 'NONE', #198, #1729 ) ;
#1881 = VERTEX_POINT ( 'NONE', #1364 ) ;
#1882 = CARTESIAN_POINT ( 'NONE',  ( 11.99999999999999822, -4.801309747471144362, 3.775594467174579361 ) ) ;
#1883 = DIRECTION ( 'NONE',  ( 0.000000000000000000, 0.000000000000000000, -1.000000000000000000 ) ) ;
#1884 = EDGE_CURVE ( 'NONE', #379, #142, #589, .T. ) ;
#1885 = ORIENTED_EDGE ( 'NONE', *, *, #1504, .T. ) ;
#1886 = EDGE_CURVE ( 'NONE', #1239, #712, #900, .T. ) ;
#1887 = CIRCLE ( 'NONE', #1538, 7.499999999999998224 ) ;
#1888 = FACE_OUTER_BOUND ( 'NONE', #2000, .T. ) ;
#1889 = ORIENTED_EDGE ( 'NONE', *, *, #45, .F. ) ;
#1890 = DIRECTION ( 'NONE',  ( -1.000000000000000000, 0.000000000000000000, 0.000000000000000000 ) ) ;
#1891 = CARTESIAN_POINT ( 'NONE',  ( 11.99999999999999822, -4.417207229927632817, 6.061211123849346016 ) ) ;
#1892 = ORIENTED_EDGE ( 'NONE', *, *, #1365, .F. ) ;
#1893 = CARTESIAN_POINT ( 'NONE',  ( 0.000000000000000000, -6.005954884062090215, 3.711842975573189207 ) ) ;
#1894 = DIRECTION ( 'NONE',  ( -1.000000000000000000, 0.000000000000000000, 0.000000000000000000 ) ) ;
#1895 = EDGE_CURVE ( 'NONE', #655, #1065, #146, .T. ) ;
#1896 = ORIENTED_EDGE ( 'NONE', *, *, #1649, .F. ) ;
#1897 = CIRCLE ( 'NONE', #1743, 2.600000000000000533 ) ;
#1898 = ADVANCED_FACE ( 'NONE', ( #1952 ), #1087, .T. ) ;
#1899 = DIRECTION ( 'NONE',  ( 0.000000000000000000, -0.4647231720437572933, -0.8854560256532157947 ) ) ;
#1900 = DIRECTION ( 'NONE',  ( -1.000000000000000000, -0.000000000000000000, -0.000000000000000000 ) ) ;
#1901 = DIRECTION ( 'NONE',  ( 0.000000000000000000, 0.000000000000000000, 1.000000000000000000 ) ) ;
#1902 = ORIENTED_EDGE ( 'NONE', *, *, #829, .T. ) ;
#1903 = CYLINDRICAL_SURFACE ( 'NONE', #102, 5.249000000000000554 ) ;
#1904 = CARTESIAN_POINT ( 'NONE',  ( 0.000000000000000000, -6.005954884062074228, -1.111842975573273273 ) ) ;
#1905 = ORIENTED_EDGE ( 'NONE', *, *, #397, .F. ) ;
#1906 = DIRECTION ( 'NONE',  ( 0.000000000000000000, 0.000000000000000000, 1.000000000000000000 ) ) ;
#1907 = VECTOR ( 'NONE', #597, 1000.000000000000000 ) ;
#1908 = UNCERTAINTY_MEASURE_WITH_UNIT (LENGTH_MEASURE( 1.000000000000000082E-05 ), #1200, 'distance_accuracy_value', 'NONE');
#1909 = DIRECTION ( 'NONE',  ( 1.000000000000000000, 0.000000000000000000, 0.000000000000000000 ) ) ;
#1910 = DIRECTION ( 'NONE',  ( -1.000000000000000000, -0.000000000000000000, 0.000000000000000000 ) ) ;
#1911 = CYLINDRICAL_SURFACE ( 'NONE', #1851, 5.249000000000000554 ) ;
#1912 = ORIENTED_EDGE ( 'NONE', *, *, #1206, .F. ) ;
#1913 = CARTESIAN_POINT ( 'NONE',  ( 11.99999999999999822, 0.3797985249670227659, 6.096182572081777273 ) ) ;
#1914 = DIRECTION ( 'NONE',  ( 0.000000000000000000, 0.000000000000000000, 1.000000000000000000 ) ) ;
#1915 = CIRCLE ( 'NONE', #651, 2.600000000000000089 ) ;
#1916 = VERTEX_POINT ( 'NONE', #2317 ) ;
#1917 = LINE ( 'NONE', #2250, #1399 ) ;
#1918 = AXIS2_PLACEMENT_3D ( 'NONE', #1056, #1980, #1425 ) ;
#1919 = EDGE_CURVE ( 'NONE', #21, #1027, #1960, .T. ) ;
#1920 =( NAMED_UNIT ( * ) PLANE_ANGLE_UNIT ( ) SI_UNIT ( $, .RADIAN. ) );
#1921 = DIRECTION ( 'NONE',  ( -1.000000000000000000, -0.000000000000000000, -0.000000000000000000 ) ) ;
#1922 = LINE ( 'NONE', #2069, #2142 ) ;
#1923 = EDGE_CURVE ( 'NONE', #26, #2171, #967, .T. ) ;
#1924 = CIRCLE ( 'NONE', #273, 2.600000000000000089 ) ;
#1925 = ORIENTED_EDGE ( 'NONE', *, *, #468, .F. ) ;
#1926 = DIRECTION ( 'NONE',  ( 0.000000000000000000, 0.000000000000000000, 1.000000000000000000 ) ) ;
#1927 = CARTESIAN_POINT ( 'NONE',  ( 20.00000000000000000, 4.898587196589412829E-16, -4.000000000000000000 ) ) ;
#1928 = APPLICATION_CONTEXT ( 'automotive_design' ) ;
#1929 = ORIENTED_EDGE ( 'NONE', *, *, #1751, .F. ) ;
#1930 = VECTOR ( 'NONE', #1719, 1000.000000000000000 ) ;
#1931 = VECTOR ( 'NONE', #1894, 1000.000000000000000 ) ;
#1932 = ORIENTED_EDGE ( 'NONE', *, *, #1955, .T. ) ;
#1933 = CYLINDRICAL_SURFACE ( 'NONE', #1856, 2.600000000000000089 ) ;
#1934 = AXIS2_PLACEMENT_3D ( 'NONE', #1539, #1003, #1730 ) ;
#1935 = AXIS2_PLACEMENT_3D ( 'NONE', #883, #546, #1277 ) ;
#1936 = CARTESIAN_POINT ( 'NONE',  ( 12.00000000000000000, 0.000000000000000000, 0.000000000000000000 ) ) ;
#1937 = DIRECTION ( 'NONE',  ( 0.000000000000000000, 0.000000000000000000, 1.000000000000000000 ) ) ;
#1938 = LINE ( 'NONE', #1542, #502 ) ;
#1939 = EDGE_CURVE ( 'NONE', #2051, #928, #2351, .T. ) ;
#1940 = VERTEX_POINT ( 'NONE', #1783 ) ;
#1941 = DIRECTION ( 'NONE',  ( -1.000000000000000000, 0.000000000000000000, -0.000000000000000000 ) ) ;
#1942 = CARTESIAN_POINT ( 'NONE',  ( -2.899999999999999911, 0.000000000000000000, 0.000000000000000000 ) ) ;
#1943 = ORIENTED_EDGE ( 'NONE', *, *, #1601, .F. ) ;
#1944 = AXIS2_PLACEMENT_3D ( 'NONE', #231, #2066, #955 ) ;
#1945 = VERTEX_POINT ( 'NONE', #1615 ) ;
#1946 = FACE_OUTER_BOUND ( 'NONE', #1634, .T. ) ;
#1947 = CARTESIAN_POINT ( 'NONE',  ( 12.00000000000000000, 4.898587196589412829E-16, -4.000000000000000000 ) ) ;
#1948 = CARTESIAN_POINT ( 'NONE',  ( 0.000000000000000000, 6.097514190792873379, -0.3577842433649591203 ) ) ;
#1949 = VECTOR ( 'NONE', #403, 1000.000000000000000 ) ;
#1950 = ORIENTED_EDGE ( 'NONE', *, *, #314, .T. ) ;
#1951 = DIRECTION ( 'NONE',  ( 0.000000000000000000, 0.000000000000000000, -1.000000000000000000 ) ) ;
#1952 = FACE_OUTER_BOUND ( 'NONE', #2075, .T. ) ;
#1953 = ORIENTED_EDGE ( 'NONE', *, *, #2053, .F. ) ;
#1954 = AXIS2_PLACEMENT_3D ( 'NONE', #1948, #1552, #1371 ) ;
#1955 = EDGE_CURVE ( 'NONE', #1069, #682, #815, .T. ) ;
#1956 = ORIENTED_EDGE ( 'NONE', *, *, #829, .F. ) ;
#1957 = LINE ( 'NONE', #2190, #282 ) ;
#1958 = LINE ( 'NONE', #312, #1380 ) ;
#1959 = ORIENTED_EDGE ( 'NONE', *, *, #723, .F. ) ;
#1960 = CIRCLE ( 'NONE', #854, 2.600000000000000089 ) ;
#1961 = ORIENTED_EDGE ( 'NONE', *, *, #885, .F. ) ;
#1962 = DIRECTION ( 'NONE',  ( -1.000000000000000000, 0.000000000000000000, -0.000000000000000000 ) ) ;
#1963 = DIRECTION ( 'NONE',  ( 0.000000000000000000, 0.000000000000000000, -1.000000000000000000 ) ) ;
#1964 = ORIENTED_EDGE ( 'NONE', *, *, #1992, .F. ) ;
#1965 = EDGE_CURVE ( 'NONE', #142, #1492, #2185, .T. ) ;
#1966 = AXIS2_PLACEMENT_3D ( 'NONE', #2209, #1453, #380 ) ;
#1967 = ORIENTED_EDGE ( 'NONE', *, *, #296, .F. ) ;
#1968 = CIRCLE ( 'NONE', #940, 7.500000000000000000 ) ;
#1969 = FACE_OUTER_BOUND ( 'NONE', #2007, .T. ) ;
#1970 = DIRECTION ( 'NONE',  ( -1.000000000000000000, 0.000000000000000000, -0.000000000000000000 ) ) ;
#1971 = VECTOR ( 'NONE', #2215, 1000.000000000000000 ) ;
#1972 = ORIENTED_EDGE ( 'NONE', *, *, #1290, .T. ) ;
#1973 = DIRECTION ( 'NONE',  ( -1.000000000000000000, -0.000000000000000000, 0.000000000000000000 ) ) ;
#1974 = CARTESIAN_POINT ( 'NONE',  ( 20.00000000000000000, 0.000000000000000000, 0.000000000000000000 ) ) ;
#1975 = ORIENTED_EDGE ( 'NONE', *, *, #977, .T. ) ;
#1976 = ORIENTED_EDGE ( 'NONE', *, *, #1820, .F. ) ;
#1977 = EDGE_CURVE ( 'NONE', #928, #2051, #1156, .T. ) ;
#1978 = CARTESIAN_POINT ( 'NONE',  ( 0.000000000000000000, -1.827674251943160355, -5.828146849600199353 ) ) ;
#1979 = CARTESIAN_POINT ( 'NONE',  ( 5.999999999999999112, 2.838308449282338497, -6.942190226919201734 ) ) ;
#1980 = DIRECTION ( 'NONE',  ( -1.000000000000000000, -0.000000000000000000, 0.000000000000000000 ) ) ;
#1981 = VERTEX_POINT ( 'NONE', #1986 ) ;
#1982 = AXIS2_PLACEMENT_3D ( 'NONE', #579, #217, #1520 ) ;
#1983 = AXIS2_PLACEMENT_3D ( 'NONE', #361, #1095, #1830 ) ;
#1984 = ORIENTED_EDGE ( 'NONE', *, *, #1118, .T. ) ;
#1985 = CARTESIAN_POINT ( 'NONE',  ( 0.000000000000000000, 0.08273200746569350783, -5.248347970070267543 ) ) ;
#1986 = CARTESIAN_POINT ( 'NONE',  ( 0.000000000000000000, 4.366302838831117583, -2.913314353037674831 ) ) ;
#1987 = VECTOR ( 'NONE', #226, 1000.000000000000000 ) ;
#1988 = VERTEX_POINT ( 'NONE', #1794 ) ;
#1989 = DIRECTION ( 'NONE',  ( -1.000000000000000000, 0.000000000000000000, 0.000000000000000000 ) ) ;
#1990 = ORIENTED_EDGE ( 'NONE', *, *, #295, .F. ) ;
#1991 = CIRCLE ( 'NONE', #1954, 2.599999999999999645 ) ;
#1992 = EDGE_CURVE ( 'NONE', #989, #1023, #310, .T. ) ;
#1993 = CARTESIAN_POINT ( 'NONE',  ( 11.99999999999999822, 2.838308449282239465, 6.942190226919241702 ) ) ;
#1994 = CARTESIAN_POINT ( 'NONE',  ( 0.000000000000000000, -5.834708136317056315, -1.806618342571628899 ) ) ;
#1995 = DIRECTION ( 'NONE',  ( -1.000000000000000000, 0.000000000000000000, 0.000000000000000000 ) ) ;
#1996 = ORIENTED_EDGE ( 'NONE', *, *, #2137, .T. ) ;
#1997 = ADVANCED_FACE ( 'NONE', ( #317 ), #1642, .T. ) ;
#1998 = EDGE_CURVE ( 'NONE', #448, #1940, #1772, .T. ) ;
#1999 = AXIS2_PLACEMENT_3D ( 'NONE', #2288, #1349, #266 ) ;
#2000 = EDGE_LOOP ( 'NONE', ( #2082, #605, #2019, #75 ) ) ;
#2001 = DIRECTION ( 'NONE',  ( -1.000000000000000000, 0.000000000000000000, -0.000000000000000000 ) ) ;
#2002 = DIRECTION ( 'NONE',  ( 1.000000000000000000, 0.000000000000000000, 0.000000000000000000 ) ) ;
#2003 = EDGE_CURVE ( 'NONE', #66, #176, #1075, .T. ) ;
#2004 = AXIS2_PLACEMENT_3D ( 'NONE', #2326, #691, #1429 ) ;
#2005 = ORIENTED_EDGE ( 'NONE', *, *, #1855, .T. ) ;
#2006 = CARTESIAN_POINT ( 'NONE',  ( 5.999999999999998224, 5.739393982264608063, -4.827976461867309332 ) ) ;
#2007 = EDGE_LOOP ( 'NONE', ( #888, #1102, #392, #733 ) ) ;
#2008 = VECTOR ( 'NONE', #1424, 1000.000000000000000 ) ;
#2009 = CARTESIAN_POINT ( 'NONE',  ( 11.99999999999999822, 4.877953425118569442, 1.938445609857035068 ) ) ;
#2010 = DIRECTION ( 'NONE',  ( 0.000000000000000000, 0.000000000000000000, 1.000000000000000000 ) ) ;
#2011 = ORIENTED_EDGE ( 'NONE', *, *, #1166, .F. ) ;
#2012 = CIRCLE ( 'NONE', #280, 2.600000000000000089 ) ;
#2013 = ORIENTED_EDGE ( 'NONE', *, *, #2206, .T. ) ;
#2014 = CARTESIAN_POINT ( 'NONE',  ( 12.00000000000000000, 0.000000000000000000, 4.000000000000000000 ) ) ;
#2015 = DIRECTION ( 'NONE',  ( -1.000000000000000000, 0.000000000000000000, 0.000000000000000000 ) ) ;
#2016 = ORIENTED_EDGE ( 'NONE', *, *, #2003, .F. ) ;
#2017 = CARTESIAN_POINT ( 'NONE',  ( 11.99999999999999822, 5.484582574931812005, 5.115599083074662268 ) ) ;
#2018 = DIRECTION ( 'NONE',  ( 1.000000000000000000, 0.000000000000000000, 0.000000000000000000 ) ) ;
#2019 = ORIENTED_EDGE ( 'NONE', *, *, #2222, .F. ) ;
#2020 = EDGE_CURVE ( 'NONE', #545, #2051, #1267, .T. ) ;
#2021 = CARTESIAN_POINT ( 'NONE',  ( 12.00000000000000000, 0.000000000000000000, 0.000000000000000000 ) ) ;
#2022 = DIRECTION ( 'NONE',  ( 1.000000000000000000, -0.000000000000000000, 0.000000000000000000 ) ) ;
#2023 = ORIENTED_EDGE ( 'NONE', *, *, #1955, .F. ) ;
#2024 = ORIENTED_EDGE ( 'NONE', *, *, #290, .T. ) ;
#2025 = FACE_OUTER_BOUND ( 'NONE', #2058, .T. ) ;
#2026 = CARTESIAN_POINT ( 'NONE',  ( 0.000000000000000000, 0.000000000000000000, 0.000000000000000000 ) ) ;
#2027 = VERTEX_POINT ( 'NONE', #353 ) ;
#2028 = LINE ( 'NONE', #344, #204 ) ;
#2029 = CARTESIAN_POINT ( 'NONE',  ( 11.99999999999999822, 3.418372660479925607, -3.983306334451744757 ) ) ;
#2030 = EDGE_CURVE ( 'NONE', #1281, #1210, #863, .T. ) ;
#2031 = ORIENTED_EDGE ( 'NONE', *, *, #2041, .T. ) ;
#2032 = CARTESIAN_POINT ( 'NONE',  ( 11.99999999999999822, 3.418372660479867875, 3.983306334451794051 ) ) ;
#2033 = DIRECTION ( 'NONE',  ( -1.000000000000000000, 0.000000000000000000, 0.000000000000000000 ) ) ;
#2034 = CARTESIAN_POINT ( 'NONE',  ( 0.000000000000000000, 5.484582574931883059, -5.115599083074584108 ) ) ;
#2035 = DIRECTION ( 'NONE',  ( 0.000000000000000000, 0.2393156642875516049, 0.9709418174260535661 ) ) ;
#2036 = ORIENTED_EDGE ( 'NONE', *, *, #1647, .T. ) ;
#2037 = DIRECTION ( 'NONE',  ( -1.000000000000000000, -0.000000000000000000, -0.000000000000000000 ) ) ;
#2038 = DIRECTION ( 'NONE',  ( 0.000000000000000000, 0.000000000000000000, -1.000000000000000000 ) ) ;
#2039 = AXIS2_PLACEMENT_3D ( 'NONE', #2313, #338, #870 ) ;
#2040 = ORIENTED_EDGE ( 'NONE', *, *, #221, .T. ) ;
#2041 = EDGE_CURVE ( 'NONE', #1065, #1449, #417, .T. ) ;
#2042 = CARTESIAN_POINT ( 'NONE',  ( 5.999999999999998224, -0.7129993441057881354, 7.466031873445537315 ) ) ;
#2043 = ORIENTED_EDGE ( 'NONE', *, *, #228, .F. ) ;
#2044 = DIRECTION ( 'NONE',  ( 1.000000000000000000, 0.000000000000000000, 0.000000000000000000 ) ) ;
#2045 = CARTESIAN_POINT ( 'NONE',  ( 0.000000000000000000, 0.000000000000000000, 0.000000000000000000 ) ) ;
#2046 = CIRCLE ( 'NONE', #1438, 2.600000000000000533 ) ;
#2047 = VERTEX_POINT ( 'NONE', #2148 ) ;
#2048 = FACE_OUTER_BOUND ( 'NONE', #1252, .T. ) ;
#2049 = CARTESIAN_POINT ( 'NONE',  ( 0.000000000000000000, 3.418372660479867875, 3.983306334451794051 ) ) ;
#2050 = AXIS2_PLACEMENT_3D ( 'NONE', #1476, #533, #895 ) ;
#2051 = VERTEX_POINT ( 'NONE', #1060 ) ;
#2052 = CARTESIAN_POINT ( 'NONE',  ( -10.00000000000000000, 0.000000000000000000, 0.000000000000000000 ) ) ;
#2053 = EDGE_CURVE ( 'NONE', #1865, #989, #118, .T. ) ;
#2054 = CARTESIAN_POINT ( 'NONE',  ( 27.00000000000000000, 2.828427124746189847, -2.828427124746189847 ) ) ;
#2055 = LINE ( 'NONE', #128, #2104 ) ;
#2056 = CARTESIAN_POINT ( 'NONE',  ( 11.99999999999999822, -6.005954884062090215, 1.111842975573189563 ) ) ;
#2057 = EDGE_CURVE ( 'NONE', #1808, #1196, #1042, .T. ) ;
#2058 = EDGE_LOOP ( 'NONE', ( #764, #2128, #326, #1714 ) ) ;
#2059 = CARTESIAN_POINT ( 'NONE',  ( 11.99999999999999822, 4.366302838831117583, -2.913314353037674831 ) ) ;
#2060 = DIRECTION ( 'NONE',  ( -1.000000000000000000, -0.000000000000000000, 0.000000000000000000 ) ) ;
#2061 = ORIENTED_EDGE ( 'NONE', *, *, #491, .T. ) ;
#2062 = AXIS2_PLACEMENT_3D ( 'NONE', #293, #2304, #2325 ) ;
#2063 = ADVANCED_BREP_SHAPE_REPRESENTATION ( 'spur gear_drive', ( #159, #852 ), #1155 ) ;
#2064 = DIRECTION ( 'NONE',  ( -1.000000000000000000, -0.000000000000000000, 0.000000000000000000 ) ) ;
#2065 = ADVANCED_FACE ( 'NONE', ( #15 ), #2184, .T. ) ;
#2066 = DIRECTION ( 'NONE',  ( -1.000000000000000000, 0.000000000000000000, -0.000000000000000000 ) ) ;
#2067 = ADVANCED_FACE ( 'NONE', ( #220 ), #1302, .T. ) ;
#2068 = DIRECTION ( 'NONE',  ( 0.000000000000000000, 0.4647231720437694502, -0.8854560256532094664 ) ) ;
#2069 = CARTESIAN_POINT ( 'NONE',  ( 5.999999999999999112, 5.739393982264541449, 4.827976461867389268 ) ) ;
#2070 = EDGE_CURVE ( 'NONE', #2189, #1560, #1887, .T. ) ;
#2071 = EDGE_LOOP ( 'NONE', ( #1703, #1569, #1135, #34 ) ) ;
#2072 = CARTESIAN_POINT ( 'NONE',  ( 11.99999999999999822, 5.232810053259659533, -3.150458350498440474 ) ) ;
#2073 = DIRECTION ( 'NONE',  ( -1.000000000000000000, -0.000000000000000000, -0.000000000000000000 ) ) ;
#2074 = ADVANCED_FACE ( 'NONE', ( #1147 ), #947, .T. ) ;
#2075 = EDGE_LOOP ( 'NONE', ( #757, #1583, #1990, #630 ) ) ;
#2076 = AXIS2_PLACEMENT_3D ( 'NONE', #1040, #2337, #499 ) ;
#2077 = CARTESIAN_POINT ( 'NONE',  ( 11.99999999999999822, 0.000000000000000000, 0.000000000000000000 ) ) ;
#2078 = DIRECTION ( 'NONE',  ( -1.000000000000000000, -0.000000000000000000, -0.000000000000000000 ) ) ;
#2079 = CARTESIAN_POINT ( 'NONE',  ( 0.000000000000000000, -6.549453565922358500, -3.654402548683829632 ) ) ;
#2080 = CARTESIAN_POINT ( 'NONE',  ( 0.000000000000000000, 0.000000000000000000, 0.000000000000000000 ) ) ;
#2081 = AXIS2_PLACEMENT_3D ( 'NONE', #7, #369, #201 ) ;
#2082 = ORIENTED_EDGE ( 'NONE', *, *, #811, .T. ) ;
#2083 = CARTESIAN_POINT ( 'NONE',  ( 11.99999999999999822, 5.232810053259659533, -3.150458350498440474 ) ) ;
#2084 = CARTESIAN_POINT ( 'NONE',  ( 0.000000000000000000, 1.175683915181686690, -5.115639581868827612 ) ) ;
#2085 = ORIENTED_EDGE ( 'NONE', *, *, #1401, .F. ) ;
#2086 = DIRECTION ( 'NONE',  ( -1.000000000000000000, 0.000000000000000000, 0.000000000000000000 ) ) ;
#2087 = EDGE_CURVE ( 'NONE', #1810, #1803, #504, .T. ) ;
#2088 = DIRECTION ( 'NONE',  ( -1.000000000000000000, -0.000000000000000000, -0.000000000000000000 ) ) ;
#2089 = CARTESIAN_POINT ( 'NONE',  ( 0.000000000000000000, -1.827674251943241845, 5.828146849600174484 ) ) ;
#2090 = ORIENTED_EDGE ( 'NONE', *, *, #158, .T. ) ;
#2091 = CARTESIAN_POINT ( 'NONE',  ( 0.000000000000000000, 7.233694121956649070, -1.980825421376096962 ) ) ;
#2092 = DIRECTION ( 'NONE',  ( 0.000000000000000000, -0.6631226582408016323, 0.7485107481710954191 ) ) ;
#2093 = ORIENTED_EDGE ( 'NONE', *, *, #295, .T. ) ;
#2094 = EDGE_CURVE ( 'NONE', #2140, #738, #1270, .T. ) ;
#2095 = CARTESIAN_POINT ( 'NONE',  ( 5.999999999999999112, -4.417207229927547552, -6.061211123849406412 ) ) ;
#2096 = AXIS2_PLACEMENT_3D ( 'NONE', #1872, #1340, #801 ) ;
#2097 = EDGE_CURVE ( 'NONE', #596, #2315, #1079, .T. ) ;
#2098 = DIRECTION ( 'NONE',  ( 0.000000000000000000, 0.000000000000000000, 1.000000000000000000 ) ) ;
#2099 = DIRECTION ( 'NONE',  ( -1.000000000000000000, -0.000000000000000000, 0.000000000000000000 ) ) ;
#2100 = CARTESIAN_POINT ( 'NONE',  ( 11.99999999999999822, -3.542224254091498992, 3.873583397027346553 ) ) ;
#2101 = ORIENTED_EDGE ( 'NONE', *, *, #1895, .T. ) ;
#2102 = FACE_OUTER_BOUND ( 'NONE', #1833, .T. ) ;
#2103 = DIRECTION ( 'NONE',  ( -1.000000000000000000, 0.000000000000000000, -0.000000000000000000 ) ) ;
#2104 = VECTOR ( 'NONE', #1047, 1000.000000000000000 ) ;
#2105 = EDGE_LOOP ( 'NONE', ( #515, #1500, #2192, #1608 ) ) ;
#2106 = VERTEX_POINT ( 'NONE', #1678 ) ;
#2107 = CARTESIAN_POINT ( 'NONE',  ( 0.000000000000000000, -1.336339846557563993, -5.076041451219889034 ) ) ;
#2108 = EDGE_CURVE ( 'NONE', #2276, #2169, #385, .T. ) ;
#2109 = DIRECTION ( 'NONE',  ( -1.000000000000000000, 0.000000000000000000, -0.000000000000000000 ) ) ;
#2110 = DIRECTION ( 'NONE',  ( 0.000000000000000000, 0.000000000000000000, 1.000000000000000000 ) ) ;
#2111 = AXIS2_PLACEMENT_3D ( 'NONE', #1611, #1651, #2179 ) ;
#2112 = ORIENTED_EDGE ( 'NONE', *, *, #1261, .F. ) ;
#2113 = LINE ( 'NONE', #486, #126 ) ;
#2114 = DIRECTION ( 'NONE',  ( 0.000000000000000000, 0.000000000000000000, 1.000000000000000000 ) ) ;
#2115 = ORIENTED_EDGE ( 'NONE', *, *, #2299, .F. ) ;
#2116 = CIRCLE ( 'NONE', #474, 5.249000000000000554 ) ;
#2117 = VECTOR ( 'NONE', #776, 1000.000000000000000 ) ;
#2118 = ORIENTED_EDGE ( 'NONE', *, *, #1572, .F. ) ;
#2119 = CARTESIAN_POINT ( 'NONE',  ( 23.31370849898476294, 4.898587196589412829E-16, -4.000000000000000000 ) ) ;
#2120 = VECTOR ( 'NONE', #1890, 1000.000000000000000 ) ;
#2121 = DIRECTION ( 'NONE',  ( 0.000000000000000000, 0.000000000000000000, 1.000000000000000000 ) ) ;
#2122 = DIRECTION ( 'NONE',  ( 0.000000000000000000, 0.000000000000000000, 1.000000000000000000 ) ) ;
#2123 = CARTESIAN_POINT ( 'NONE',  ( 11.99999999999999822, 6.097514190792873379, -0.3577842433649591203 ) ) ;
#2124 = EDGE_CURVE ( 'NONE', #1556, #910, #1345, .T. ) ;
#2125 = ORIENTED_EDGE ( 'NONE', *, *, #228, .T. ) ;
#2126 = DIRECTION ( 'NONE',  ( -1.000000000000000000, -0.000000000000000000, -0.000000000000000000 ) ) ;
#2127 = DIRECTION ( 'NONE',  ( 1.000000000000000000, 0.000000000000000000, 0.000000000000000000 ) ) ;
#2128 = ORIENTED_EDGE ( 'NONE', *, *, #620, .T. ) ;
#2129 = EDGE_LOOP ( 'NONE', ( #2335, #211, #1207, #1093 ) ) ;
#2130 = DIRECTION ( 'NONE',  ( -1.000000000000000000, -0.000000000000000000, -0.000000000000000000 ) ) ;
#2131 = PLANE ( 'NONE',  #953 ) ;
#2132 = CARTESIAN_POINT ( 'NONE',  ( 11.99999999999999822, 0.000000000000000000, 0.000000000000000000 ) ) ;
#2133 = EDGE_CURVE ( 'NONE', #2349, #1654, #114, .T. ) ;
#2134 = EDGE_LOOP ( 'NONE', ( #880, #754, #995, #901 ) ) ;
#2135 = DIRECTION ( 'NONE',  ( 0.000000000000000000, 0.4647231720437696167, -0.8854560256532093554 ) ) ;
#2136 = CARTESIAN_POINT ( 'NONE',  ( 20.00000000000000000, 2.828427124746189847, 2.828427124746189847 ) ) ;
#2137 = EDGE_CURVE ( 'NONE', #738, #2360, #308, .T. ) ;
#2138 = ORIENTED_EDGE ( 'NONE', *, *, #147, .T. ) ;
#2139 = AXIS2_PLACEMENT_3D ( 'NONE', #1472, #152, #1458 ) ;
#2140 = VERTEX_POINT ( 'NONE', #1112 ) ;
#2141 = DIRECTION ( 'NONE',  ( 0.000000000000000000, 0.000000000000000000, -1.000000000000000000 ) ) ;
#2142 = VECTOR ( 'NONE', #1159, 1000.000000000000000 ) ;
#2143 = CYLINDRICAL_SURFACE ( 'NONE', #1702, 2.600000000000000089 ) ;
#2144 = ORIENTED_EDGE ( 'NONE', *, *, #1895, .F. ) ;
#2145 = AXIS2_PLACEMENT_3D ( 'NONE', #1451, #2002, #1278 ) ;
#2146 = ORIENTED_EDGE ( 'NONE', *, *, #96, .T. ) ;
#2147 = CARTESIAN_POINT ( 'NONE',  ( 11.99999999999999822, 0.000000000000000000, 0.000000000000000000 ) ) ;
#2148 = CARTESIAN_POINT ( 'NONE',  ( 0.000000000000000000, 7.233694121956620648, 1.980825421376196882 ) ) ;
#2149 = ORIENTED_EDGE ( 'NONE', *, *, #1045, .F. ) ;
#2150 = ADVANCED_FACE ( 'NONE', ( #1846 ), #740, .T. ) ;
#2151 = AXIS2_PLACEMENT_3D ( 'NONE', #1103, #1078, #2176 ) ;
#2152 = ADVANCED_FACE ( 'NONE', ( #2205 ), #1329, .T. ) ;
#2153 = ORIENTED_EDGE ( 'NONE', *, *, #1113, .F. ) ;
#2154 = FACE_OUTER_BOUND ( 'NONE', #968, .T. ) ;
#2155 = DIRECTION ( 'NONE',  ( 0.000000000000000000, 0.9350162426854132791, 0.3546048870425396182 ) ) ;
#2156 = ORIENTED_EDGE ( 'NONE', *, *, #38, .T. ) ;
#2157 = ORIENTED_EDGE ( 'NONE', *, *, #1382, .T. ) ;
#2158 = FACE_OUTER_BOUND ( 'NONE', #746, .T. ) ;
#2159 = DIRECTION ( 'NONE',  ( 1.000000000000000000, 0.000000000000000000, 0.000000000000000000 ) ) ;
#2160 = ORIENTED_EDGE ( 'NONE', *, *, #683, .T. ) ;
#2161 = EDGE_CURVE ( 'NONE', #1239, #1865, #1880, .T. ) ;
#2162 = ORIENTED_EDGE ( 'NONE', *, *, #1308, .T. ) ;
#2163 = EDGE_CURVE ( 'NONE', #1492, #1792, #1190, .T. ) ;
#2164 = ADVANCED_FACE ( 'NONE', ( #184 ), #922, .T. ) ;
#2165 = ADVANCED_FACE ( 'NONE', ( #570 ), #1553, .T. ) ;
#2166 = DIRECTION ( 'NONE',  ( 0.000000000000000000, 0.000000000000000000, 1.000000000000000000 ) ) ;
#2167 = FACE_OUTER_BOUND ( 'NONE', #480, .T. ) ;
#2168 = CARTESIAN_POINT ( 'NONE',  ( 0.000000000000000000, 6.097514190792869826, 0.3577842433650432752 ) ) ;
#2169 = VERTEX_POINT ( 'NONE', #1891 ) ;
#2170 = CIRCLE ( 'NONE', #331, 2.600000000000000089 ) ;
#2171 = VERTEX_POINT ( 'NONE', #835 ) ;
#2172 = DIRECTION ( 'NONE',  ( -1.000000000000000000, -0.000000000000000000, 0.000000000000000000 ) ) ;
#2173 = DIRECTION ( 'NONE',  ( 0.000000000000000000, 0.000000000000000000, -1.000000000000000000 ) ) ;
#2174 = AXIS2_PLACEMENT_3D ( 'NONE', #1704, #1584, #1926 ) ;
#2175 = ORIENTED_EDGE ( 'NONE', *, *, #1965, .T. ) ;
#2176 = DIRECTION ( 'NONE',  ( 0.000000000000000000, 0.000000000000000000, -1.000000000000000000 ) ) ;
#2177 = ORIENTED_EDGE ( 'NONE', *, *, #42, .F. ) ;
#2178 = CARTESIAN_POINT ( 'NONE',  ( 11.99999999999999822, -7.497538669031040826, 0.1921299205856221437 ) ) ;
#2179 = DIRECTION ( 'NONE',  ( 0.000000000000000000, 0.000000000000000000, -1.000000000000000000 ) ) ;
#2180 = ORIENTED_EDGE ( 'NONE', *, *, #2108, .F. ) ;
#2181 = PRODUCT_DEFINITION_FORMATION_WITH_SPECIFIED_SOURCE ( 'ANY', '', #2202, .NOT_KNOWN. ) ;
#2182 = ORIENTED_EDGE ( 'NONE', *, *, #1823, .T. ) ;
#2183 = CARTESIAN_POINT ( 'NONE',  ( 11.99999999999999822, -6.549453565922410903, 3.654402548683738150 ) ) ;
#2184 = CYLINDRICAL_SURFACE ( 'NONE', #2296, 4.000000000000000000 ) ;
#2185 = CIRCLE ( 'NONE', #1271, 7.500000000000000000 ) ;
#2186 = ORIENTED_EDGE ( 'NONE', *, *, #647, .F. ) ;
#2187 = DIRECTION ( 'NONE',  ( -1.000000000000000000, 0.000000000000000000, -0.000000000000000000 ) ) ;
#2188 = ADVANCED_FACE ( 'NONE', ( #637 ), #1911, .T. ) ;
#2189 = VERTEX_POINT ( 'NONE', #1722 ) ;
#2190 = CARTESIAN_POINT ( 'NONE',  ( 11.99999999999999822, -4.936627773442891609, 1.783734068316316090 ) ) ;
#2191 = CARTESIAN_POINT ( 'NONE',  ( 11.99999999999999822, 0.3797985249671099184, -6.096182572081771056 ) ) ;
#2192 = ORIENTED_EDGE ( 'NONE', *, *, #1635, .T. ) ;
#2193 = EDGE_LOOP ( 'NONE', ( #1058, #321, #2347, #1233 ) ) ;
#2194 = AXIS2_PLACEMENT_3D ( 'NONE', #145, #2172, #739 ) ;
#2195 = CARTESIAN_POINT ( 'NONE',  ( 11.99999999999999822, 7.325653521105575550, -1.607731472825441932 ) ) ;
#2196 = DIRECTION ( 'NONE',  ( -1.000000000000000000, 0.000000000000000000, 0.000000000000000000 ) ) ;
#2197 = ORIENTED_EDGE ( 'NONE', *, *, #2222, .T. ) ;
#2198 = CYLINDRICAL_SURFACE ( 'NONE', #1777, 5.249000000000000554 ) ;
#2199 = DIRECTION ( 'NONE',  ( -1.000000000000000000, 0.000000000000000000, -0.000000000000000000 ) ) ;
#2200 = ORIENTED_EDGE ( 'NONE', *, *, #828, .T. ) ;
#2201 = CYLINDRICAL_SURFACE ( 'NONE', #1178, 2.600000000000000089 ) ;
#2202 = PRODUCT ( 'spur gear_drive', 'spur gear_drive', '', ( #494 ) ) ;
#2203 = CYLINDRICAL_SURFACE ( 'NONE', #178, 2.600000000000000089 ) ;
#2204 = CARTESIAN_POINT ( 'NONE',  ( 11.99999999999999822, 0.000000000000000000, 0.000000000000000000 ) ) ;
#2205 = FACE_OUTER_BOUND ( 'NONE', #1170, .T. ) ;
#2206 = EDGE_CURVE ( 'NONE', #2027, #1940, #616, .T. ) ;
#2207 = ORIENTED_EDGE ( 'NONE', *, *, #1692, .F. ) ;
#2208 = AXIS2_PLACEMENT_3D ( 'NONE', #1913, #1161, #1681 ) ;
#2209 = CARTESIAN_POINT ( 'NONE',  ( 0.000000000000000000, 0.000000000000000000, 0.000000000000000000 ) ) ;
#2210 = DIRECTION ( 'NONE',  ( 0.000000000000000000, -0.8229838658936495799, -0.5680647467311658039 ) ) ;
#2211 = ORIENTED_EDGE ( 'NONE', *, *, #1501, .T. ) ;
#2212 = CARTESIAN_POINT ( 'NONE',  ( 0.000000000000000000, -4.100967580332667950, -6.279495593203357373 ) ) ;
#2213 = AXIS2_PLACEMENT_3D ( 'NONE', #1414, #1004, #1581 ) ;
#2214 = LINE ( 'NONE', #2054, #1298 ) ;
#2215 = DIRECTION ( 'NONE',  ( -1.000000000000000000, 0.000000000000000000, 0.000000000000000000 ) ) ;
#2216 = DIRECTION ( 'NONE',  ( -1.000000000000000000, -0.000000000000000000, -0.000000000000000000 ) ) ;
#2217 = ORIENTED_EDGE ( 'NONE', *, *, #796, .T. ) ;
#2218 = FACE_OUTER_BOUND ( 'NONE', #1536, .T. ) ;
#2219 = CARTESIAN_POINT ( 'NONE',  ( 5.999999999999998224, 7.233694121956649958, -1.980825421376096740 ) ) ;
#2220 = VECTOR ( 'NONE', #1202, 1000.000000000000000 ) ;
#2221 = ORIENTED_EDGE ( 'NONE', *, *, #1186, .F. ) ;
#2222 = EDGE_CURVE ( 'NONE', #1723, #1881, #1508, .T. ) ;
#2223 = AXIS2_PLACEMENT_3D ( 'NONE', #1800, #325, #2155 ) ;
#2224 = DIRECTION ( 'NONE',  ( 0.000000000000000000, 0.9927088740980543058, -0.1205366802553197586 ) ) ;
#2225 = DIRECTION ( 'NONE',  ( 0.000000000000000000, 0.000000000000000000, 1.000000000000000000 ) ) ;
#2226 = CARTESIAN_POINT ( 'NONE',  ( 0.000000000000000000, 1.090149711768812146, -6.009930322196014529 ) ) ;
#2227 = DIRECTION ( 'NONE',  ( 0.000000000000000000, 0.6631226582407911962, 0.7485107481711046340 ) ) ;
#2228 = AXIS2_PLACEMENT_3D ( 'NONE', #1368, #2261, #1899 ) ;
#2229 = AXIS2_PLACEMENT_3D ( 'NONE', #2305, #670, #1243 ) ;
#2230 = ORIENTED_EDGE ( 'NONE', *, *, #2340, .F. ) ;
#2231 = CARTESIAN_POINT ( 'NONE',  ( 11.99999999999999822, 5.739393982264541449, 4.827976461867389268 ) ) ;
#2232 = AXIS2_PLACEMENT_3D ( 'NONE', #1227, #150, #1620 ) ;
#2233 = LINE ( 'NONE', #598, #819 ) ;
#2234 = AXIS2_PLACEMENT_3D ( 'NONE', #2361, #569, #1464 ) ;
#2235 = EDGE_LOOP ( 'NONE', ( #1896, #415, #2186, #666 ) ) ;
#2236 = ADVANCED_FACE ( 'NONE', ( #984 ), #2254, .T. ) ;
#2237 = ADVANCED_FACE ( 'NONE', ( #1713 ), #1189, .T. ) ;
#2238 = EDGE_CURVE ( 'NONE', #959, #2360, #92, .T. ) ;
#2239 = CARTESIAN_POINT ( 'NONE',  ( 0.000000000000000000, 0.08273200746561956698, 5.248347970070269319 ) ) ;
#2240 = EDGE_CURVE ( 'NONE', #1160, #716, #461, .T. ) ;
#2241 = ADVANCED_FACE ( 'NONE', ( #50, #71 ), #2244, .F. ) ;
#2242 = CARTESIAN_POINT ( 'NONE',  ( 0.000000000000000000, 5.220053845774029533, 0.5504896431539503254 ) ) ;
#2243 = CYLINDRICAL_SURFACE ( 'NONE', #1518, 2.600000000000000533 ) ;
#2244 = PLANE ( 'NONE',  #76 ) ;
#2245 = ORIENTED_EDGE ( 'NONE', *, *, #1919, .F. ) ;
#2246 = DIRECTION ( 'NONE',  ( -1.000000000000000000, 0.000000000000000000, 0.000000000000000000 ) ) ;
#2247 = DIRECTION ( 'NONE',  ( -1.000000000000000000, 0.000000000000000000, 0.000000000000000000 ) ) ;
#2248 = ORIENTED_EDGE ( 'NONE', *, *, #1806, .T. ) ;
#2249 = CIRCLE ( 'NONE', #1030, 5.249000000000000554 ) ;
#2250 = CARTESIAN_POINT ( 'NONE',  ( 11.99999999999999822, -3.542224254091444813, -3.873583397027396735 ) ) ;
#2251 = AXIS2_PLACEMENT_3D ( 'NONE', #1994, #932, #1813 ) ;
#2252 = CARTESIAN_POINT ( 'NONE',  ( 0.000000000000000000, -6.005954884062090215, 1.111842975573189563 ) ) ;
#2253 = DIRECTION ( 'NONE',  ( -1.000000000000000000, 0.000000000000000000, 0.000000000000000000 ) ) ;
#2254 = CYLINDRICAL_SURFACE ( 'NONE', #929, 5.249000000000000554 ) ;
#2255 = ORIENTED_EDGE ( 'NONE', *, *, #544, .F. ) ;
#2256 = CARTESIAN_POINT ( 'NONE',  ( 27.00000000000000000, 2.828427124746189847, 2.828427124746189847 ) ) ;
#2257 = DIRECTION ( 'NONE',  ( 1.000000000000000000, -0.000000000000000000, -0.000000000000000000 ) ) ;
#2258 = ORIENTED_EDGE ( 'NONE', *, *, #1718, .T. ) ;
#2259 = AXIS2_PLACEMENT_3D ( 'NONE', #559, #1313, #1511 ) ;
#2260 = EDGE_CURVE ( 'NONE', #1680, #448, #1938, .T. ) ;
#2261 = DIRECTION ( 'NONE',  ( -1.000000000000000000, -0.000000000000000000, 0.000000000000000000 ) ) ;
#2262 = DIRECTION ( 'NONE',  ( -1.000000000000000000, 0.000000000000000000, -0.000000000000000000 ) ) ;
#2263 = CARTESIAN_POINT ( 'NONE',  ( 20.00000000000000000, 0.000000000000000000, 4.000000000000000000 ) ) ;
#2264 = DIRECTION ( 'NONE',  ( -1.000000000000000000, -0.000000000000000000, 0.000000000000000000 ) ) ;
#2265 = ORIENTED_EDGE ( 'NONE', *, *, #1401, .T. ) ;
#2266 = DIRECTION ( 'NONE',  ( -1.000000000000000000, 0.000000000000000000, -0.000000000000000000 ) ) ;
#2267 = VECTOR ( 'NONE', #281, 1000.000000000000000 ) ;
#2268 = CARTESIAN_POINT ( 'NONE',  ( 0.000000000000000000, 0.000000000000000000, 0.000000000000000000 ) ) ;
#2269 = EDGE_CURVE ( 'NONE', #2315, #1173, #810, .T. ) ;
#2270 = ORIENTED_EDGE ( 'NONE', *, *, #2124, .F. ) ;
#2271 = AXIS2_PLACEMENT_3D ( 'NONE', #762, #1700, #946 ) ;
#2272 = CARTESIAN_POINT ( 'NONE',  ( 0.000000000000000000, -4.272308565096042621, 3.049488567712131726 ) ) ;
#2273 = DIRECTION ( 'NONE',  ( 0.000000000000000000, 0.9927088740980544168, -0.1205366802553199251 ) ) ;
#2274 = DIRECTION ( 'NONE',  ( -1.000000000000000000, -0.000000000000000000, 0.000000000000000000 ) ) ;
#2275 = DIRECTION ( 'NONE',  ( 1.000000000000000000, 0.000000000000000000, 0.000000000000000000 ) ) ;
#2276 = VERTEX_POINT ( 'NONE', #2100 ) ;
#2277 = ORIENTED_EDGE ( 'NONE', *, *, #1076, .T. ) ;
#2278 = CARTESIAN_POINT ( 'NONE',  ( 0.000000000000000000, -7.497538669031037273, -0.1921299205857273096 ) ) ;
#2279 = LINE ( 'NONE', #249, #1089 ) ;
#2280 = EDGE_CURVE ( 'NONE', #1803, #692, #966, .T. ) ;
#2281 = EDGE_LOOP ( 'NONE', ( #2138, #1459 ) ) ;
#2282 = AXIS2_PLACEMENT_3D ( 'NONE', #11, #930, #590 ) ;
#2283 = ORIENTED_EDGE ( 'NONE', *, *, #857, .T. ) ;
#2284 = CARTESIAN_POINT ( 'NONE',  ( 5.999999999999999112, -7.497538669031037273, -0.1921299205857273096 ) ) ;
#2285 = CIRCLE ( 'NONE', #994, 5.248999999999999666 ) ;
#2286 = LINE ( 'NONE', #1176, #1757 ) ;
#2287 = DIRECTION ( 'NONE',  ( -1.000000000000000000, -0.000000000000000000, -0.000000000000000000 ) ) ;
#2288 = CARTESIAN_POINT ( 'NONE',  ( 11.99999999999999822, -1.827674251943241845, 5.828146849600174484 ) ) ;
#2289 = ORIENTED_EDGE ( 'NONE', *, *, #1824, .T. ) ;
#2290 = CYLINDRICAL_SURFACE ( 'NONE', #170, 2.600000000000000089 ) ;
#2291 = DIRECTION ( 'NONE',  ( 0.000000000000000000, 0.000000000000000000, 1.000000000000000000 ) ) ;
#2292 = EDGE_LOOP ( 'NONE', ( #786, #1419, #2277, #1041 ) ) ;
#2293 = CIRCLE ( 'NONE', #1580, 2.600000000000000089 ) ;
#2294 = EDGE_LOOP ( 'NONE', ( #100, #1874, #2207, #500 ) ) ;
#2295 = CYLINDRICAL_SURFACE ( 'NONE', #1738, 7.499999999999999112 ) ;
#2296 = AXIS2_PLACEMENT_3D ( 'NONE', #752, #210, #1134 ) ;
#2297 = EDGE_CURVE ( 'NONE', #617, #672, #1007, .T. ) ;
#2298 = CARTESIAN_POINT ( 'NONE',  ( 5.999999999999999112, -6.549453565922359388, -3.654402548683829188 ) ) ;
#2299 = EDGE_CURVE ( 'NONE', #1053, #2189, #2331, .T. ) ;
#2300 = CYLINDRICAL_SURFACE ( 'NONE', #1072, 5.249000000000000554 ) ;
#2301 = APPLICATION_PROTOCOL_DEFINITION ( 'draft international standard', 'automotive_design', 1998, #749 ) ;
#2302 = AXIS2_PLACEMENT_3D ( 'NONE', #374, #168, #908 ) ;
#2303 = ORIENTED_EDGE ( 'NONE', *, *, #1396, .F. ) ;
#2304 = DIRECTION ( 'NONE',  ( -1.000000000000000000, -0.000000000000000000, -0.000000000000000000 ) ) ;
#2305 = CARTESIAN_POINT ( 'NONE',  ( 11.99999999999999822, -5.834708136317082072, 1.806618342571547631 ) ) ;
#2306 = ORIENTED_EDGE ( 'NONE', *, *, #2280, .T. ) ;
#2307 = CIRCLE ( 'NONE', #1400, 5.248999999999999666 ) ;
#2308 = ORIENTED_EDGE ( 'NONE', *, *, #898, .F. ) ;
#2309 = CARTESIAN_POINT ( 'NONE',  ( 0.000000000000000000, 0.000000000000000000, 0.000000000000000000 ) ) ;
#2310 = EDGE_CURVE ( 'NONE', #1449, #861, #1922, .T. ) ;
#2311 = CARTESIAN_POINT ( 'NONE',  ( 11.99999999999999822, 2.479019256375411207, -7.078450644492754407 ) ) ;
#2312 = CARTESIAN_POINT ( 'NONE',  ( 11.99999999999999822, 4.366302838831076727, 2.913314353037735227 ) ) ;
#2313 = CARTESIAN_POINT ( 'NONE',  ( 20.00000000000000000, 0.000000000000000000, 0.000000000000000000 ) ) ;
#2314 = EDGE_CURVE ( 'NONE', #489, #2140, #275, .T. ) ;
#2315 = VERTEX_POINT ( 'NONE', #1387 ) ;
#2316 = DIRECTION ( 'NONE',  ( 0.000000000000000000, 0.000000000000000000, -1.000000000000000000 ) ) ;
#2317 = CARTESIAN_POINT ( 'NONE',  ( 0.000000000000000000, -1.336339846557634381, 5.076041451219869494 ) ) ;
#2318 = ORIENTED_EDGE ( 'NONE', *, *, #276, .F. ) ;
#2319 = EDGE_LOOP ( 'NONE', ( #1885, #1972, #887, #1286 ) ) ;
#2320 = CIRCLE ( 'NONE', #1335, 5.249000000000000554 ) ;
#2321 = DIRECTION ( 'NONE',  ( -1.000000000000000000, -0.000000000000000000, 0.000000000000000000 ) ) ;
#2322 = FACE_OUTER_BOUND ( 'NONE', #270, .T. ) ;
#2323 = AXIS2_PLACEMENT_3D ( 'NONE', #1311, #1857, #2225 ) ;
#2324 = EDGE_LOOP ( 'NONE', ( #171, #2011, #1753, #2289 ) ) ;
#2325 = DIRECTION ( 'NONE',  ( 0.000000000000000000, 0.000000000000000000, 1.000000000000000000 ) ) ;
#2326 = CARTESIAN_POINT ( 'NONE',  ( 0.000000000000000000, 0.000000000000000000, 0.000000000000000000 ) ) ;
#2327 = VERTEX_POINT ( 'NONE', #420 ) ;
#2328 = AXIS2_PLACEMENT_3D ( 'NONE', #992, #1721, #70 ) ;
#2329 = ORIENTED_EDGE ( 'NONE', *, *, #2094, .T. ) ;
#2330 = DIRECTION ( 'NONE',  ( -1.000000000000000000, 0.000000000000000000, 0.000000000000000000 ) ) ;
#2331 = CIRCLE ( 'NONE', #1807, 2.600000000000000533 ) ;
#2332 = DIRECTION ( 'NONE',  ( -1.000000000000000000, 0.000000000000000000, -0.000000000000000000 ) ) ;
#2333 = FACE_OUTER_BOUND ( 'NONE', #1598, .T. ) ;
#2334 = ORIENTED_EDGE ( 'NONE', *, *, #1397, .T. ) ;
#2335 = ORIENTED_EDGE ( 'NONE', *, *, #2003, .T. ) ;
#2336 = LINE ( 'NONE', #700, #1358 ) ;
#2337 = DIRECTION ( 'NONE',  ( -1.000000000000000000, 0.000000000000000000, 0.000000000000000000 ) ) ;
#2338 = ORIENTED_EDGE ( 'NONE', *, *, #1325, .T. ) ;
#2339 = ADVANCED_FACE ( 'NONE', ( #1215 ), #105, .T. ) ;
#2340 = EDGE_CURVE ( 'NONE', #793, #874, #2293, .T. ) ;
#2341 = ORIENTED_EDGE ( 'NONE', *, *, #2260, .F. ) ;
#2342 = AXIS2_PLACEMENT_3D ( 'NONE', #2021, #943, #20 ) ;
#2343 = CIRCLE ( 'NONE', #1356, 5.249000000000000554 ) ;
#2344 = VECTOR ( 'NONE', #347, 1000.000000000000000 ) ;
#2345 = DIRECTION ( 'NONE',  ( 0.000000000000000000, 0.8229838658936575735, -0.5680647467311540355 ) ) ;
#2346 = FACE_OUTER_BOUND ( 'NONE', #1354, .T. ) ;
#2347 = ORIENTED_EDGE ( 'NONE', *, *, #1248, .T. ) ;
#2348 = CIRCLE ( 'NONE', #2271, 5.248999999999999666 ) ;
#2349 = VERTEX_POINT ( 'NONE', #153 ) ;
#2350 = FACE_OUTER_BOUND ( 'NONE', #1264, .T. ) ;
#2351 = LINE ( 'NONE', #2136, #621 ) ;
#2352 = ORIENTED_EDGE ( 'NONE', *, *, #2299, .T. ) ;
#2353 = DIRECTION ( 'NONE',  ( 0.000000000000000000, 0.000000000000000000, 1.000000000000000000 ) ) ;
#2354 = ADVANCED_FACE ( 'NONE', ( #302 ), #313, .T. ) ;
#2355 = EDGE_CURVE ( 'NONE', #1607, #1881, #847, .T. ) ;
#2356 = VERTEX_POINT ( 'NONE', #507 ) ;
#2357 = CARTESIAN_POINT ( 'NONE',  ( 11.99999999999999822, -2.365773362115714651, 4.685628815762480137 ) ) ;
#2358 = DIRECTION ( 'NONE',  ( -1.000000000000000000, 0.000000000000000000, -0.000000000000000000 ) ) ;
#2359 = ORIENTED_EDGE ( 'NONE', *, *, #527, .T. ) ;
#2360 = VERTEX_POINT ( 'NONE', #1592 ) ;
#2361 = CARTESIAN_POINT ( 'NONE',  ( 23.31370849898476294, 0.000000000000000000, 0.000000000000000000 ) ) ;
#2362 = DIRECTION ( 'NONE',  ( -1.000000000000000000, -0.000000000000000000, 0.000000000000000000 ) ) ;
#2363 = AXIS2_PLACEMENT_3D ( 'NONE', #766, #775, #960 ) ;
#2364 = ORIENTED_EDGE ( 'NONE', *, *, #218, .F. ) ;
#2365 = DIRECTION ( 'NONE',  ( -1.000000000000000000, -0.000000000000000000, 0.000000000000000000 ) ) ;
#2366 = AXIS2_PLACEMENT_3D ( 'NONE', #455, #2088, #288 ) ;
#2367 = ORIENTED_EDGE ( 'NONE', *, *, #1290, .F. ) ;
#2368 = DIRECTION ( 'NONE',  ( 0.000000000000000000, 0.9350162426854132791, 0.3546048870425395627 ) ) ;
#2369 = FACE_OUTER_BOUND ( 'NONE', #2292, .T. ) ;
#2370 = ORIENTED_EDGE ( 'NONE', *, *, #1094, .T. ) ;
#2371 = ADVANCED_FACE ( 'NONE', ( #2333 ), #141, .T. ) ;
ENDSEC;
END-ISO-10303-21;
